pool,id,year,page,source,stage,word_count,text
en_to_zh,s0435,2024,12,阅读B,,23,"Stealing artifacts from other peoples' cultures is obscene; it robs not only the physical objects, but the dignity and spirit of their creators."
en_to_zh,s0674,2026,11,翻译C,,16,"In your essay, you should 1) describe the charts briefly, 2) interpret the charts, and 3) give your comments."
en_to_zh,s0375,2024,3,阅读A,,21,"Roman lamps and Roman chariots are very different from LED strips and sports cars, but Roman nails are still clearly nails."
en_to_zh,s0607,2026,7,阅读A,,25,A woman says there have been fewer street fights since the arrival of the wireless but also less stopping and talking on the brush handle.
en_to_zh,s0398,2024,7,阅读A,,20,"But these open-source programs are built by scraping images from the internet, often without permission and proper attribution to artists."
en_to_zh,s0658,2026,10,阅读B,,24,"We are living through a golden age of science writing, so lucid and accessible that even lay readers can relish the unpredictability of discovery."
en_to_zh,s0553,2025,13,翻译C,,16,"In the information era, large data sets, small teams and financial restrictions have slowed scientific process."
en_to_zh,s0593,2026,5,阅读A,,24,"Other regions in the United States, Canada and Europe have steadily increased incentives to attract TV shows and movies, leaving California in the dust."
en_to_zh,s0370,2024,3,阅读A,,17,The Romans buried the nails so deep that they would not be discovered for almost two millennia.
en_to_zh,s0448,2024,13,阅读B,,24,"When finding their way to waterholes, they headed off in exactly the right direction, on one occasion from a distance of roughly thirty miles."
en_to_zh,s0609,2026,7,阅读A,,24,"True: for more than 80 pre-digital years, linear speech broadcasting brought the gift of serendipity, random enlivening of a car journey or dull manual task."
en_to_zh,s0541,2025,12,阅读B,,16,"That makes it sound easy, and artificial, but Peters insists it is still a massive challenge."
en_to_zh,s0625,2026,8,阅读A,,24,"This deficit is a testament to the effectiveness of modern firefighting, said Kelly Martin, a past president of the International Association of Wildland Fire."
en_to_zh,s0623,2026,8,阅读A,,24,"In the study, the researchers compared the historical fire cadence with the wildfires recorded over the past few decades, and uncovered a striking shortfall."
en_to_zh,s0649,2026,10,阅读B,,20,"Some are drawn to what I think of as business car crash books — the stories of Theranos, Purdue, or WeWork."
en_to_zh,s0433,2024,11,阅读B,,22,"Artifacts in museums have the power to inspire, and perhaps spark that need to learn and understand the nature of their creators."
en_to_zh,s0557,2025,13,翻译C,,17,"They've implored citizens to help with bug counting and categorising cancer cells, and even identifying distant galaxies."
en_to_zh,s0461,2024,14,翻译C,,15,"Their well-developed hippocampal structures may enable elephants, like rats and people, to construct cognitive maps."
en_to_zh,s0650,2026,10,阅读B,,20,"But outside those narrow pools of interest, a vast ocean awaits, bountiful with simmering ideas, mental adventure and imaginative refreshment."
en_to_zh,s0355,2023,12,翻译C,,19,At the same time Al can also be used to generate content for social media posts and chat sites.
en_to_zh,s0659,2026,10,阅读B,,21,"Stand in the shoes of scientists and witness the degree to which breakthroughs emerge from accidents, conflict and sheer mental stamina."
en_to_zh,s0340,2023,10,阅读B,,20,"Two centuries ago, the idea of preserving nature, rather than exploiting it, was a novel one to many US settlers."
en_to_zh,s0424,2024,11,阅读B,,25,They cannot be compared to works of art produced for sale which can be passed from hand to hand and place to place by purchase.
en_to_zh,s0210,2022,6,阅读A,,20,"Light was something that both artists and scientists had an interest in, and therefore could form the basis of collaboration."
en_to_zh,s0126,2021,10,阅读A,,23,Yet the FCC also ended the investigations of broadband providers that imposed data caps on their rivals' streaming services but not their own.
en_to_zh,s0270,2022,11,翻译C,,18,"What was more, many original French dispatches had been preserved in this collection, which I realized was priceless."
en_to_zh,s0032,2020,8,阅读A,,25,But all too often such policies are an insincere form of virtue-signaling that benefits only the most privileged and does little to help average people.
en_to_zh,s0291,2023,5,阅读A,,19,"However, short-term rentals also provide housing for tourists, pointed out Ryan Castle, CEO of a local association of realtors."
en_to_zh,s0655,2026,10,阅读B,,17,"It is undoubtedly true that all work and no play really does make Jack, or Jill, dull."
en_to_zh,s0289,2023,4,阅读A,,26,"We are at a crisis level on the supply of rental housing, said Nick Taylor, executive director of the Workforce Housing Coalition of the Greater Seacoast."
en_to_zh,s0603,2026,6,阅读A,,24,"Opening this week, a book and exhibition curated by Beatty Rubens at the Bodleian in Oxford records how radio changed everyday life from 1922 to 1939."
en_to_zh,s0427,2024,11,阅读B,,22,The context of any exhibit is more important to me than whether the object being displayed is 2000 years old or 2 months old.
en_to_zh,s0103,2021,6,阅读A,,22,"In fact, poverty alleviation and environmental protection are often viewed as conflicting goals, says Paul Ferraro, an economist at Johns Hopkins University."
en_to_zh,s0564,2025,13,翻译C,,17,So is it time to take the Petri dish out of the laboratory and into the garage?
en_to_zh,s0560,2025,13,翻译C,,17,The rise of citizen science has grown alongside the rise of do-it-yourself biology laboratories around the world.
en_to_zh,s0413,2024,9,阅读A,,23,"This narrowing of the regulatory scope was a victory for builders, mining operators and other commercial interests often at odds with environmental rules."
en_to_zh,s0444,2024,13,阅读B,,16,"The African savanna elephant, also known as the African bush elephant, is distributed across 37 African countries."
en_to_zh,s0105,2021,6,阅读A,,22,"There, as people got more money, some of them may have more cleared land for cattle to raise for meat, Ferraro says."
en_to_zh,s0582,2026,4,阅读A,,22,"Looking at these DNA sequences, we get a biological testimony to the environment these animals lived in and the experiences they survived."
en_to_zh,s0590,2026,4,阅读A,,22,"The animals could benefit from more research: Currently, there are no published genomes from donkeys located south of the Equator in Africa."
en_to_zh,s0127,2021,10,阅读A,,24,"On Tuesday, the appeals court unanimously upheld the 2017 order deregulating broadband providers, citing a Supreme Court ruling from 2005 that upheld a similarly deregulatory move."
en_to_zh,s0272,2022,11,翻译C,,22,"His tale of self-improvement and hard work would make a fascinating biography in its own right, but represents something more than that."
en_to_zh,s0670,2026,11,翻译C,,16,Science-based analytical approaches proved remarkably successful in the hunt for German submarines in the Atlantic Ocean.
en_to_zh,s0296,2023,5,阅读A,,29,"The bill requires every rental host to register with the state, mandates they carry insurance, and opens the potential for local taxes on top of a new state levy."
en_to_zh,s0205,2022,6,阅读A,,24,"Fewer artists than scientists responded to the Nature poll, however, several respondents noted that artists do not simply assist scientists with their communication requirements."
en_to_zh,s0188,2022,4,阅读A,,23,"Today, 28 per cent of graduates in the UK are in non-graduate roles, a percentage which is double the average among the OECD countries."
en_to_zh,s0292,2023,5,阅读A,,19,"Short-term rentals themselves are not the crux of the issue, said Keren Hom, an expert on affordable housing policy."
en_to_zh,s0096,2021,4,阅读A,,25,"The Government has pledged to change the law to introduce a minimum service requirement so that, even when strikes occur, services can continue to operate."
en_to_zh,s0298,2023,6,阅读A,,22,"Both of these books are published next week by Penguin Random House (PRH), a company currently involved in a stand-off with Waterstones."
en_to_zh,s0401,2024,7,阅读A,,16,Rutkowski was initially surprised but thought it might be a good way to reach new audiences.
en_to_zh,s0397,2024,7,阅读A,,19,"The tool, along with other popular image-generation AI models, allows anyone to create impressive images based on text prompts."
en_to_zh,s0035,2020,8,阅读A,,17,"In order to ensure that elite women have more such opportunities, they have proposed imposing government quotas."
en_to_zh,s0207,2022,6,阅读A,,15,Such an approach can both prompt new research as well as result in powerful art.
en_to_zh,s0387,2024,5,阅读A,,21,"Another measure could be encouraging friendships between children in different school years, to mirror the unsupervised mixed-age playgroups in hunter-gatherer communities."
en_to_zh,s0443,2024,12,阅读B,,25,What intrinsic factors make the West a suitable home for these artifacts but preclude them from being preserved and displayed by their countries of origin?
en_to_zh,s0604,2026,6,阅读A,,18,"She draws on letters, diaries and fiction, and a 1939 field notebook of verbatim audience research by Winifred Gill."
en_to_zh,s0080,2020,15,翻译C,,19,This very fact embodied the new ways of thinking that swept through Europe during most of the 17th century.
en_to_zh,s0404,2024,7,阅读A,,23,Other artists besides Rutkowski have been surprised by the apparent popularity of their work in text-to-image generators—and some are now fighting back.
en_to_zh,s0111,2021,6,阅读A,,24,"Ferraro suggests the results may transfer to other parts of Asia, due to commonalities such as the importance of growing rice and market access."
en_to_zh,s0381,2024,5,阅读A,,20,"Parenting tips obtained from hunter-gatherers in Africa may be the key to bringing up more contented children, researchers have suggested."
en_to_zh,s0352,2023,11,阅读B,,16,"Perhaps most importantly, these images provided documentary evidence that later made its way to government officials."
en_to_zh,s0246,2022,9,阅读B,,20,"These are mostly students who had no opportunity as children to travel to wilderness areas, wildlife refuges or national parks."
en_to_zh,s0614,2026,7,阅读A,,20,"Some will say the audiobook boom revives it, though I suppose you can then worry about the decline of reading."
en_to_zh,s0326,2023,8,阅读A,,20,"In fact, a listing in Scopus seems to be a criterion to be targeted in this type of citation manipulation."
en_to_zh,s0451,2024,13,阅读B,,20,"Although the cues used by African elephants for long-distance navigation are not yet understood, smell may well play a part."
en_to_zh,s0436,2024,12,阅读B,,18,Ancient art that is displayed in foreign countries by all means should be returned to the original country.
en_to_zh,s0586,2026,4,阅读A,,20,"They then traced how the animals spread across the rest of the continent into Europe and Asia about 2,500 years later."
en_to_zh,s0501,2025,7,阅读A,,28,"In 2017 the association formed the Alliance for Creativity and Entertainment (ACE), an enforcement task force of about 100 detectives circling the globe to help local authorities arrest streaming pirates."
en_to_zh,s0599,2026,6,阅读A,,22,These agencies and other government bodies should dramatically improve incentives to keep our current shows and attract new productions to Los Angeles.
en_to_zh,s0345,2023,10,阅读B,,19,"While veterans of previous expeditions had written at length about stunning sights, these vivid photographs were another thing entirely."
en_to_zh,s0079,2020,15,翻译C,,17,It was with these great revelations that a new kind of philosophy founded in reason was born.
en_to_zh,s0406,2024,7,阅读A,,19,"There is a coalition growing within artist industries to figure out how to tackle or mitigate this, says Ortiz."
en_to_zh,s0271,2022,11,翻译C,,29,"There may have been many spies and intelligence officers during the Napoleonic Wars, but it is usually extremely difficult to find the material they actually provided or worked on."
en_to_zh,s0019,2020,6,阅读A,,25,"Scientific publishers routinely report profit margins approaching 40% on their operations, at a time when the rest of the publishing industry is in an existential crisis."
en_to_zh,s0037,2020,8,阅读A,,25,"The bills are similar to a measure recently adopted in California, which last year became the first state to require gender quotas for private companies."
en_to_zh,s0419,2024,9,阅读A,,27,And so we would call on state lawmakers from Richmond to Albany to consider reviewing their own wetlands protections and see for themselves the enormous stakes involved.
en_to_zh,s0156,2021,14,翻译C,,22,"For example, a high growth rate placed great strains on the existing structures of governance, of administration, and above all of socialization."
en_to_zh,s0480,2025,5,阅读A,,16,"The crisis is here, they said, and we need to cut back on our energy-intensive modelling."
en_to_zh,s0423,2024,11,阅读B,,17,They serve no purpose in a museum in the United States or elsewhere except as curious objects.
en_to_zh,s0295,2023,5,阅读A,,18,"At the end of 2018, Governor Charlie Baker of Massachusetts signed a bill to rein in those potential investor-buyers."
en_to_zh,s0396,2024,7,阅读A,,21,His distinctive style is now one of the most commonly used prompts in the new open-source AI art generator Stable Diffusion.
en_to_zh,s0546,2025,12,阅读B,,16,It swiftly became an obsession as he recovered from a successful operation to remove the cancer.
en_to_zh,s0438,2024,12,阅读B,,16,I would ask that the foreign nations and the original country discuss the terms of transfer.
en_to_zh,s0057,2020,10,阅读A,,22,"In other words, they all share a view that the international tax system has failed to keep up with the current economy."
en_to_zh,s0621,2026,8,阅读A,,18,"In 2022, Swetnam and other scientists teamed up to compile a database of fire-scarred trees from across the continent."
en_to_zh,s0104,2021,6,阅读A,,20,"The only previous study analyzing causality, based on an area in Mexico that had instituted CCTs, supported the traditional view."
en_to_zh,s0520,2025,9,阅读A,,18,"Have you ever stared helplessly at a ZIP disk, thinking: how do I get the files off this?"
en_to_zh,s0220,2022,8,阅读A,,25,"As countless boards and business owners will attest, constraining firms from firing poorly performing, high-earning managers is a handbrake on boosting productivity and overall performance."
en_to_zh,s0011,2020,4,阅读A,,24,They transform the aspirations of the people who live there; they nudge the self-image of the city into a bolder and more optimistic light.
en_to_zh,s0318,2023,8,阅读A,,20,The advent of electronic publishing and authors' need to find outlets for their papers resulted in thousands of new journals.
en_to_zh,s0353,2023,12,翻译C,,39,"For example, AI can be used to analyse what type of advertising content or copy would be appropriate to speak to a specific target customer group by revealing information about trends and preferences through the analysis of big data."
en_to_zh,s0512,2025,9,阅读A,,15,"Libraries and archives have traditionally shouldered the responsibility of organization, preservation, and access to information."
en_to_zh,s0452,2024,13,阅读B,,17,"Elephants are very choosy eaters, but until recently little was known about how they selected their food."
en_to_zh,s0483,2025,5,阅读A,,19,The carbon emissions from technological research are well spent: ultimately this research will safeguard the future of our planet.
en_to_zh,s0620,2026,8,阅读A,,17,"They rid the forest of dead and sick trees, reducing competition and curbing the spread of disease."
en_to_zh,s0219,2022,8,阅读A,,15,But these provisions create difficulties for businesses when applied to highly paid managers and executives.
en_to_zh,s0610,2026,7,阅读A,,36,"In my own book about radio I recorded how, on one drive: I caught up with the news, learnt some 17th-century history, and was startlingly educated by an unpretentious programme on the history of the stethoscope."
en_to_zh,s0117,2021,8,阅读A,,27,"The thought of holding a fixed grin as the camera performed its magical duties was too much to contemplate, and so non-committal blank stare became the norm."
en_to_zh,s0651,2026,10,阅读B,,19,Reading will keep you better informed about the world but it can also improve our tech-shattered ability to concentrate.
en_to_zh,s0718,2024,1,完形重建,,22,"They started out as a novelty feature, but as their use has grown, their benefits have extended within our technologically advanced world."
en_to_zh,s0320,2023,8,阅读A,,17,"In some instances, there is absolutely no relationship between the content of the article and the citations."
en_to_zh,s0310,2023,7,阅读A,,16,"After all, many of the most interesting books in recent years have come from small publishers."
en_to_zh,s0661,2026,10,阅读B,,36,"If, like most business people, you spend your life dashing from office to plane, train to home, boardroom to washroom, what you really need to do is stay in more, sit down — and read a book."
en_to_zh,s0190,2022,5,阅读A,,23,Employers have long seen the advantages of hiring school leavers who often prove themselves to be more committed and loyal employees than graduates.
en_to_zh,s0200,2022,6,阅读A,,28,"Nearly 40% of the roughly 350 people who responded to an accompanying poll said, they had collaborated with artists; and almost all said they would consider doing so in future."
en_to_zh,s0074,2020,15,翻译C,,22,"During the Renaissance, the great minds of Nicolaus Copernicus, Johannes Kepler and Galileo Galilei demonstrated the power of scientific study and discovery."
en_to_zh,s0343,2023,10,阅读B,,22,"The crude technique required educated guesses on exposure times, and involved heavy, awkward equipment—several men had to assist in its transportation."
en_to_zh,s0347,2023,10,阅读B,,24,"Over nearly four months, dozens of men made their way on horseback into Montana and traversed along the Yellowstone River and around Yellowstone Lake."
en_to_zh,s0192,2022,5,阅读A,,20,"For those for whom a degree is the desired route, consider that this may well be the first of many."
en_to_zh,s0380,2024,3,阅读A,,18,Solar panels had few niche uses until they became cheap; now they are transforming the global energy system.
en_to_zh,s0232,2022,8,阅读A,,20,"However, the mechanisms proposed were unwieldy and the Bill was voted down following the change in government later that year."
en_to_zh,s0669,2026,11,翻译C,,14,Battles increasingly depended on new military technologies such as radar and the proximity fuze.
en_to_zh,s0109,2021,6,阅读A,,17,"Typically, if rains are delayed, people may clear land to plant more rice to supplement their harvests."
en_to_zh,s0159,2021,14,翻译C,,35,High growth rates increased the chances for academic innovation; they also weakened the forms and processes by which teachers and students are admitted into a community of scholars during periods of stability or slow growth.
en_to_zh,s0613,2026,7,阅读A,,15,"A hundred years on from Marconi and Reith, is the art of mere listening endangered?"
en_to_zh,s0124,2021,10,阅读A,,21,"A federal appeals court weighed in again Tuesday, but instead of providing a badly needed resolution, it only prolonged the fight."
en_to_zh,s0081,2020,15,翻译C,,33,"As many took on the duty of trying to integrate reasoning and scientific philosophies into the world, the Renaissance was over and it was time for a new era - the Age of Reason."
en_to_zh,s0611,2026,7,阅读A,,15,"With multiple networks and countless podcasts, a smartphone user selects what to hear and when."
en_to_zh,s0431,2024,11,阅读B,,15,"When visiting the Baltimore Museum of Art, I came across a magnificent 15th-century Chinese sculpture."
en_to_zh,s0016,2020,6,阅读A,,29,"Other scientists perform the specialised work of peer review also for free, because it is a central element in the acquisition of status and the production of scientific knowledge."
en_to_zh,s0445,2024,13,阅读B,,15,"They move between a variety of habitats, including forests, grasslands, woodlands, wetlands and agricultural land."
en_to_zh,s0028,2020,6,阅读A,,27,A report last year pointed out that the costs both of subscriptions and of these article preparation costs had been steadily rising at a rate above inflation.
en_to_zh,s0026,2020,6,阅读A,,27,Publishers have responded to the demand that they make their product free to readers by charging their writers fees to cover the costs of preparing an article.
en_to_zh,s0368,2024,3,阅读A,,16,The nail hoard was discovered in 1960 in a four-metre-deep pit covered by two metres of gravel.
en_to_zh,s0377,2024,3,阅读A,,16,I make no apology for being obsessed by a particular feature of these objects: their price.
en_to_zh,s0113,2021,8,阅读A,,16,"People have been surprised to see evidence that Victorians had fun and could, and did, laugh."
en_to_zh,s0036,2020,8,阅读A,,22,"If the bills become law, state boards and commissions will be required to set aside 50 percent of board seats for women by 2022."
en_to_zh,s0622,2026,8,阅读A,,16,Their North American tree-ring fire-scar network (NAFSN) provided the basis for a study published last month.
en_to_zh,s0152,2021,14,翻译C,,26,"The growth of higher education manifests itself in at least three quite different ways, and these in turn have given rise to different sets of problems."
en_to_zh,s0015,2020,6,阅读A,,18,"Scientists need journals in which to publish their research, so they will supply the articles without monetary reward."
en_to_zh,s0178,2022,3,阅读A,,17,"She is proud that several sculptures have even gone on display again, albeit sometimes beneath protective cases."
en_to_zh,s0128,2021,10,阅读A,,39,"But Judge Patricia Millett rightly argued in a concurring opinion that the result is unhinged from the realities of modern broadband service, and said Congress or the Supreme Court could intervene to avoid trapping Internet regulation in technological anachronism."
en_to_zh,s0500,2025,7,阅读A,,32,Rivkin joined the MPA in 2017 after the organization failed five years earlier to build consensus between Hollywood and Silicon Valley to win passage of legislation in Congress aimed at stopping online piracy.
en_to_zh,s0136,2021,12,阅读B,,23,"One company in the UK, Phrasee, claims their software can outperform humans by up to 10 percent when it comes to email open rates."
en_to_zh,s0199,2022,6,阅读A,,28,These were some of the words that Nature readers used to describe their experience of art-science collaborations in a series of articles on partnerships between artists and researchers.
en_to_zh,s0454,2024,13,阅读B,,27,"The volatile chemicals produced by plants can be carried a long way, and they are very characteristic: Each plant or tree has its own particular odor signature."
en_to_zh,s0293,2023,5,阅读A,,15,I think individuals being able to rent out their second home is a good thing.
en_to_zh,s0328,2023,8,阅读A,,15,Red flags include a large number of citations to an article within the first year.
en_to_zh,s0154,2021,14,翻译C,,21,"And third, growth was reflected in changes in the proportion of the relevant age group enrolled in institutions of higher education."
en_to_zh,s0529,2025,11,阅读B,,25,His pictures of a Glanville fritillary rising from the sea-pinks beside the chalk cliffs of Compton Bay on the Isle of Wight are particularly glorious.
en_to_zh,s0088,2021,4,阅读A,,40,"It has become a grimly reliable annual ritual: every January the cost of travelling by train rises, imposing a significant extra burden on those who have no option but to use the rail network to get to work or otherwise."
en_to_zh,s0203,2022,6,阅读A,,17,"Artists help scientists reach a broader audience and make emotional connections that enhance learning, one respondent said."
en_to_zh,s0671,2026,11,翻译C,,12,"As a result, scientists — physicists in particular — found themselves in high demand."
en_to_zh,s0217,2022,7,阅读A,,19,The premise was that the common law of contract lacked sufficient safeguards for workers against arbitrary conduct by management.
en_to_zh,s0031,2020,8,阅读A,,18,Progressives often support diversity mandates as a path to equality and a way to level the playing field.
en_to_zh,s0177,2022,3,阅读A,,18,Van Oosten callsthose chemicals sunscreens because their goal was to prevent further lightdamage and rebuild worn polymer fibers.
en_to_zh,s0665,2026,10,阅读B,,19,"We are living through a golden age of translation too, so you can go anywhere in time or place."
en_to_zh,s0041,2020,8,阅读A,,20,"Female participation on corporate boards may not currently mirror the percentage of women in the general population, but so what?"
en_to_zh,s0547,2025,12,阅读B,,19,"In recent summers, he has travelled the length and breadth of Britain to photograph all 58 native species of butterfly."
en_to_zh,s0170,2022,3,阅读A,,23,"The variety of plastic objects at risk is dizzying: early radios, avant-garde sculptures, celluloid animation stills from Disney films, the first artificial heart."
en_to_zh,s0540,2025,11,阅读B,,17,"They were a symbol of fragile life, of hope and defiance, and something appealed to my soul."
en_to_zh,s0108,2021,6,阅读A,,15,"We see that the program is associated with a 30 percent reduction in deforestation, Ferraro says."
en_to_zh,s0141,2021,12,阅读B,,21,"Domingos says, Improved accuracy Machine learning often provides a more reliable form of statistics which makes data more valuable, says Winston."
en_to_zh,s0010,2020,4,阅读A,,31,The really successful holders of such titles are those that do a great deal more than fill hotel bedrooms and bring in high-profile arts events and good press for a year.
en_to_zh,s0225,2022,8,阅读A,,19,"Because employment protection laws make it costlier to fire an employee, employers are more cautious about hiring new staff."
en_to_zh,s0009,2020,4,阅读A,,29,"A badly run year of culture washes in and out of a place like the tide, bringing prominence for a spell but leaving no lasting benefits to the community."
en_to_zh,s0428,2024,11,阅读B,,21,In many cases the experts have a hard time agreeing on what is the real object and what is a forgery.
en_to_zh,s0196,2022,5,阅读A,,39,"It has been estimated that this generation, due to the pressures of technology, the wish for personal fulfilment and desire for diversity, will work for 17 different employers over the course of their working life and have five different careers."
en_to_zh,s0073,2020,15,翻译C,,21,It turned from God and the authority of the Roman Catholic Church and instead favoured a more humanistic approach to being.
en_to_zh,s0034,2020,8,阅读A,,17,Haddad and Lewis are concerned that more than half the state-government boards are less than 40 percent female.
en_to_zh,s0067,2020,13,阅读B,,24,"When we look at a face or a picture, our eyes pause on one spot at a time, often on the eyes or mouth."
en_to_zh,s0514,2025,9,阅读A,,14,"The result is an embarrassment of historical riches, which brings its own needle-and-haystack problems."
en_to_zh,s0668,2026,11,翻译C,,10,"As the war unfolded, science rapidly assumed a central role."
en_to_zh,s0138,2021,12,阅读B,,22,"Saving customers money Energy companies can use AI to help customers reduce their electricity bills, saving them money while helping the environment."
en_to_zh,s0150,2021,14,翻译C,,38,"But after the war, great social and political changes arising out of the successful war against Fascism created a growing demand in European and American economies for increasing numbers of graduates with more than a secondary school education."
en_to_zh,s0122,2021,10,阅读A,,34,"From the early days of broadband, advocates for consumers and web-based companies worried that the cable and phone companies selling broadband connections had the power and incentive to favor affiliated websites over their rivals'."
en_to_zh,s0182,2022,3,阅读A,,42,"Joana Lia Ferreira, an assistant professor of conservation and restoration at the NOVA School of Science and Technology, notes that archaeologists first defined the great material ages of human history—Stone Age, Iron Age, and so on—after examining artifacts in museums."
en_to_zh,s0227,2022,8,阅读A,,16,And firms pay staff less because firms carry the burden of the employment arrangement going wrong.
en_to_zh,s0065,2020,13,阅读B,,29,"With the use of eye-tracking technology, Minson of the Harvard Kennedy School of Government concluded that eye contact can signal very different kinds of messages, depending on the situation."
en_to_zh,s0218,2022,7,阅读A,,15,Long gone are the days when a boss could simply give an employee contractual notice.
en_to_zh,s0055,2020,10,阅读A,,20,"At the same time, the European Union, Spain, Britain and several other countries have all seriously contemplated digital services taxes."
en_to_zh,s0003,2020,4,阅读A,,26,"A group of Labour MPs, among them Yvette Cooper, are bringing in the new year with a call to institute a UK town of culture award."
en_to_zh,s0708,2023,1,完形重建,,26,"The term caravan was used to describe groups of people who travelled together across the ancient network for safety reasons, such as merchants, travellers or pilgrims."
en_to_zh,s0349,2023,10,阅读B,,32,"In addition to the entourage of scientists, the team also included artists: Painter Thomas Moran and photographer Jackson were charged with capturing this astounding natural beauty and sharing it with the world."
en_to_zh,s0245,2022,9,阅读B,,25,The zoology program at my university attracts students for whom zoo visits were the crucial formative experience that led them to major in biological sciences.
en_to_zh,s0341,2023,10,阅读B,,29,One of the turning points in public support for land conservation efforts—and recognizing the magnificence of the Yellowstone region in particular—came in the form of vivid photographs.
en_to_zh,s0059,2020,12,阅读B,,20,"In a social situation, eye contact with another person can show that you are paying attention in a friendly way."
en_to_zh,s0555,2025,13,翻译C,,13,"Anyone can be a citizen scientist, regardless of age, nationality or academic experience."
en_to_zh,s0013,2020,4,阅读A,,16,"Jeremy Wright, the culture secretary, should welcome this positive, hope-filled proposal, and tum it into action."
en_to_zh,s0195,2022,5,阅读A,,15,"When more and more of us have a degree, it makes sense to have two."
en_to_zh,s0120,2021,8,阅读A,,30,"A flashing set of healthy and clean, regular 'pearly whites' was a rare sight in Victorian society, the preserve of the super-rich (and even then, dental hygiene was not guaranteed)."
en_to_zh,s0090,2021,4,阅读A,,21,"Why, the argument goes, should a car-driving pensioner from Lincolnshire have to subsidise the daily commute of a stockbroker from Surrey?"
en_to_zh,s0064,2020,12,阅读B,,19,"This was also found in high-functioning men with some autistic spectrum symptoms, who may tend to avoid eye contact."
en_to_zh,s0605,2026,7,阅读A,,13,A cartoon mocks a group failing to converse because they're all in headphones.
en_to_zh,s0069,2020,13,阅读B,,21,How the whole image is then assembled and perceived is still a mystery although it is the subject of current research.
en_to_zh,s0600,2026,6,阅读A,,13,The pioneers of wireless saw it as a gift to all the people.
en_to_zh,s0005,2020,4,阅读A,,18,"A town of culture award could, it is argued, become an annual event, attracting funding and creating jobs."
en_to_zh,s0148,2021,13,阅读B,,33,"Before, they might not insure the ones who felt like a high risk or charge them too much, or they would charge them too little and then it would cost the company money."
en_to_zh,s0070,2020,13,阅读B,,35,"In people who score high in a test of neuroticism, a personality dimension associated with self-consciousness and anxiety, eye contact triggered more activity associated with avoidance, according to the Finnish researcher Jari Hietanen and colleagues."
en_to_zh,s0231,2022,8,阅读A,,22,"In New Zealand, a 2016 private members' Bill tried to permit firms and high-income employees to contract out of the unjustified dismissal regime."
en_to_zh,s0145,2021,13,阅读B,,15,"One accounting firm, BY, uses an AI system that helps review contracts during an audit."
en_to_zh,s0100,2021,5,阅读A,,21,"Called conditional cash transfers or CCTs, these social assistance programs are designed to reduce inequality and break the cycle of poverty."
en_to_zh,s0634,2026,9,阅读A,,11,I have yet to meet a chief executive who reads regularly.
en_to_zh,s0131,2021,12,阅读B,,28,A recent survey of manufacturing and service industries from Tata Consultancy Services found that companies currently use AI more often in computer-to-computer activities than in automating human activities.
en_to_zh,s0140,2021,12,阅读B,,15,"Insurance companies, meanwhile, can base their premiums on AI models that more accurately assess risk."
en_to_zh,s0213,2022,6,阅读A,,19,"Artists and scientists alike are immersed in discovery and invention, and challenge and critique are core to both, too."
en_to_zh,s0208,2022,6,阅读A,,27,"More than half a century ago, the Massachusetts Institute of Technology opened its Center for Advanced Visual Studies (CAVS) to explore the role of technology in culture."
en_to_zh,s0261,2022,10,阅读B,,21,"While animals in captivity deserve sympathy, zoos play a significant role in starting young people down the path of related sciences."
en_to_zh,s0519,2025,9,阅读A,,12,"As technology advances and a format becomes obsolete, the object is useless."
en_to_zh,s0043,2020,8,阅读A,,21,"According to a study by Catalyst, between 2010 and 2015 the share of women on the boards of global corporations increased by 54 percent."
zh_to_en,s0092,2021,4,阅读A,,18,"However, over the past 12 months, those commuters have also experienced some of the worst rail strikes in years."
zh_to_en,s0112,2021,8,阅读A,,20,"I've found quite a few, and—since I started posting them on Twitter—they have been causing quite a stir."
zh_to_en,s0430,2024,11,阅读B,,15,The monetary value of the objects on display is a distant second place in importance.
zh_to_en,s0552,2025,13,翻译C,,14,Citizen science provides an opportunity for greater public engagement and the democratisation of science.
zh_to_en,s0017,2020,6,阅读A,,19,"With the content of papers secured for free, the publisher needs only to find a market for its journal."
zh_to_en,s0263,2022,10,阅读B,,16,"For wild animals that cannot be returned to their natural habitats, zoos offer the best alternative."
zh_to_en,s0606,2026,7,阅读A,,10,People report that broadcast music made workmen whistle new tunes.
zh_to_en,s0102,2021,5,阅读A,,18,"In Indonesia, the program has provided enough food and medicine to substantially reduce severe growth problems among children."
zh_to_en,s0197,2022,5,阅读A,,22,Older generations often talk about their degree in the present and personal tense: 'I am a geographer' or 'I am a classicist'.
zh_to_en,s0510,2025,9,阅读A,,10,The thing itself is the medium that delivers the information.
zh_to_en,s0460,2024,14,翻译C,,12,Free-ranging elephants presumably also use this information to locate their preferred food.
zh_to_en,s0259,2022,10,阅读B,,17,Zoos which spare no effort to take care of animals should not be subjected to unfair criticism.
zh_to_en,s0044,2020,8,阅读A,,20,Requiring companies to make gender the primary qualification for board membership will inevitably lead to less experienced private sector boards.
zh_to_en,s0653,2026,10,阅读B,,14,"Different parts of our brain engage as we simulate scenes, characters and mental states."
zh_to_en,s0455,2024,13,阅读B,,14,"What is more, they can be detected even when they are not actually visible."
zh_to_en,s0474,2025,3,阅读A,,10,But could the results be replicated with any old dramatist?
zh_to_en,s0223,2022,8,阅读A,,19,Consequently—and paradoxically—laws introduced to protect the jobs of ordinary workers may be placing those jobs at risk.
zh_to_en,s0107,2021,6,阅读A,,18,Indonesia has the third-largest area of tropical forest in the world and one of the highest deforestation rates.
zh_to_en,s0447,2024,13,阅读B,,12,"Using tracking devices, researchers have shown that they have remarkable spatial acuity."
zh_to_en,s0134,2021,12,阅读B,,15,It uses analytics to help identify where there may be bias in the hiring process.
zh_to_en,s0212,2022,6,阅读A,,27,"The reach of art-science tie-ups needs to go beyond the necessary purpose of research communication, and participants must not fall into the trap of stereotyping each other."
zh_to_en,s0631,2026,9,阅读A,,12,"The negotiation, between you and it, is the heart of the matter."
zh_to_en,s0481,2025,5,阅读A,,14,"At the very least, we need to make our energy use far more sustainable."
zh_to_en,s0240,2022,9,阅读B,,17,They are profitable institutions whose bottom line is much more important than the condition of the animals.
zh_to_en,s0202,2022,6,阅读A,,16,Scientists are increasingly seeking out visual artists to help them communicate their work to new audiences.
zh_to_en,s0125,2021,10,阅读A,,28,"Court of Appeals for the District of Columbia Circuit was the latest take of the Federal Communications Commission (FCC) on net neutrality, adopted on a party-line vote in 2017."
zh_to_en,s0230,2022,8,阅读A,,28,"Across the Tasman Sea, Australia deals with the unjustified dismissal paradox by excluding employees earning above a specified high-income threshold from the protection of its unfair dismissal laws."
zh_to_en,s0386,2024,5,阅读A,,13,"The residents help to look after the children, an arrangement akin to alloparenting."
zh_to_en,s0053,2020,10,阅读A,,16,The French tax is not just a unilateral move by one country in need of revenue.
zh_to_en,s0390,2024,5,阅读A,,13,"Such narratives can lead to maternal exhaustion and have dangerous consequences, they wrote."
zh_to_en,s0033,2020,8,阅读A,,31,"A pair of bills sponsored by Massachusetts state Senator Jason Lewis and House Speaker Pro Tempore Patricia Haddad, to ensure gender parity on boards and commissions, provide a case in point."
zh_to_en,s0348,2023,10,阅读B,,10,"That fall, they concluded the survey in Fort Bridger, Wyoming."
zh_to_en,s0045,2020,8,阅读A,,13,That is exactly what happened when Norway adopted a nationwide corporate gender quota.
zh_to_en,s0229,2022,8,阅读A,,15,Stringent job dismissal regulations adversely affect productivity growth and hamper both prosperity and overall well-being.
zh_to_en,s0577,2026,4,阅读A,,13,"They've helped pull wheeled vehicles, carry travelers and move goods across the world."
zh_to_en,s0129,2021,10,阅读A,,15,The endless legal battles and back-and-forth at the FCC cry out for Congress to act.
zh_to_en,s0173,2022,3,阅读A,,15,He wanted viewers to walk around on the carpets—whichmeant they had to be durable.
zh_to_en,s0209,2022,6,阅读A,,15,The founders deliberately focused their projects around light—hence the visual studies in the name.
zh_to_en,s0093,2021,4,阅读A,,38,"It is all very well train operators trumpeting the improvements they are making to the network, but passengers should be able to expect a basic level of service for the substantial sums they are now paying to travel."
zh_to_en,s0216,2022,7,阅读A,,15,Personal grievance procedures were designed to guard the jobs of ordinary workers from unjustified dismissals.
zh_to_en,s0473,2025,3,阅读A,,12,"The study showed the importance of embedding arts in education, she said."
zh_to_en,s0482,2025,5,阅读A,,12,"However, this is a price we must pay for understanding the world."
zh_to_en,s0183,2022,3,阅读A,,35,"We now live in an age of plastic, she says, and what we decide to collect today, what we decide to preserve... will have a strong impact on how in the future we'll be seen."
zh_to_en,s0242,2022,9,阅读B,,18,"No matter how you enhance enclosures, they do not allow for freedom, a natural diet or adequate exercise."
zh_to_en,s0618,2026,8,阅读A,,14,Some of the trees he analyzed bore more than 20 fire scars among their rings.
zh_to_en,s0432,2024,11,阅读B,,12,It inspired me to learn more about the culture that it represented.
zh_to_en,s0391,2024,5,阅读A,,14,One previous study looked at the Efé people of the Democratic Republic of Congo.
zh_to_en,s0602,2026,6,阅读A,,14,Between two great wars this technological innovation built a new kind of national consciousness.
zh_to_en,s0535,2025,11,阅读B,,11,He uses a high-speed OM System which shoots 120 frames a second.
zh_to_en,s0049,2020,10,阅读A,,31,"Digital services include everything from providing a platform for selling goods and services online to targeting advertising based on user data, and the tax applies to gross revenue from such services."
zh_to_en,s0583,2026,4,阅读A,,13,The researchers examined 207 genomes from modern donkeys living in 31 countries across the globe.
zh_to_en,s0147,2021,13,阅读B,,19,"AI looks at resumes in greater numbers than humans would be able to, and selects the more promising candidates."
zh_to_en,s0313,2023,8,阅读A,,11,"Each year researchers publish millions of papers in more than 30,000 journals."
zh_to_en,s0709,2023,1,完形重建,,31,"From the 10th century onwards, as merchant and travel routes became more developed, the construction of caravanserais increased and they served as a safe place for people to rest at night."
zh_to_en,s0523,2025,9,阅读A,,13,Librarians are uniquely positioned to understand how end users seek and use information.
zh_to_en,s0305,2023,6,阅读A,,13,The sales for our May Books of the Month surpassed any month since 2018.
zh_to_en,s0058,2020,10,阅读A,,32,"In response to these many unilateral measures, the Organization for Economic Cooperation and Development (OECD) is currently working with 131 countries to reach a consensus by the end of 2020 on an international solution."
zh_to_en,s0469,2025,3,阅读A,,13,The target group were given a 30-minute drama-based activity to accompany the passage.
zh_to_en,s0339,2023,10,阅读B,,13,"The team included a meteorologist, a zoologist, a mineralogist, and an agricultural statistician."
zh_to_en,s0711,2023,1,完形重建,,16,Caravanserais served as an informal meeting point for the various people who travelled the Silk Road.
zh_to_en,s0260,2022,10,阅读B,,21,To pressure zoos to spend less on their animals would lead to inhumane outcomes for the precious creatures in their care.
zh_to_en,s0062,2020,12,阅读B,,18,"In adulthood, looking at someone else in a pleasant way can be a complimentary sign of paying attention."
zh_to_en,s0237,2022,9,阅读B,,20,Both the wildlife park and zoo claimed to be operating for the benefit of the animals and for conservation purposes.
zh_to_en,s0588,2026,4,阅读A,,12,Prehistoric humans may have tamed donkeys to help navigate the expanding Sahara.
zh_to_en,s0411,2024,9,阅读A,,12,Environmental Protection Agency (EPA) far less authority to regulate wetlands and waterways.
zh_to_en,s0278,2023,3,阅读A,,11,Texas is an energy state and we need to recognise that.
zh_to_en,s0580,2026,4,阅读A,,11,The team published their findings in the journal Science this month.
zh_to_en,s0633,2026,9,阅读A,,11,It could be one of the best conversations you ever have.
zh_to_en,s0327,2023,8,阅读A,,11,Scopus itself has all the data necessary to detect this malpractice.
zh_to_en,s0589,2026,4,阅读A,,11,Researchers say these findings could help put donkeys in the spotlight.
zh_to_en,s0542,2025,12,阅读B,,14,"He typically takes between 10,000 and 20,000 shots to get one butterfly take-off sequence in focus."
zh_to_en,s0091,2021,4,阅读A,,44,"Equally, there is a sense that the travails of commuters in the South East, many of whom will face among the biggest rises, have received too much attention compared to those who must endure the relatively poor infrastructure of the Midlands and the North."
zh_to_en,s0518,2025,9,阅读A,,10,Digital information requires a great deal more care than analog.
zh_to_en,s0284,2023,3,阅读A,,10,It is also less prominent in many social studies courses.
zh_to_en,s0726,2024,1,完形重建,,19,"For example, a busy street might not suit a motion-sensored door, as it would constantly be opening for passers-by."
zh_to_en,s0681,2020,2,完形重建,,23,"While studies have shown that acrylamide can cause neurological damage in mice, there is no conclusive evidence that it causes cancer in humans."
zh_to_en,s0724,2024,1,完形重建,,19,"Each automatic door system analyses the light, sound, weight or movement in their vicinity as a signal to open."
zh_to_en,s0247,2022,10,阅读B,,24,She uses outdated research and decades-old examples to undermine the noble mission of organizations committed to connecting children to a world beyond their own.
zh_to_en,s0256,2022,10,阅读B,,18,Our research provides strong support for the value of zoos in connecting people with animals and with nature.
zh_to_en,s0701,2022,1,完形重建,,33,"Beginning in 2006, some scientists have argued that plants possess neuron-like cells that interact with hormones and neurotransmitters, forming a plant nervous system, analogous to that in animals, said lead study author Lincoln Taiz."
zh_to_en,s0135,2021,12,阅读B,,18,More effective marketing Some AI software can analyze and optimize marketing email subject lines to increase open rates.
zh_to_en,s0144,2021,13,阅读B,,18,We're also giving our customers better channels versus picking up the phone to accomplish something beyond human scale.
zh_to_en,s0379,2024,3,阅读A,,43,"The Gutenberg printing press transformed civilisation not by changing the nature of writing but by changing its cost—and it would have achieved little without a parallel collapse in the price of surfaces to write on, thanks to an often-overlooked technology called paper."
zh_to_en,s0691,2021,2,完形重建,,18,"But while aging is inevitable, scientists are finding out that certain changes in brain function may not be."
zh_to_en,s0538,2025,11,阅读B,,12,"I was waiting for surgery, feeling really ill, sitting in my garden."
zh_to_en,s0249,2022,10,阅读B,,12,"But they are the exception, not the norm that Ms. Marris implies."
zh_to_en,s0700,2022,1,完形重建,,26,"Plant biology is complex and fascinating, but it differs so greatly from that of animals that so-called evidence of plants' intelligence is inconclusive, the authors wrote."
zh_to_en,s0248,2022,10,阅读B,,25,Zoos are at the forefront of conservation and constantly evolving to improve how they care for animals and protect each species in its natural habitat.
zh_to_en,s0707,2023,1,完形重建,,27,"The word caravanserai is a combination of the Persian words karvan, which means a group of travellers or a caravan, and sardy, a palace or enclosed building."
zh_to_en,s0130,2021,10,阅读A,,34,It needs to give the commission explicit authority once and for all to bar broadband providers from meddling in the traffic on their network and to create clear rules protecting openness and innovation online.
zh_to_en,s0722,2024,1,完形重建,,20,"There are many different types of automatic door, with each relying on specific signals to tell them when to open."
zh_to_en,s0250,2022,10,阅读B,,46,"A distressed animal in a zoo will get as good or better treatment than most of us at our local hospital.: As a fellow environmentalist, animal-protection advocate and longtime vegetarian, I could properly be in the same camp as Emma Marris on the issue of zoos."
zh_to_en,s0258,2022,10,阅读B,,31,"They afford an opportunity for people from all backgrounds to encounter a range of animals, from drone bees to springbok or salmon, to better understand the natural world we live in."
zh_to_en,s0068,2020,13,阅读B,,31,"These pauses typically occur at about three per second, and the eyes then jump to another spot, until several important points in the image are registered like a series of snapshots."
zh_to_en,s0139,2021,12,阅读B,,16,Companies can also optimize their own energy use and cut down on the cost of electricity.
zh_to_en,s0727,2025,1,完形重建,,19,"This area of the Aegean Sea is prone to earthquakes and tsunamis, which caused the city to gradually sink."
zh_to_en,s0539,2025,11,阅读B,,13,"It was amazing weather and there were painted lady butterflies everywhere, he says."
zh_to_en,s0660,2026,10,阅读B,,13,"We are never sure of anything, says the physicist (and writer) Carlo Rovelli."
zh_to_en,s0351,2023,11,阅读B,,13,"In quick succession, the Senate and House passed legislation protecting Yellowstone in early 1872."
zh_to_en,s0153,2021,14,翻译C,,13,"Second, growth obviously affected the absolute size both of systems and individual institutions."
zh_to_en,s0008,2020,4,阅读A,,13,It is also wise to recall that such titles are not a cure-all.
zh_to_en,s0719,2024,1,完形重建,,24,"Particularly useful in busy locations or during times of emergency, the doors act as crowd management by reducing the obstacles put in peoples' way."
zh_to_en,s0449,2024,13,阅读B,,12,"What is more, they almost always seem to choose the nearest waterhole."
zh_to_en,s0429,2024,11,阅读B,,12,"Again, the story an exhibit is trying to tell is what matters."
zh_to_en,s0720,2024,1,完形重建,,32,"As well as making access both in and out of buildings easier for people, the difference in the way many of these doors open helps reduce the total area occupied by them."
zh_to_en,s0548,2025,12,阅读B,,14,Now the fruits of those summers have been published in a beautiful new book.
zh_to_en,s0206,2022,6,阅读A,,12,Nor should their work be considered only as an object of study.
zh_to_en,s0155,2021,14,翻译C,,14,Each of these manifestations of growth carried its own peculiar problems in its wake.
zh_to_en,s0350,2023,11,阅读B,,14,The bill proved largely popular and sailed through Congress with large majorities in favor.
zh_to_en,s0717,2024,1,完形重建,,23,Self-sliding doors began to emerge as a commercial product in 1960 after being invented six years previously by Americans Dee Horton and Lew Hewitt.
zh_to_en,s0425,2024,11,阅读B,,13,We know very exact reproductions of artwork can be and are regularly produced.
zh_to_en,s0441,2024,12,阅读B,,13,And now Climate Change agitators are attacking publicly displayed works in European museums.
zh_to_en,s0730,2025,1,完形重建,,16,"In recent decades, shifting currents and climate change have eroded a natural barrier that protected Pavlopetri."
zh_to_en,s0115,2021,8,阅读A,,50,"Of course, I need to concede that my collection of 'Smiling Victorians' makes up only a tiny percentage of the vast catalogue of photographic portraiture created between 1840 and 1900, the majority of which show sitters posing miserably and stiffly in front of painted backdrops, or staring absently into the middle distance."
zh_to_en,s0252,2022,10,阅读B,,37,"Were it not for opportunities to observe these beautiful, wild creatures close to home, many more people would be driven by their fascination to travel to wild areas to seek out, disturb and even hunt them down."
zh_to_en,s0437,2024,12,阅读B,,12,The foreign countries have no right to hold back returning the items.
zh_to_en,s0082,2020,15,翻译C,,12,The 17th and 18th centuries were times of radical change and curiosity.
zh_to_en,s0731,2025,1,完形重建,,27,"In 1967, a scientific survey of the Peloponnesian coast was gathering data to analyze changes in sea levels when British oceanographer Nicholas Flemming first spotted the sunken structures."
zh_to_en,s0132,2021,12,阅读B,,30,Here are a few ways AI is aiding companies without replacing employees: Better hiring practices Companies are using artificial intelligence to remove some of the unconscious bias from hiring decisions.
zh_to_en,s0254,2022,10,阅读B,,38,"Our studies focused on the impact of zoo experiences on how people think about themselves and nature, and the data points extracted from our studies do not, in any way, discount what is learned in a zoo visit."
zh_to_en,s0664,2026,10,阅读B,,11,Fiction invites you to loiter unseen in the lives of others.
zh_to_en,s0253,2022,10,阅读B,,44,"Zoos are, in that sense, similar to natural history and archeology museums, serving to satisfy our need for contact with these living creatures while leaving the vast majority undisturbed in their natural environments.: Emma Marris selectively describes and misrepresents the findings of our research."
zh_to_en,s0046,2020,8,阅读A,,50,"Writing in The New Republic, Alice Lee notes that increasing the number of opportunities for board membership without increasing the pool of qualified women to serve on such boards has led to a golden skirt phenomenon, where the same elite women scoop up multiple seats on a variety of boards."
zh_to_en,s0734,2025,1,完形重建,,15,"Despite the exciting initial finds, the site would lie 13 for decades before archaeologists would return."
zh_to_en,s0264,2022,10,阅读B,,14,Zoos should have been closed down as they prioritize money making over animals' wellbeing.
zh_to_en,s0678,2020,2,完形重建,,25,"Yet as we report now, the food police are determined that this enjoyment should be rendered yet another guilty pleasure guaranteed to damage our health."
zh_to_en,s0110,2021,6,阅读A,,13,"With the CCTs, individuals instead can use the money to supplement their harvests."
zh_to_en,s0193,2022,5,阅读A,,13,"In this age of generalists, it pays to have specific knowledge or skills."
zh_to_en,s0695,2021,2,完形重建,,23,They found that middle-aged people with higher measures of abdominal fat scored worse on measures of fluid intelligence as the years went by.
zh_to_en,s0738,2025,1,完形重建,,21,"Excavations revealed a large number of Minoan-style loom weights, suggesting Pavlopetri was a thriving trade center with a robust textile industry."
zh_to_en,s0721,2024,1,完形重建,,24,"Replacing swing doors, these allow smaller buildings to maximise the usable space inside without having to clear the way for a large, sticking-out door."
zh_to_en,s0022,2020,6,阅读A,,14,In Britain the move towards open access publishing has been driven by funding bodies.
zh_to_en,s0733,2025,1,完形重建,,15,"The team identified some techniques buildings, courtyards, a network of streets, and two chamber tombs."
zh_to_en,s0704,2022,1,完形重建,,32,"However, the signaling in a plant is only superficially similar to the firing in a complex animal brain, which is more than a mass of cells that communicate by electricity, Taiz said."
zh_to_en,s0191,2022,5,阅读A,,14,Many too are seeing the advantages of scrapping a degree requirement for certain roles.
zh_to_en,s0042,2020,8,阅读A,,14,The number of women on corporate boards has been steadily increasing without government interference.
zh_to_en,s0714,2023,1,完形重建,,23,"Indeed, it was frequently the first stop for merchants looking to sell their wares and stock up on supplies for their own journeys."
zh_to_en,s0106,2021,6,阅读A,,11,"Such programs do not have to negatively affect the environment, though."
zh_to_en,s0118,2021,8,阅读A,,13,One explanation might be the loss of dignity displayed through a cheesy grin.
zh_to_en,s0706,2023,1,完形重建,,21,They were typically located outside the walls of a city or village and were usually funded by local governments or privately.
zh_to_en,s0025,2020,6,阅读A,,13,Yet the new system has not worked out any cheaper for the universities.
zh_to_en,s0018,2020,6,阅读A,,10,"Until this century, university libraries were not very price sensitive."
zh_to_en,s0094,2021,4,阅读A,,12,The responsibility for the latest wave of strikes rests on the unions.
zh_to_en,s0689,2021,2,完形重建,,29,"Fluid intelligence is the type of intelligence that has to do with short-term memory and the ability to think quickly, logically, and abstractly in order to solve new problems."
zh_to_en,s0215,2022,7,阅读A,,12,Employers must both show cause and act in a procedurally fair way.
zh_to_en,s0710,2023,1,完形重建,,20,Travellers on the Silk Road faced the possibility of being attacked by thieves or being subjected to extreme weather conditions.
zh_to_en,s0732,2025,1,完形重建,,17,"A year later, he returned with a few students to examine the location and map the site."
zh_to_en,s0690,2021,2,完形重建,,22,"It peaks in young adulthood, levels out for a period of time, and then generally starts to slowly decline as we age."
zh_to_en,s0735,2025,1,完形重建,,19,In 2009 archaeologists Chrysanthi Gallon and Jon Henderson resumed excavation of Pavlopetri in cooperation with the Greek Ministry of Culture.
zh_to_en,s0024,2020,6,阅读A,,44,"More than half of all British scientific research is now published under open access terms: either freely available from the moment of publication, or paywalled for a year or more so that the publishers can make a profit before being placed on general release."
zh_to_en,s0226,2022,8,阅读A,,11,This makes it harder for the marginal manager to gain employment.
zh_to_en,s0713,2023,1,完形重建,,19,Caravanserais were also an important marketplace for commodities and aided in the trade of goods along the Silk Road.
zh_to_en,s0187,2022,4,阅读A,,10,Education was no longer a secure route of social mobility.
zh_to_en,s0728,2025,1,完形重建,,15,"The slow sea level rise in the Mediterranean submerged the city more than 3,000 years ago."
zh_to_en,s0146,2021,13,阅读B,,13,"This process, along with employees reviewing the contracts, is faster and more accurate."
zh_to_en,s0222,2022,8,阅读A,,10,Yet mediocrity is no longer enough to justify a dismissal.
zh_to_en,s0221,2022,8,阅读A,,10,Between preserving the jobs of ordinary workers or losing them.
zh_to_en,s0014,2020,6,阅读A,,10,Scientific publishing has long been a licence to print money.
zh_to_en,s0683,2020,2,完形重建,,20,"On the basis of the precautionary principle, it could be argued that it is advisable to follow the FSA advice."
zh_to_en,s0699,2022,1,完形重建,,24,"Though plants lack brains, the firing of electrical signals in their stems and leaves nonetheless triggered responses that hinted at consciousness, researchers previously reported."
zh_to_en,s0716,2024,1,完形重建,,28,"Without the need to be touched to open or close, automatic doors are essential in improving disabled access to buildings and helping provide general convenience to commercial buildings."
zh_to_en,s0684,2020,2,完形重建,,20,"After all, it was rumoured that smoking caused cancer for years before the evidence was found to prove a connection."
zh_to_en,s0680,2020,2,完形重建,,19,"This means that people should avoid crisping their roast potatoes, reject thin-crust pizzas and only partially toast their bread."
zh_to_en,s0686,2020,2,完形重建,,23,"To be fair, the FSA says it is not telling people to cut out roast foods entirely, but to reduce their lifetime intake."
zh_to_en,s0239,2022,9,阅读B,,14,Neither one of them actually participated in any contributions to animal research or conservation.
zh_to_en,s0694,2021,2,完形重建,,35,"The researchers looked at data that included measurements of lean muscle and abdominal fat from more than 4,000 middle-to-older-aged men and women and compared that data to reported changes in fluid intelligence over a six-year period."
zh_to_en,s0697,2021,2,完形重建,,20,It is hoped that future studies could explain these differences and perhaps lead to different treatments for men and women.
zh_to_en,s0692,2021,2,完形重建,,23,One study found that muscle loss and the accumulation of body fat around the abdomen are associated with a decline in fluid intelligence.
zh_to_en,s0133,2021,12,阅读B,,49,"There are experiments that show that, naturally, the results of interviews are much more biased than what AI does, says Pedro Domingos, author of The Master Algorithm: How the Quest for the Ultimate Learning Machine Will Remake Our World and a computer science professor at the University of Washington."
zh_to_en,s0262,2022,10,阅读B,,13,Zoos save people trips to wilderness areas and thus contribute to wildlife conservation.
zh_to_en,s0696,2021,2,完形重建,,28,"For women, the association may be attributable to changes in immunity that resulted from excess abdominal fat; in men, the immune system did not appear to be involved."
zh_to_en,s0257,2022,10,阅读B,,10,Zoos provide a critical voice for conservation and environmental protection.
zh_to_en,s0693,2021,2,完形重建,,16,This suggests the possibility that lifestyle factors might help prevent or delay this type of decline.
zh_to_en,s0703,2022,1,完形重建,,29,"This perspective makes sense if you simplify the workings of a complex brain, reducing it to an array of electrical pulses; cells in plants also communicate through electrical signals."
zh_to_en,s0679,2020,2,完形重建,,27,The Food Standards Authority (FSA) has issued a public warning about the risks of a compound called acrylamide that forms in some foods cooked at high temperatures.
zh_to_en,s0682,2020,2,完形重建,,15,Scientists say the compound is likely to cause cancer but have no hard scientific proof.
zh_to_en,s0705,2022,1,完形重建,,18,"For consciousness to evolve, a brain with a threshold level of complexity and capacity is required, he added."
zh_to_en,s0723,2024,1,完形重建,,10,"Although these methods differ, the main principles remain the same."
zh_to_en,s0685,2020,2,完形重建,,24,"Doubtless a piece of boiled beef can always be served up on Sunday alongside some steamed vegetables, without the Yorkshire pudding and no wine."
zh_to_en,s0279,2023,3,阅读A,,9,You need to remember where your bread is buttered.
zh_to_en,s0736,2025,1,完形重建,,13,"The team employed robotics, sonar mapping, and state-of-the-art graphics to survey the site."
zh_to_en,s0158,2021,14,翻译C,,61,"And if the postgraduate student population also grows rapidly and there is loss of a close apprenticeship relationship between faculty members and students, the student culture becomes the chief socializing force for new postgraduate students, with consequences for the intellectual and academic life of the institution—this was seen in America as well as in France, Italy, West Germany, and Japan."
zh_to_en,s0729,2025,1,完形重建,,14,They were covered by a thick layer of sand off the island of Laconia.
zh_to_en,s0725,2024,1,完形重建,,13,Sensor types are chosen to complement the different environments they are needed in.
zh_to_en,s0739,2026,1,完形重建,,13,考 研 英 语 一 · 英 语 一 真 题 · 2026 年 Advances in artificial intelligence (AI) are rapidly changing every aspect of human life.
zh_to_en,s0737,2025,1,完形重建,,12,From 2009 to 2013 they were able to bring the underwater town to light.
zh_to_en,s0306,2023,6,阅读A,,9,"In the meantime, PRH authors have been the losers."
zh_to_en,s0635,2026,9,阅读A,,8,"Many skip newspapers, and magazines are a stretch."
zh_to_en,s0312,2023,8,阅读A,,9,Scientific papers are the recordkeepers of progress in research.
zh_to_en,s0493,2025,6,阅读A,,8,The goals of researchers ought to be realistic.
zh_to_en,s0286,2023,3,阅读A,,8,They include materials sponsored by energy industry associations.
zh_to_en,s0687,2020,2,完形重建,,12,"However, its campaign risks coming a cross as being pushy and overprotective."
zh_to_en,s0346,2023,10,阅读B,,9,"The journey officially began in Ogden, Utah, on June 8, 1871."
zh_to_en,s0491,2025,6,阅读A,,8,The need for supercomputers is difficult to meet.
zh_to_en,s0524,2025,10,阅读A,,8,Hard work should be done to preserve artifacts.
zh_to_en,s0323,2023,8,阅读A,,8,How insidious is this type of citation manipulation?
zh_to_en,s0369,2024,3,阅读A,,8,Why had the Romans buried a million nails?
zh_to_en,s0307,2023,6,阅读A,,53,"It comes at a time when authors are already worried about the consequences of the proposed merger between PRH and another big publisher, Simon & Schuster—the reduction in the number of unaligned UK publishers is likely to lead to fewer bidding wars, lower advances, and more conformity in terms of what is published."
zh_to_en,s0702,2022,1,完形重建,,13,They even claimed that plants have 'brain-like command centers' at their root tips.
zh_to_en,s0164,2022,3,阅读A,,8,People often complain that plastics are too durable.
free_translation,s0362,2023,12,翻译C,,26,"Not only can AI help to create the marketing content, but it can also provide a non-intrusive way of delivering the content to the target customers."
free_translation,s0359,2023,12,翻译C,,30,"For AI to be successful, data needs to be accessible, but the use of personal data is becoming more regulated and the automated sharing of data is becoming more difficult."
free_translation,s0416,2024,9,阅读A,,22,"The Chesapeake draws from a 64,000-square-mile watershed that extends into Virginia, Pennsylvania, New York, West Virginia, the District of Columbia and Delaware."
free_translation,s0545,2025,12,阅读B,,29,"If I've had a full day of good encounters with butterflies, met interesting butterfly people and I've got some good shots, that becomes a vault in my spiritual bank."
free_translation,s0522,2025,9,阅读A,,29,"Yet researchers can take some comfort in the fact that there are a multitude of librarians devoted to discovering, organizing, and preserving digital information for researchers current and future."
free_translation,s0629,2026,8,阅读A,,28,"Yet even as scientists and public officials increasingly agree on the need for more fires in our forests, climate change is making this tactic more challenging, experts said."
free_translation,s0458,2024,14,翻译C,,22,"They then set up a food station experiment, in which they gave the elephants a series of choices based only on smell."
free_translation,s0550,2025,13,翻译C,,25,It was a musician who discovered the planet Uranus in the 18th century by making his own telescope with mirrors composed of copper and tin.
free_translation,s0361,2023,12,翻译C,,20,"Therefore, unless customers are prepared to sign release agreements, the use of AI may become somewhat restricted in the future."
free_translation,s0591,2026,4,阅读A,,24,But understanding where the animals were first domesticated could guide archaeologists to a narrow region to search for insights about the original tamed donkeys.
free_translation,s0517,2025,9,阅读A,,19,"When it comes to born-digital information, the terrifying answer can be: if not librarians and archivists, then no one."
free_translation,s0287,2023,4,阅读A,,27,"In New Hampshire, where the rental vacancy rate has dropped below 1 percent, housing advocates fear unchecked short-term rentals will put further pressure on an already strained market."
free_translation,s0408,2024,7,阅读A,,27,"One suggestion is that AI models could be trained on images in the public domain, and AI companies could forge partnerships with museums and artists, Ortiz says."
free_translation,s0468,2025,3,阅读A,,27,"They were split into target and control groups and asked to write, for example, a message in a bottle as Ferdinand following the shipwreck in The Tempest."
free_translation,s0211,2022,6,阅读A,,31,"As science and technology progressed, and divided into more sub-disciplines, the centre was simultaneously looking to a time when leading researchers could also be artists, writers and poets, and vice versa."
free_translation,s0594,2026,5,阅读A,,31,"Georgia offers up to 30% in transferable tax credits on film and TV production costs, plus an additional 10% increase on the base tax credit if the project includes a Georgia promotional logo."
free_translation,s0488,2025,5,阅读A,,28,"Established in an old paper mill, it is powered by a nearby river and its remote heat warms the people who live in the surrounding town of Kajaani."
free_translation,s0392,2024,5,阅读A,,27,"It found that infants had an average of 14 alloparents a day by the time they were 18 weeks old, and were passed between caregivers eight times an hour."
free_translation,s0456,2024,13,翻译C,,21,New research suggests that smell is a crucial factor in guiding elephants—and probably other herbivores—to the best food resources.
free_translation,s0595,2026,5,阅读A,,27,"Even as California lost a huge volume of production to other locations, there was still plenty of film production taking place in Los Angeles before this year."
free_translation,s0471,2025,3,阅读A,,29,She added The emotional understanding was very evident and it is probably related to the [rehearsal room process] where you are used to trying to imagine your way through.
free_translation,s0078,2020,15,翻译C,,34,"Despite attempts by the Church to suppress this new generation of logicians and rationalists, more explanations for how the universe functioned were being made at a rate that the people could no longer ignore."
free_translation,s0357,2023,12,翻译C,,20,By allowing AI to develop content some brand marketers may find that they are losing control over the brand narrative.
free_translation,s0410,2024,9,阅读A,,24,"The shallows provide homes for hundreds of species while storing floodwaters, filtering pollutants from water, and protecting nearby communities from potentially destructive storm surges."
free_translation,s0612,2026,7,阅读A,,26,"And while it is wonderful to take a walk with anything in your headphones, infinite choice encourages us to shrink into niche interests and sympathetic beliefs."
free_translation,s0360,2023,12,翻译C,,34,"If customers are not willing to share data, AI will be starved of essential information and will not be able to function effectively or employ machine learning to improve its marketing content and communication."
free_translation,s0412,2024,9,阅读A,,26,"Specifically, a 5-4 majority decided that wetlands protected by the EPA under its Clean Water Act authority must have a continuous surface connection to bodies of water."
free_translation,s0315,2023,8,阅读A,,18,"Citation cartels, where journals, authors, and institutions conspire to inflate citation numbers, have existed for a long time."
free_translation,s0095,2021,4,阅读A,,25,"However, there is a strong case that those who have been worst affected by industrial action should receive compensation for the disruption they have suffered."
free_translation,s0457,2024,14,翻译C,,19,The researchers first established what kinds of plant the elephants preferred either to eat or avoid when foraging freely.
free_translation,s0373,2024,3,阅读A,,25,"The idea that one might burn down an entire house just to reclaim the nails underlines how scarce, costly and valuable the simple-seeming technology was."
free_translation,s0585,2026,4,阅读A,,28,The team reconstructed the animals' evolutionary tree and used computer models to pinpoint the domestication event when herders in Kenya and the Horn of Africa tamed wild asses.
free_translation,s0626,2026,8,阅读A,,22,"To prevent entire ecosystems from going up in smoke, Martin said, people must bring healthy fire back to places that need it."
free_translation,s0554,2025,13,翻译C,,27,But by utilising the natural curiosity of the general public it is possible to overcome many of these challenges by engaging non-scientists directly in the research process.
free_translation,s0467,2025,3,阅读A,,26,The randomised control trial involved hundreds of year 5 pupils — aged nine and ten — at 45 state primary schools that had not been previously exposed to RSC pedagogy.
free_translation,s0563,2025,13,翻译C,,33,"They pool resources, collaborate, think outside the box, and find solutions and ways around obstacles to explore science for the sake of science without the traditional boundaries of working inside a formal setting."
free_translation,s0409,2024,9,阅读A,,33,"The miracle of the Chesapeake Bay lies not in its depths, but in the complexity of its natural construction, the interaction of fresh and saline waters, and the mix of land and water."
free_translation,s0487,2025,5,阅读A,,30,"Every day, scientists, technologists and engineers are discovering new ways to exploit renewable energy sources and develop techniques not just to use power more intelligently but to power our intelligence."
free_translation,s0184,2022,4,阅读A,,21,"Millennials were told that if you did well in school, got a decent degree, you would be set up for life."
free_translation,s0354,2023,12,翻译C,,31,"AI can also be used to identify the lifestyle choices of customers regarding their hobbies, favourite celebrities, and fashions to provide unique content in marketing messages put out through social media."
free_translation,s0075,2020,15,翻译C,,31,"Before each of their revelations, many thinkers at the time had sustained more ancient ways of thinking, including the geocentric view that the Earth was at the centre of our universe."
free_translation,s0648,2026,10,阅读B,,27,"This concept has served as a central goal for curriculum developers, local school boards, business and community leaders, and policymakers ever since its introduction nearly 80 years ago."
free_translation,s0294,2023,5,阅读A,,20,"Issues arise, however, when developers attempt to create large-scale short-term rental facilities—de facto hotels—to bypass taxes and regulations."
free_translation,s0098,2021,4,阅读A,,30,"The threat of nationalisation may have been seen off for now, but it will return with a vengeance if the justified anger of passengers is not addressed in short order."
free_translation,s0317,2023,8,阅读A,,38,"Recently, another expression of this predatory behavior has emerged: so-called support service consultancies that provide language and other editorial support to individual authors and to journals sometimes advise contributors to add a number of citations to their articles."
free_translation,s0143,2021,13,阅读B,,32,"There are also companies like Acquisio, which analyzes advertising performance across multiple channels like Adwords, Bing and social media and makes adjustments or suggestions about where advertising funds will yield best results."
free_translation,s0273,2022,11,翻译C,,30,"Just as the code breaking has its wider relevance in the struggle for Spain, so his attempts to make his way up the promotion ladder speak volumes about British society."
free_translation,s0325,2023,8,阅读A,,19,"The problem is rampant in Scopus, a citation database, which includes a high number of the new international journals."
free_translation,s0627,2026,8,阅读A,,21,"At Yosemite National Park, Martin oversaw the use of what is known as prescribed burns to make the landscape more resilient."
free_translation,s0543,2025,12,阅读B,,27,"At such high shutter speeds, the depth of field is tiny, and as butterflies do not fly in a straight line they swiftly flutter out of focus."
free_translation,s0251,2022,10,阅读B,,19,"But I believe that well-run zoos, and the heroic animals that suffer their captivity, do serve a higher purpose."
free_translation,s0495,2025,7,阅读A,,50,"But the age of streaming has been a boon for some unintended winners: pirates that use software to rip a film or television show in seconds from legitimate online video platforms and host the titles on their own, illegitimate services, which rake in about $2 billion annually from ads and subscriptions."
free_translation,s0601,2026,6,阅读A,,42,"Sir John Reith said that it would end isolation of the spirit and rejoiced: It does not matter how many thousands may be listening, there is always enough for others... the genius and the fool, the wealthy and the poor listen simultaneously."
free_translation,s0502,2025,7,阅读A,,23,Consulting firm Parks Associates predicts that legitimate US streaming services' cumulative loss from piracy since 2022 will reach $113 billion in the next two years.
free_translation,s0029,2020,6,阅读A,,40,"In some ways the scientific publishing model resembles the economy of the social internet: labour is provided free in exchange for the hope of status, while huge profits are made by a few big firms who run the market places."
free_translation,s0485,2025,5,阅读A,,22,It is all too easy to feel paralysed in the face of daunting problems such as climate change and to do nothing.
free_translation,s0342,2023,10,阅读B,,34,"Throughout the trip, Jackson juggled multiple cameras and plate sizes using the collodion process that involved coating the plates with a chemical mixture, exposing them and developing the resulting images with a portable darkroom."
free_translation,s0536,2025,11,阅读B,,32,"Britain has relatively few butterfly species compared with mainland Europe and 80% are in decline, mostly because intensive chemical farming has reduced many species to tiny fragments of habitat and small nature reserves."
free_translation,s0385,2024,5,阅读A,,17,"Dr Annie Swanepoel, a child psychiatrist, believes that there are ways to incorporate them into western life."
free_translation,s0169,2022,3,阅读A,,17,"All of which creates huge headaches for institutions, such as museums, trying to preserve culturally important objects."
free_translation,s0414,2024,9,阅读A,,20,"And it carries significant repercussions for water quality and flood control throughout the United States, as Justice Brett Kavanaugh observed."
free_translation,s0393,2024,5,阅读A,,38,An infant born to a hunter-gatherer society could have more than ten caregivers—this contrasts starkly to nursery settings in the UK where regulations call for a ratio of one carer to four children aged two to three.
free_translation,s0309,2023,7,阅读A,,28,"The publishing industry talks about diversity in terms of authors and staff but it also needs a plurality of ways of delivering intellectual contact, choice and different voices."
free_translation,s0596,2026,5,阅读A,,20,"We were kept afloat by peak TV, the glut of content that was required by the explosion of streaming services."
free_translation,s0515,2025,9,阅读A,,17,"Yet how was that universality of access made possible and, perhaps more importantly, how is it maintained?"
free_translation,s0314,2023,8,阅读A,,32,"The careers of scientists and the reputation of their institutions depend on the number and prestige of the papers they produce, but even more so on the citations attracted by these papers."
free_translation,s0479,2025,5,阅读A,,22,I was shocked to learn recently that some scientists want to scale back their research in an effort to decrease carbon emissions.
free_translation,s0652,2026,10,阅读B,,22,"Standing in the shoes of others fine tunes our social understanding, useful as we struggle to understand friends, neighbours, customers and co-workers."
free_translation,s0007,2020,4,阅读A,,41,"A cynic might speculate that the UK is on the verge of disappearing into an endless fever of self-celebration in its desperation to reinvent itself for the post-Brexit world: after town of culture, who knows what will follow—village of culture?"
free_translation,s0624,2026,8,阅读A,,21,The NAFSN sites experienced less than a quarter of the number of fires that would have been expected without fire suppression.
free_translation,s0006,2020,4,阅读A,,41,"Some might see the proposal as a booby prize for the fact that Britain is no longer able to apply for the much more prestigious title of European capital of culture, a sought-after award bagged by Glasgow in 1990 and Liverpool in 2008."
free_translation,s0584,2026,4,阅读A,,18,"They also looked at genomes from 15 wild equids and 31 earlier donkeys that lived between about 4,000 and 100 years ago."
free_translation,s0559,2025,13,翻译C,,27,"A citizen science-based approach can extend the field of vision and include different ideas and different brains to problem-solve and create, making innovation faster and more effective."
free_translation,s0426,2024,11,阅读B,,29,Perhaps museums and governments might explore some role for the use of nearly exact reproductions as a means of resolving issues relating to returning works of art and antiquities.
free_translation,s0712,2023,1,完形重建,,35,"As a result, these structures became important centres for cultural exchange and interaction, with travellers sharing their cultures, ideas and beliefs, as well as taking knowledge with them, greatly influencing the development of several civilisations."
free_translation,s0407,2024,7,阅读A,,18,"The group is in its early days of mobilization, which could involve pushing for new policies or regulation."
free_translation,s0288,2023,4,阅读A,,21,The state Legislature recently voted against a bill that would've made it illegal for towns to create legislation restricting short-term rentals.
free_translation,s0063,2020,12,阅读B,,31,Neuroscientist Bonnie Auyeung found that the hormone oxytocin increased the amount of eye contact from men toward the interviewer during a brief interview when the direction of their gaze was recorded.
free_translation,s0619,2026,8,阅读A,,15,"Instead, a growing body of research showed that frequent, low-severity fires made many ecosystems healthier."
free_translation,s0513,2025,9,阅读A,,18,"Thus, librarians digitize the tangible so that researchers the world over can quickly search and access their holdings."
free_translation,s0020,2020,6,阅读A,,36,"The most drastic, and thoroughly illegal, reaction has been the emergence of Sci-Hub, a kind of global photocopier for scientific papers, set up in 2012, which now claims to offer access to every paywalled article published since 2015."
free_translation,s0149,2021,14,翻译C,,28,Those societies came out of the war with levels of enrollment that had been roughly constant at 3-5% of the relevant age groups during the decades before the war.
free_translation,s0290,2023,4,阅读A,,31,"Without enough affordable housing in southern New Hampshire towns, employers are having a hard time attracting employees, and workers are having a hard time finding a place to live, Taylor said."
free_translation,s0344,2023,10,阅读B,,29,"Despite these challenges, Jackson captured dozens of striking photos, ranging from majestic images like his now-famous snapshot of Old Faithful, to casual portraits of expedition members at the camp."
free_translation,s0666,2026,11,翻译C,,26,"The development in 1915 of the popular new subject general science was another effort to train students to apply the principles of science to everyday, nonscience problems."
free_translation,s0579,2026,4,阅读A,,29,"Now, researchers have used genomes of over 200 donkeys to trace their domestication back to a single event around 7,000 years ago in East Africa — about 3,000 years before humans tamed horses."
free_translation,s0372,2024,3,阅读A,,17,"This was an attempt to recover the valuable nails, which could be reused after sifting the ashes."
free_translation,s0464,2024,14,翻译C,,20,"In your essay, you should 1) describe the picture and the chart briefly, 2) interpret the implied meaning, and 3) give your comments."
free_translation,s0085,2020,15,翻译C,,25,"It was the purpose and responsibility of great minds to go forth and seek out the truth, which they believed to be founded in knowledge."
free_translation,s0405,2024,7,阅读A,,19,Artists say they risk losing income as people start using AI-generated images based on copyrighted material for commercial purposes.
free_translation,s0322,2023,8,阅读A,,19,Such practices can lead an article to accrue more than 150 citations in the same year that it was published.
free_translation,s0581,2026,4,阅读A,,25,"Through their DNA, the animals are telling their history themselves, co-author Samantha Brooks, an equine researcher at the University of Florida, says in a statement."
free_translation,s0402,2024,7,阅读A,,19,Then he tried searching for his name to see if a piece he had worked on had been published.
free_translation,s0531,2025,11,阅读B,,22,"Unlike some photographers, who cheat by keeping insects in a fridge to slow them down, Peters refuses to tamper with wild butterflies."
free_translation,s0562,2025,13,翻译C,,19,"There are around 40 official do-it-yourself biology centres across the globe in locations including Paris, London, Sydney, and Tel Aviv."
free_translation,s0301,2023,6,阅读A,,39,"PRH declined to comment on the issue, but a spokesperson for Waterstones told me: Waterstones are currently operating with reduced credit terms from PRH, the only publisher in the UK to place any limitations on our ability to trade."
free_translation,s0532,2025,11,阅读B,,24,"Peters' signature shot is a butterfly take-off, showing the multiple wing-beats of one butterfly in one frame as it lifts off from a flower."
free_translation,s0489,2025,5,阅读A,,24,"If the world is to meet its net-zero ambitions, we must think hard about how we can deliver sustainable computing and deliver more LUMIs."
free_translation,s0051,2020,10,阅读A,,30,"The digital services tax now awaits the signature of President Emmanuel Macron, who has expressed support for the measure, and it could go into effect within the next few weeks."
free_translation,s0119,2021,8,阅读A,,33,"Nature gave us lips to conceal our teeth, ran one popular Victorian saying, alluding to the fact that before the birth of proper dentistry, mouths were often in a shocking state of hygiene."
analysis,s0283,2023,3,阅读A,precise,50,"Another issue is that while climate change is well integrated into some subjects and at some ages—such as earth and space sciences in high schools—it is not as well represented in curricula for younger children and in subjects that are more widely taught, such as biology and chemistry."
analysis,s0039,2020,8,阅读A,precise,50,"The US Supreme Court frowns on sex-based classifications unless they are designed to address an important policy interest, Because the California law applies to all boards, even where there is no history of prior discrimination, courts are likely to rule that the law violates the constitutional guarantee of equal protection."
analysis,s0189,2022,4,阅读A,precise,43,"This is not to say that there is no point in getting a degree, but rather stress that a degree is not for everyone, that the switch from classroom to lecture hall is not an inevitable one and that other options are available."
analysis,s0494,2025,7,阅读A,precise,48,"Ever since taking on Netflix Inc. at its own game, old Hollywood has struggled to turn a profit in streaming, with the likes of Disney+, Peacock and Paramount+ losing billions of dollars each year, sparking concerns that the services will never be as profitable as cable once was."
analysis,s0050,2020,10,阅读A,precise,42,"Many French politicians and media outlets have referred to this as a GAFA tax, meaning that it is designed to apply primarily to companies such as Google, Apple, Facebook and Amazon—in other words, multinational tech companies based in the United States."
analysis,s0066,2020,13,阅读B,precise,40,"Whether you're a politician or a parent, it might be helpful to keep in mind that trying to maintain eye contact may backfire if you're trying to convince someone who has a different set of beliefs than you, said Minson."
analysis,s0157,2021,14,翻译C,precise,42,"When a faculty or department grows from, say, five to 20 members within three or four years, and when the new staff are predominantly young men and women fresh from postgraduate study, they largely define the norms of academic life in that faculty."
analysis,s0503,2025,7,阅读A,precise,36,"While there is some optimism that emerging countermeasures and best practices may see piracy begin to plateau by 2027, there is no consensus among stakeholders as to when it may begin to decline, says analyst Steve Hawley."
analysis,s0056,2020,10,阅读A,precise,40,"These unilateral developments differ in their specifics, but they are all designed to tax multinationals on income and revenue that countries believe they should have a right to tax, even if international tax rules do not grant them that right."
analysis,s0394,2024,5,阅读A,precise,34,"While hunter-gatherer children learnt from observation and imitation in mixed-age playgroups, researchers said that western instructive teaching, where pupils are asked to sit still, may contribute to conditions such as attention deficit hyperactivity disorder."
analysis,s0453,2024,13,阅读B,precise,39,"One possibility was that they merely used their eyes and tried out the plants they found, but that would probably result in a lot of wasted time and energy, not least because their eyesight is actually not very good."
analysis,s0592,2026,5,阅读A,precise,39,"If that sounds melodramatic, consider this: The Art Directors Guild, a labor union representing about 3,000 film workers, has suspended a training program and issued a statement explaining that we cannot in good conscience encourage you to pursue our profession."
analysis,s0537,2025,11,阅读B,precise,38,"Butterflies may not pollinate as many plants as wild bees and hoverflies, but because British butterflies are the best-studied group of insects in the world, they are an extremely useful indicator of the wider declines in flying insects."
analysis,s0450,2024,13,阅读B,precise,32,"The researchers are convinced that the elephants always know precisely where they are in relation to all the resources they need, and can therefore take shortcuts, as well as following familiar routes."
analysis,s0356,2023,12,翻译C,precise,41,"The main disadvantage of using AI to respond to customers is that there are concerns about trusting personal interactions to machines, which could lead not only to the subsequent loss of interpersonal connections, but also to a decrease in marketing personnel."
analysis,s0363,2023,12,翻译C,precise,41,"Data can be gathered on where the customer can be engaged, such as location, devices used, website interactions, and sites visited, to display marketing messages in appropriate forms, including emails, social media posts, pop-up advertisements, and banners at an appropriate frequency."
analysis,s0072,2020,13,阅读B,precise,36,A more direct finding is that people who scored high for negative emotions like anxiety looked at others for shorter periods of time and reported more comfortable feelings when others did not look directly at them.
analysis,s0324,2023,8,阅读A,precise,30,"In one example, an individual— acting as author, editor, and consultant—was able to use at least 15 journals as citation providers to articles published by five scientists at three universities."
analysis,s0077,2020,15,翻译C,precise,39,"Offering up such a theory during a time of high tension between scientific and religious minds was branded as heresy, and any such heretics that continued to spread these lies were to be punished by imprisonment or even death."
analysis,s0268,2022,11,翻译C,precise,28,I became convinced that this story was every bit as exciting and significant as that of Enigma and the breaking of German codes in the Second World War.
analysis,s0486,2025,5,阅读A,precise,33,"Recognising the hope that science and engineering can bring was the impetus behind the creation of the Millennium Technology Prize, which is now entering its 20th year as a celebration of human ingenuity."
analysis,s0047,2020,8,阅读A,precise,33,"Next time somebody pushes corporate quotas as a way to promote gender equity, remember that such policies are largely self-serving measures that make their sponsors feelgood but do little to help average women."
analysis,s0329,2023,8,阅读A,precise,38,"And for authors who wish to steer clear of citation cartel activities: when an editor, a reviewer, or a support service asks you to add inappropriate references, do not oblige and do report the request to the journal."
analysis,s0549,2025,12,阅读B,precise,38,"A butterfly takes off so quickly it is still impossible to react quickly enough to capture that take-off but if he half-presses the shutter, the camera saves the 70 previous frames before the moment he actually takes the picture."
analysis,s0076,2020,15,翻译C,precise,32,"Copernicus theorized in 1543 that all of the planets that we knew of revolved not around the Earth, but the Sun, a system that was later upheld by Galileo at his own expense."
analysis,s0617,2026,7,阅读A,precise,37,"Today we fret about the isolating culture of smartphone-staring and selfie-vanity, but already in 1939 there was that lady regretting how, when all her street got wirelesses, it lost the neighbourly habit of talking on the brush handle."
analysis,s0374,2024,3,阅读A,precise,37,"According to Sichel, although the falling price of nails was driven partly by cheaper iron and cheaper energy, most of the credit goes to nail manufacturers who simply found more efficient ways to turn steel into nails."
analysis,s0097,2021,4,阅读A,precise,37,"Yes, more investment is needed, but passengers will not be willing to pay more indefinitely if they must also endure cramped, unreliable services, interrupted by regular chaos when timetables are changed, or planned maintenance is managed incompetently."
analysis,s0021,2020,6,阅读A,precise,37,"The success of Sci-Hub, which relies on researchers passing on copies they have themselves legally accessed, shows the legal ecosystem has lost legitimacy among its users and must be transformed so that it works for all participants."
analysis,s0121,2021,8,阅读A,precise,31,"Even Mark Twain, a man who enjoyed a hearty laugh, said that when it came to photographic portraits there could be nothing more damning than a silly, foolish smile fixed forever."
analysis,s0280,2023,3,阅读A,coarse,36,"Board members like her casually dismiss the career work of scholars and scientists as just another misguided opinion, says Dan Quinn, senior communications strategist at the Texas Freedom Network, a non-profit group that monitors public education."
analysis,s0300,2023,6,阅读A,coarse,36,"The trade magazine The Bookseller reported that Waterstones branch managers were being told to remove PRH books from prominent areas such as tables, display spaces and windows, and were quietly retiring them to their relevant sections."
analysis,s0316,2023,8,阅读A,coarse,36,"In 2016, researchers developed an algorithm to recognize suspicious citation patterns, including groups of authors that disproportionately cite one another and groups of journals that cite each other frequently to increase the impact factors of their publications."
analysis,s0667,2026,11,翻译C,coarse,36,"Although these efforts were aimed at the nonscience-bound student, they never really made their way into mainstream thought and public discourse as a means to rally widespread support for the importance of science teaching in schools."
analysis,s0446,2024,13,阅读B,coarse,30,"They sometimes travel more than sixty miles to find food or water, and are very good at working out where other elephants are—even when they are out of sight."
analysis,s0052,2020,10,阅读A,coarse,34,"But it has already sparked significant controversy, with the United States trade representative opening an investigation into whether the tax discriminates against American companies, which in tum could lead to trade sanctions against France."
analysis,s0267,2022,11,翻译C,coarse,34,"It listed many documents in code that had been captured from the French army of Spain, and whose secrets had been revealed by the work of one George Scovell, an officer in British headquarters."
analysis,s0675,2026,11,翻译C,coarse,33,"A return to that version of scientific literacy, which focused more on teaching what science is and how it works and less on memorizing scientific facts, seems like something society today desperately needs."
analysis,s0511,2025,9,阅读A,coarse,33,"At the time of creation, no attempts were made at intentional preservation, yet analog materials have a chance of surviving and serving as the historical record that biographers, historians, and novelists rely on."
analysis,s0676,2026,11,翻译C,coarse,33,Educators advanced the idea of having students complete detailed laboratory exercises in high schools in the belief that such work was beneficial primarily as a way to enhance logical reasoning and observational skills.
analysis,s0285,2023,3,阅读A,coarse,33,"Branch points out that, even if a growing number of official guidelines and textbooks reflect scientific consensus on climate change, unofficial educational materials that convey more slanted perspectives are being distributed to teachers."
analysis,s0089,2021,4,阅读A,coarse,33,"Successive governments have permitted such increases on the grounds that the cost of investing in and running the rail network should be borne by those who use it, rather than the general taxpayer."
analysis,s0224,2022,8,阅读A,coarse,33,"If not placing jobs at risk, to the extent employment protection laws constrain business owners from dismissing under-performing managers, those laws act as a constraint on firm productivity and therefore on workers' wages."
analysis,s0434,2024,11,阅读B,coarse,32,"Having said that, I do feel that whatever artifacts find their way to public museums should, in fact, be sanctioned as having been obtained on loan, legally purchased, or obtained by treaty."
analysis,s0114,2021,8,阅读A,coarse,27,They are noting that the Victorians suddenly seem to become more human as the hundred-or-so years that separate us fade away through our common experience of laughter.
analysis,s0715,2023,1,完形重建,coarse,27,"It is believed that around 12,000 to 15,000 caravanserais were built along the Silk Road, although only about 3,000 are known to remain today, many of which are in ruins."
analysis,s0383,2024,5,阅读A,coarse,26,"Kung children as young as four will help to look after younger ones and baby-wearing, in which infants are carried in slings, is considered the norm."
analysis,s0459,2024,14,翻译C,coarse,31,"The experiment showed that elephants may well use smell to identify patches of trees that are good to eat, and secondly to assess the quality of the trees within each patch."
analysis,s0630,2026,9,阅读A,coarse,31,"In his Oxford lectures, Seamus Heaney argued that a poem draws a picture of reality, a glimpsed alternative that sets up a contradiction with your own, in ways little and large."
analysis,s0418,2024,9,阅读A,coarse,31,"It is too easy, and misleading, to see such court rulings as merely standing up for the rights of land owners when the consequences can be so dire for their neighbors."
analysis,s0060,2020,12,阅读B,coarse,26,But it can also be antagonistic such as when a political candidate turns toward their competitor during a debate and makes eye contact that signals hostility.
analysis,s0099,2021,5,阅读A,coarse,31,"In 2007, Indonesia started phasing in a program that gives money to its poorest residents under certain conditions, such as requiring people to keep kids in school or get regular medical care."
analysis,s0420,2024,9,阅读A,coarse,36,We can offer them a visit to Blackwater National Wildlife Refuge in Dorchester County where bald eagles fly over tidal marshes so shallow you could not paddle a boat across them but teaming with aquatic life.
analysis,s0172,2022,3,阅读A,coarse,26,"Thosepieces included small beds of roses and other items as well as a few dozen nature carpets — large rectangles decorated with foam pumpkins, cabbages, and watermelons."
analysis,s0151,2021,14,翻译C,coarse,30,And the demand that rose in those societies for entry to higher education extended to groups and social classes that had not thought of attending a university before the war.
analysis,s0048,2020,10,阅读A,coarse,30,"Last Thursday, the French Senate passed a digital services tax, which would impose an entirely new tax on large multinationals that provide digital services to consumers or users in France."
analysis,s0277,2023,3,阅读A,coarse,24,"There are as many scientists working against all the panic of global climate change as there are those who are pushing it, she claims."
analysis,s0071,2020,13,阅读B,coarse,24,Our findings indicate that people do not only feel different when they are the centre of attention but that their brain reactions also differ.
analysis,s0598,2026,5,阅读A,coarse,29,"Back then platforms such as Netflix, Amazon and Apple TV hemorrhaged billions of dollars to generate content to attract new subscribers, resulting in 633 scripted series being released that year."
analysis,s0521,2025,9,阅读A,coarse,29,"Without constant migration of digital assets, a nightmare about the foreseeable future is what keeps historians up at night: a historical record that abruptly stops when digital replace analog."
analysis,s0297,2023,5,阅读A,main_stem,34,"Hom said similar registration requirements could benefit struggling cities and towns, but if we want to make a change in the housing market, the main one is we have to build a lot more."
analysis,s0615,2026,7,阅读A,main_stem,28,"But inventions shape all of us and it is worth noticing when techno-social habits do change, and asking whether to control them a bit or shield the youngest."
analysis,s0470,2025,3,阅读A,main_stem,28,"The peer-reviewed results showed that the target group of pupils drew on a wider vocabulary, used words classed as more sophisticated or rarer, and wrote at greater length."
analysis,s0388,2024,5,阅读A,main_stem,28,"In a paper published in the Journal of Child Psychology and Psychiatry, researchers said that the western nuclear family was a recent invention which broke with evolutionary history."
analysis,s0266,2022,11,翻译C,main_stem,28,"It was also, and this is unknown even to many people well read about the period, a battle between those who made codes and those who broke them."
analysis,s0012,2020,4,阅读A,main_stem,28,"It is hard to get right, and requires a remarkable degree of vision, as well as cooperation between city authorities, the private sector, community groups and cultural organisations."
analysis,s0422,2024,11,阅读B,main_stem,28,There is no good reason that these artifacts should be beyond the ordinary reach of the educational objectives or inspiration of the generations to which they were left.
analysis,s0302,2023,6,阅读A,main_stem,27,We are not boycotting PRH titles but we are doing our utmost to ensure that availability for customers remains good despite the lower overall levels of stock.
analysis,s0371,2024,3,阅读A,main_stem,27,"As Roma Agrawal explains in her new delightful book Nuts and Bolts, early 17th-century Virginians would sometimes burn down their homes if they were planning to relocate."
analysis,s0004,2020,4,阅读A,main_stem,27,"The proposal is that it should sit alongside the existing city of culture title, which was held by Hull in 2017, and has been awarded to Coventry for 2021."
analysis,s0484,2025,5,阅读A,main_stem,32,"It can be hard for scientists to make the case because our work is complex, often takes place behind closed doors and does not always lend itself to easy interpretation or explanation."
analysis,s0556,2025,13,翻译C,main_stem,31,"Scientists have employed a variety of ways to engage the general public in their research, such as making data analysis into an online game or sample collection into a smartphone application."
analysis,s0281,2023,3,阅读A,main_stem,31,"Such debates reflect fierce discussions across the US, as researchers, policymakers, teachers and students step up demands for a greater focus on teaching about the facts of climate change in schools."
analysis,s0439,2024,12,阅读B,main_stem,20,"Yes, there is the risk that the original country will not have as good security as do the foreign countries."
analysis,s0508,2025,9,阅读A,main_stem,25,"Have you pondered the life cycle of intangible formats, digital information, given that those who produce these artifacts seldom make provision for their long-term preservation?"
analysis,s0358,2023,12,翻译C,main_stem,30,"Algorithms used to simulate human interactions are creating many of these concerns, especially as no-one is quite sure what the outcomes of using AI to interact with customers will be."
analysis,s0587,2026,4,阅读A,main_stem,30,"Donkeys are champions when it comes to carrying stuff and are good at crossing deserts, co-author Ludovic Orlando, an evolutionary biologist at Paul Sabatier University in France, tells the publication."
analysis,s0498,2025,7,阅读A,main_stem,30,"The people who are stealing our movies and our television shows and operating piracy sites are not mom and pop operations, says Charlie Rivkin, chief executive officer of the MPA."
analysis,s0551,2025,13,翻译C,main_stem,24,"Recent decades have seen science move into a convention where engagement in the subject can only be done through institutions, such as a university."
analysis,s0319,2023,8,阅读A,main_stem,24,These journals can act as milk cows where every single article in an issue may cite a specific paper or a series of papers.
analysis,s0530,2025,11,阅读B,main_stem,24,"These take-off shots are even more challenging because they require a wide-angle lens, which means he must be less than 2cm from the butterfly."
analysis,s0364,2023,12,翻译C,main_stem,29,The non-intrusive delivery of the marketing messages in a way that is sensitive to the needs of target customers is one of the critical challenges to the digital marketer.
analysis,s0038,2020,8,阅读A,main_stem,24,"In signing the measure, California Governor Jerry Brown admitted that the law, which expressly classifies people on the basis of sex, is probably unconstitutional."
analysis,s0282,2023,3,阅读A,main_stem,23,"Even if a state is considered a high performer in its science standards, that does not mean it will be taught, he says."
analysis,s0382,2024,5,阅读A,main_stem,23,"The idea is based on studies of communities such as the Kung of Botswana, where each child is cared for by many adults."
analysis,s0299,2023,6,阅读A,main_stem,23,"The problem began late last year, when PRH confirmed that it had introduced a credit limit with Waterstones at a very significant level."
analysis,s0496,2025,7,阅读A,main_stem,23,"Initially the rise of legitimate online businesses such as Netflix actually helped curb digital piracy, which had largely been based on file uploads."
analysis,s0311,2023,7,阅读A,main_stem,23,We shall see whether that plurality is a casualty of the current need among publishers to be big enough to take on all-comers.
analysis,s0265,2022,10,阅读B,main_stem,18,Marris distorts our findings which actually prove that zoos serve as an indispensable link between man and nature.
analysis,s0389,2024,5,阅读A,main_stem,22,"This abrupt shift to an intensive mothering narrative, which suggests that mothers should manage childcare alone, was likely to have been harmful."
analysis,s0628,2026,8,阅读A,main_stem,22,"Research shows that these prescribed burns make subsequent wildfires less severe, even if later fires happen under the most dangerous weather conditions."
analysis,s0303,2023,6,阅读A,main_stem,22,We are hopeful with our shops now open again that normality will return and that we will be allowed to buy appropriately.
analysis,s0367,2024,3,阅读A,main_stem,27,"Nearly 2,000 years ago, as the Romans began to pull out of Scotland, they left behind a curious treasure: 10 tons of nails, nearly a million of the things."
analysis,s0558,2025,13,翻译C,main_stem,27,This form of accessible science means that great minds are able to join the race to create and develop projects with the potential to change the world.
analysis,s0395,2024,5,阅读A,main_stem,21,Chaudhary said that Britain should explore the possibility that older siblings helping their parents might also enhance their own social development.
analysis,s0528,2025,11,阅读B,main_stem,20,"Peters likes to photograph butterflies in a landscape, celebrating the beauty of their surroundings as well as the insects themselves."
analysis,s0384,2024,5,阅读A,main_stem,25,"According to Dr Nikhil Chaudhary, an evolutionary anthropologist at Cambridge University, these practices, known as alloparenting, could lead to less anxiety for children and parents."
analysis,s0509,2025,9,阅读A,main_stem,19,"For millennia, we've known what we've known due to artifacts that have survived, often despite their original creators' neglect."
analysis,s0415,2024,9,阅读A,main_stem,18,"In Maryland, the good news is that there are many state laws in place that provide wetlands protections."
analysis,s0578,2026,4,阅读A,main_stem,15,But where and when these animals first became intertwined with humans has been a mystery.
