surface,count,year_counts,context_count,first_context
new,60,"{""2020"": 10, ""2021"": 4, ""2022"": 9, ""2023"": 11, ""2024"": 10, ""2025"": 7, ""2026"": 9}",10,"A group of Labour MPs, among them Yvette Cooper, are bringing in the new year with a call to institute a UK town of culture award."
people,54,"{""2020"": 12, ""2021"": 9, ""2022"": 10, ""2023"": 5, ""2024"": 8, ""2025"": 4, ""2026"": 6}",10,They transform the aspirations of the people who live there; they nudge the self-image of the city into a bolder and more optimistic light.
one,50,"{""2020"": 5, ""2021"": 9, ""2022"": 6, ""2023"": 8, ""2024"": 12, ""2025"": 7, ""2026"": 3}",10,The French tax is not just a unilateral move by one country in need of revenue.
science,45,"{""2020"": 1, ""2021"": 2, ""2022"": 7, ""2023"": 8, ""2025"": 11, ""2026"": 16}",10,"There are experiments that show that, naturally, the results of interviews are much more biased than what AI does, says Pedro Domingos, author of The Master Algorithm: How the Quest for the Ultimate Learning Machine Will Remake Our World and a computer science professor at the University of Washington."
use,43,"{""2020"": 2, ""2021"": 10, ""2022"": 2, ""2023"": 6, ""2024"": 11, ""2025"": 8, ""2026"": 4}",10,"With the use of eye-tracking technology, Minson of the Harvard Kennedy School of Government concluded that eye contact can signal very different kinds of messages, depending on the situation."
research,40,"{""2020"": 4, ""2021"": 2, ""2022"": 8, ""2023"": 2, ""2024"": 2, ""2025"": 12, ""2026"": 10}",10,"Scientists need journals in which to publish their research, so they will supply the articles without monetary reward."
time,40,"{""2020"": 8, ""2021"": 2, ""2022"": 8, ""2023"": 8, ""2024"": 4, ""2025"": 4, ""2026"": 6}",10,"Scientific publishers routinely report profit margins approaching 40% on their operations, at a time when the rest of the publishing industry is in an existential crisis."
work,39,"{""2020"": 3, ""2021"": 2, ""2022"": 13, ""2023"": 3, ""2024"": 5, ""2025"": 8, ""2026"": 5}",10,"Other scientists perform the specialised work of peer review also for free, because it is a central element in the acquisition of status and the production of scientific knowledge."
scientists,38,"{""2020"": 5, ""2021"": 1, ""2022"": 10, ""2023"": 8, ""2025"": 9, ""2026"": 5}",10,"Scientists need journals in which to publish their research, so they will supply the articles without monetary reward."
change,35,"{""2020"": 2, ""2021"": 4, ""2022"": 4, ""2023"": 10, ""2024"": 4, ""2025"": 5, ""2026"": 6}",10,The 17th and 18th centuries were times of radical change and curiosity.
scientific,34,"{""2020"": 15, ""2022"": 2, ""2023"": 5, ""2025"": 5, ""2026"": 7}",10,Scientific publishing has long been a licence to print money.
make,34,"{""2020"": 5, ""2021"": 2, ""2022"": 8, ""2023"": 3, ""2024"": 4, ""2025"": 3, ""2026"": 9}",10,"More than half of all British scientific research is now published under open access terms: either freely available from the moment of publication, or paywalled for a year or more so that the publishers can make a profit before being placed on general release."
years,33,"{""2020"": 2, ""2021"": 5, ""2022"": 3, ""2023"": 2, ""2024"": 5, ""2025"": 5, ""2026"": 11}",10,"Instead, the digital services tax is part of a much larger trend, with countries over the past few years proposing or putting in place an alphabet soup of new international tax provisions."
says,33,"{""2020"": 2, ""2021"": 10, ""2022"": 3, ""2023"": 5, ""2024"": 4, ""2025"": 6, ""2026"": 3}",10,"In fact, poverty alleviation and environmental protection are often viewed as conflicting goals, says Paul Ferraro, an economist at Johns Hopkins University."
need,33,"{""2020"": 3, ""2021"": 2, ""2022"": 5, ""2023"": 5, ""2024"": 5, ""2025"": 6, ""2026"": 7}",10,"Scientists need journals in which to publish their research, so they will supply the articles without monetary reward."
digital,33,"{""2020"": 11, ""2021"": 1, ""2023"": 2, ""2024"": 1, ""2025"": 16, ""2026"": 2}",10,"Last Thursday, the French Senate passed a digital services tax, which would impose an entirely new tax on large multinationals that provide digital services to consumers or users in France."
way,32,"{""2020"": 4, ""2021"": 2, ""2022"": 4, ""2023"": 7, ""2024"": 8, ""2025"": 4, ""2026"": 3}",10,Progressives often support diversity mandates as a path to equality and a way to level the playing field.
it's,31,"{""2020"": 1, ""2021"": 1, ""2022"": 6, ""2023"": 4, ""2024"": 5, ""2025"": 6, ""2026"": 8}",0,
said,31,"{""2020"": 1, ""2021"": 2, ""2022"": 5, ""2023"": 7, ""2024"": 5, ""2025"": 6, ""2026"": 5}",10,"Whether you're a politician or a parent, it might be helpful to keep in mind that trying to maintain eye contact may backfire if you're trying to convince someone who has a different set of beliefs than you, said Minson."
researchers,30,"{""2020"": 4, ""2021"": 1, ""2022"": 3, ""2023"": 3, ""2024"": 6, ""2025"": 8, ""2026"": 5}",10,"The success of Sci-Hub, which relies on researchers passing on copies they have themselves legally accessed, shows the legal ecosystem has lost legitimacy among its users and must be transformed so that it works for all participants."
world,29,"{""2020"": 4, ""2021"": 3, ""2022"": 3, ""2023"": 1, ""2024"": 4, ""2025"": 7, ""2026"": 7}",10,"A cynic might speculate that the UK is on the verge of disappearing into an endless fever of self-celebration in its desperation to reinvent itself for the post-Brexit world: after town of culture, who knows what will follow—village of culture?"
now,28,"{""2020"": 4, ""2021"": 4, ""2022"": 2, ""2023"": 3, ""2024"": 6, ""2025"": 6, ""2026"": 3}",10,"The most drastic, and thoroughly illegal, reaction has been the emergence of Sci-Hub, a kind of global photocopier for scientific papers, set up in 2012, which now claims to offer access to every paywalled article published since 2015."
according,28,"{""2020"": 4, ""2021"": 3, ""2022"": 4, ""2023"": 2, ""2024"": 7, ""2025"": 6, ""2026"": 2}",4,"According to a study by Catalyst, between 2010 and 2015 the share of women on the boards of global corporations increased by 54 percent."
public,27,"{""2020"": 1, ""2021"": 1, ""2022"": 6, ""2023"": 5, ""2024"": 3, ""2025"": 4, ""2026"": 7}",10,"Board members like her casually dismiss the career work of scholars and scientists as just another misguided opinion, says Dan Quinn, senior communications strategist at the Texas Freedom Network, a non-profit group that monitors public education."
author,27,"{""2020"": 4, ""2021"": 4, ""2022"": 6, ""2023"": 4, ""2024"": 2, ""2025"": 5, ""2026"": 2}",4,"There are experiments that show that, naturally, the results of interviews are much more biased than what AI does, says Pedro Domingos, author of The Master Algorithm: How the Quest for the Ultimate Learning Machine Will Remake Our World and a computer science professor at the University of Washington."
help,27,"{""2020"": 3, ""2021"": 6, ""2022"": 5, ""2023"": 2, ""2024"": 3, ""2025"": 3, ""2026"": 5}",10,But all too often such policies are an insincere form of virtue-signaling that benefits only the most privileged and does little to help average people.
year,26,"{""2020"": 8, ""2021"": 2, ""2022"": 1, ""2023"": 6, ""2024"": 1, ""2025"": 5, ""2026"": 3}",10,"A group of Labour MPs, among them Yvette Cooper, are bringing in the new year with a call to institute a UK town of culture award."
well,26,"{""2020"": 3, ""2021"": 4, ""2022"": 6, ""2023"": 3, ""2024"": 4, ""2025"": 5, ""2026"": 1}",10,"It is hard to get right, and requires a remarkable degree of vision, as well as cooperation between city authorities, the private sector, community groups and cultural organisations."
study,26,"{""2020"": 3, ""2021"": 8, ""2022"": 2, ""2023"": 2, ""2024"": 1, ""2025"": 6, ""2026"": 4}",10,"According to a study by Catalyst, between 2010 and 2015 the share of women on the boards of global corporations increased by 54 percent."
services,26,"{""2020"": 11, ""2021"": 5, ""2023"": 1, ""2024"": 1, ""2025"": 6, ""2026"": 2}",10,"Last Thursday, the French Senate passed a digital services tax, which would impose an entirely new tax on large multinationals that provide digital services to consumers or users in France."
education,26,"{""2021"": 8, ""2022"": 6, ""2023"": 5, ""2025"": 2, ""2026"": 5}",7,"But after the war, great social and political changes arising out of the successful war against Fascism created a growing demand in European and American economies for increasing numbers of graduates with more than a secondary school education."
used,25,"{""2020"": 2, ""2021"": 2, ""2022"": 2, ""2023"": 6, ""2024"": 5, ""2025"": 4, ""2026"": 4}",10,"Such actions to seek knowledge and to understand what information we already knew were captured by the Latin phrase 'sapere aude' or 'dare to know', after Immanuel Kant used it in his essay An Answer to the Question: What is Enlightenment?."
like,25,"{""2020"": 4, ""2021"": 5, ""2022"": 2, ""2023"": 5, ""2024"": 2, ""2025"": 2, ""2026"": 5}",10,"A badly run year of culture washes in and out of a place like the tide, bringing prominence for a spell but leaving no lasting benefits to the community."
social,25,"{""2020"": 5, ""2021"": 7, ""2022"": 2, ""2023"": 4, ""2024"": 2, ""2025"": 1, ""2026"": 4}",10,"In some ways the scientific publishing model resembles the economy of the social internet: labour is provided free in exchange for the hope of status, while huge profits are made by a few big firms who run the market places."
different,25,"{""2020"": 4, ""2021"": 4, ""2022"": 3, ""2023"": 1, ""2024"": 6, ""2025"": 4, ""2026"": 3}",10,"With the use of eye-tracking technology, Minson of the Harvard Kennedy School of Government concluded that eye contact can signal very different kinds of messages, depending on the situation."
animals,25,"{""2022"": 18, ""2026"": 7}",10,Both the wildlife park and zoo claimed to be operating for the benefit of the animals and for conservation purposes.
artifacts,25,"{""2022"": 4, ""2024"": 14, ""2025"": 7}",10,"Joana Lia Ferreira, an assistant professor of conservation and restoration at the NOVA School of Science and Technology, notes that archaeologists first defined the great material ages of human history—Stone Age, Iron Age, and so on—after examining artifacts in museums."
tax,24,"{""2020"": 21, ""2026"": 3}",10,"Last Thursday, the French Senate passed a digital services tax, which would impose an entirely new tax on large multinationals that provide digital services to consumers or users in France."
countries,24,"{""2020"": 7, ""2021"": 3, ""2022"": 1, ""2024"": 12, ""2026"": 1}",10,"Instead, the digital services tax is part of a much larger trend, with countries over the past few years proposing or putting in place an alphabet soup of new international tax provisions."
two,24,"{""2020"": 1, ""2021"": 3, ""2022"": 3, ""2023"": 3, ""2024"": 8, ""2025"": 5, ""2026"": 1}",10,"When more and more of us have a degree, it makes sense to have two."
best,22,"{""2020"": 2, ""2021"": 3, ""2022"": 3, ""2023"": 1, ""2024"": 5, ""2025"": 5, ""2026"": 3}",5,"There are also companies like Acquisio, which analyzes advertising performance across multiple channels like Adwords, Bing and social media and makes adjustments or suggestions about where advertising funds will yield best results."
culture,22,"{""2020"": 13, ""2021"": 1, ""2022"": 2, ""2024"": 3, ""2025"": 1, ""2026"": 2}",10,"A group of Labour MPs, among them Yvette Cooper, are bringing in the new year with a call to institute a UK town of culture award."
good,22,"{""2020"": 1, ""2021"": 2, ""2022"": 4, ""2023"": 2, ""2024"": 7, ""2025"": 2, ""2026"": 4}",10,The really successful holders of such titles are those that do a great deal more than fill hotel bedrooms and bring in high-profile arts events and good press for a year.
state,22,"{""2020"": 4, ""2021"": 4, ""2023"": 8, ""2024"": 5, ""2025"": 1}",10,"A pair of bills sponsored by Massachusetts state Senator Jason Lewis and House Speaker Pro Tempore Patricia Haddad, to ensure gender parity on boards and commissions, provide a case in point."
data,22,"{""2020"": 1, ""2021"": 6, ""2022"": 2, ""2023"": 7, ""2024"": 2, ""2025"": 4}",10,"Digital services include everything from providing a platform for selling goods and services online to targeting advertising based on user data, and the tax applies to gross revenue from such services."
words,22,"{""2020"": 4, ""2021"": 2, ""2022"": 3, ""2023"": 3, ""2024"": 2, ""2025"": 6, ""2026"": 2}",5,"Many French politicians and media outlets have referred to this as a GAFA tax, meaning that it is designed to apply primarily to companies such as Google, Apple, Facebook and Amazon—in other words, multinational tech companies based in the United States."
climate,22,"{""2021"": 1, ""2022"": 3, ""2023"": 9, ""2024"": 1, ""2025"": 3, ""2026"": 5}",8,"There are as many scientists working against all the panic of global climate change as there are those who are pushing it, she claims."
artists,22,"{""2022"": 14, ""2023"": 1, ""2024"": 6, ""2025"": 1}",10,These were some of the words that Nature readers used to describe their experience of art-science collaborations in a series of articles on partnerships between artists and researchers.
found,21,"{""2020"": 3, ""2021"": 4, ""2022"": 3, ""2024"": 5, ""2025"": 3, ""2026"": 3}",10,Neuroscientist Bonnie Auyeung found that the hormone oxytocin increased the amount of eye contact from men toward the interviewer during a brief interview when the direction of their gaze was recorded.
local,21,"{""2020"": 2, ""2021"": 4, ""2022"": 1, ""2023"": 7, ""2024"": 2, ""2025"": 2, ""2026"": 3}",6,"A distressed animal in a zoo will get as good or better treatment than most of us at our local hospital.: As a fellow environmentalist, animal-protection advocate and longtime vegetarian, I could properly be in the same camp as Emma Marris on the issue of zoos."
last,21,"{""2020"": 4, ""2021"": 3, ""2022"": 3, ""2023"": 5, ""2024"": 2, ""2025"": 2, ""2026"": 2}",6,A report last year pointed out that the costs both of subscriptions and of these article preparation costs had been steadily rising at a rate above inflation.
companies,21,"{""2020"": 8, ""2021"": 11, ""2024"": 2}",10,"The bills are similar to a measure recently adopted in California, which last year became the first state to require gender quotas for private companies."
technology,21,"{""2020"": 1, ""2021"": 1, ""2022"": 5, ""2024"": 4, ""2025"": 5, ""2026"": 5}",9,"With the use of eye-tracking technology, Minson of the Harvard Kennedy School of Government concluded that eye contact can signal very different kinds of messages, depending on the situation."
information,21,"{""2020"": 1, ""2021"": 1, ""2023"": 3, ""2024"": 2, ""2025"": 13, ""2026"": 1}",10,"Such actions to seek knowledge and to understand what information we already knew were captured by the Latin phrase 'sapere aude' or 'dare to know', after Immanuel Kant used it in his essay An Answer to the Question: What is Enlightenment?."
art,20,"{""2020"": 1, ""2022"": 4, ""2024"": 11, ""2026"": 4}",8,Such an approach can both prompt new research as well as result in powerful art.
ways,20,"{""2020"": 5, ""2021"": 3, ""2023"": 2, ""2024"": 4, ""2025"": 4, ""2026"": 2}",10,In some ways it has been very successful.
first,20,"{""2020"": 1, ""2021"": 3, ""2022"": 5, ""2023"": 3, ""2024"": 3, ""2025"": 1, ""2026"": 4}",10,"The bills are similar to a measure recently adopted in California, which last year became the first state to require gender quotas for private companies."
history,20,"{""2020"": 1, ""2022"": 4, ""2024"": 6, ""2025"": 1, ""2026"": 8}",7,"The US Supreme Court frowns on sex-based classifications unless they are designed to address an important policy interest, Because the California law applies to all boards, even where there is no history of prior discrimination, courts are likely to rule that the law violates the constitutional guarantee of equal protection."
energy,20,"{""2021"": 3, ""2022"": 1, ""2023"": 5, ""2024"": 3, ""2025"": 8}",9,"Saving customers money Energy companies can use AI to help customers reduce their electricity bills, saving them money while helping the environment."
zoos,19,"{""2022"": 19}",10,Animals despise being captives in zoos.
great,18,"{""2020"": 6, ""2021"": 2, ""2022"": 3, ""2024"": 1, ""2025"": 5, ""2026"": 1}",10,The really successful holders of such titles are those that do a great deal more than fill hotel bedrooms and bring in high-profile arts events and good press for a year.
made,18,"{""2020"": 4, ""2021"": 1, ""2022"": 1, ""2023"": 3, ""2024"": 2, ""2025"": 4, ""2026"": 3}",10,"In some ways the scientific publishing model resembles the economy of the social internet: labour is provided free in exchange for the hope of status, while huge profits are made by a few big firms who run the market places."
degree,18,"{""2020"": 1, ""2021"": 1, ""2022"": 15, ""2026"": 1}",8,"It is hard to get right, and requires a remarkable degree of vision, as well as cooperation between city authorities, the private sector, community groups and cultural organisations."
find,18,"{""2020"": 1, ""2021"": 2, ""2022"": 2, ""2023"": 2, ""2024"": 3, ""2025"": 5, ""2026"": 3}",8,"With the content of papers secured for free, the publisher needs only to find a market for its journal."
often,18,"{""2020"": 3, ""2021"": 5, ""2022"": 3, ""2024"": 4, ""2025"": 2, ""2026"": 1}",10,Progressives often support diversity mandates as a path to equality and a way to level the playing field.
eye,18,"{""2020"": 17, ""2026"": 1}",7,"In a social situation, eye contact with another person can show that you are paying attention in a friendly way."
contact,18,"{""2020"": 16, ""2022"": 1, ""2023"": 1}",9,"In a social situation, eye contact with another person can show that you are paying attention in a friendly way."
paper,18,"{""2023"": 2, ""2024"": 3, ""2025"": 1, ""2026"": 12}",4,These journals can act as milk cows where every single article in an issue may cite a specific paper or a series of papers.
few,17,"{""2020"": 6, ""2021"": 2, ""2022"": 3, ""2024"": 1, ""2025"": 2, ""2026"": 3}",10,"In some ways the scientific publishing model resembles the economy of the social internet: labour is provided free in exchange for the hope of status, while huge profits are made by a few big firms who run the market places."
high,17,"{""2020"": 5, ""2021"": 4, ""2023"": 4, ""2024"": 1, ""2025"": 1, ""2026"": 2}",10,"In people who score high in a test of neuroticism, a personality dimension associated with self-consciousness and anxiety, eye contact triggered more activity associated with avoidance, according to the Finnish researcher Jari Hietanen and colleagues."
since,17,"{""2020"": 2, ""2021"": 2, ""2022"": 1, ""2023"": 3, ""2024"": 3, ""2025"": 3, ""2026"": 3}",8,"The most drastic, and thoroughly illegal, reaction has been the emergence of Sci-Hub, a kind of global photocopier for scientific papers, set up in 2012, which now claims to offer access to every paywalled article published since 2015."
place,17,"{""2020"": 2, ""2022"": 1, ""2023"": 3, ""2024"": 6, ""2025"": 2, ""2026"": 3}",10,"A badly run year of culture washes in and out of a place like the tide, bringing prominence for a spell but leaving no lasting benefits to the community."
number,17,"{""2020"": 2, ""2021"": 1, ""2023"": 8, ""2025"": 2, ""2026"": 4}",10,The number of women on corporate boards has been steadily increasing without government interference.
business,17,"{""2020"": 1, ""2021"": 1, ""2022"": 6, ""2023"": 1, ""2026"": 8}",5,"As countless boards and business owners will attest, constraining firms from firing poorly performing, high-earning managers is a handbrake on boosting productivity and overall performance."
role,17,"{""2020"": 2, ""2021"": 2, ""2022"": 3, ""2023"": 2, ""2024"": 3, ""2025"": 2, ""2026"": 3}",4,"More than half a century ago, the Massachusetts Institute of Technology opened its Center for Advanced Visual Studies (CAVS) to explore the role of technology in culture."
based,17,"{""2020"": 3, ""2021"": 3, ""2022"": 1, ""2023"": 1, ""2024"": 6, ""2025"": 2, ""2026"": 1}",8,"Digital services include everything from providing a platform for selling goods and services online to targeting advertising based on user data, and the tax applies to gross revenue from such services."
states,17,"{""2020"": 3, ""2021"": 1, ""2023"": 3, ""2024"": 3, ""2025"": 1, ""2026"": 6}",7,"Many French politicians and media outlets have referred to this as a GAFA tax, meaning that it is designed to apply primarily to companies such as Google, Apple, Facebook and Amazon—in other words, multinational tech companies based in the United States."
show,17,"{""2020"": 1, ""2021"": 7, ""2022"": 2, ""2024"": 1, ""2025"": 3, ""2026"": 3}",5,"In a social situation, eye contact with another person can show that you are paying attention in a friendly way."
donkeys,17,"{""2026"": 17}",8,"Now, researchers have used genomes of over 200 donkeys to trace their domestication back to a single event around 7,000 years ago in East Africa — about 3,000 years before humans tamed horses."
growth,16,"{""2020"": 1, ""2021"": 11, ""2022"": 2, ""2023"": 1, ""2026"": 1}",9,"In Indonesia, the program has provided enough food and medicine to substantially reduce severe growth problems among children."
university,16,"{""2020"": 3, ""2021"": 3, ""2022"": 3, ""2024"": 1, ""2025"": 2, ""2026"": 4}",9,"Until this century, university libraries were not very price sensitive."
international,16,"{""2020"": 9, ""2022"": 2, ""2023"": 2, ""2024"": 1, ""2025"": 1, ""2026"": 1}",7,"Instead, the digital services tax is part of a much larger trend, with countries over the past few years proposing or putting in place an alphabet soup of new international tax provisions."
future,16,"{""2020"": 1, ""2021"": 1, ""2022"": 5, ""2023"": 1, ""2024"": 2, ""2025"": 5, ""2026"": 1}",7,"We now live in an age of plastic, she says, and what we decide to collect today, what we decide to preserve... will have a strong impact on how in the future we'll be seen."
intelligence,16,"{""2021"": 8, ""2022"": 4, ""2023"": 1, ""2025"": 2, ""2026"": 1}",10,Here are a few ways AI is aiding companies without replacing employees: Better hiring practices Companies are using artificial intelligence to remove some of the unconscious bias from hiring decisions.
children,16,"{""2021"": 1, ""2022"": 2, ""2023"": 1, ""2024"": 9, ""2025"": 3}",10,"In Indonesia, the program has provided enough food and medicine to substantially reduce severe growth problems among children."
authors,16,"{""2022"": 1, ""2023"": 13, ""2026"": 2}",10,"In the meantime, PRH authors have been the losers."
nails,16,"{""2024"": 16}",8,"Nearly 2,000 years ago, as the Romans began to pull out of Scotland, they left behind a curious treasure: 10 tons of nails, nearly a million of the things."
support,15,"{""2020"": 3, ""2022"": 1, ""2023"": 6, ""2024"": 1, ""2025"": 2, ""2026"": 2}",8,Progressives often support diversity mandates as a path to equality and a way to level the playing field.
life,15,"{""2020"": 1, ""2021"": 3, ""2022"": 3, ""2024"": 2, ""2025"": 3, ""2026"": 3}",10,"When a faculty or department grows from, say, five to 20 members within three or four years, and when the new staff are predominantly young men and women fresh from postgraduate study, they largely define the norms of academic life in that faculty."
get,15,"{""2020"": 1, ""2021"": 3, ""2022"": 1, ""2024"": 2, ""2025"": 3, ""2026"": 5}",7,"It is hard to get right, and requires a remarkable degree of vision, as well as cooperation between city authorities, the private sector, community groups and cultural organisations."
example,15,"{""2020"": 1, ""2021"": 1, ""2022"": 1, ""2023"": 2, ""2024"": 5, ""2025"": 4, ""2026"": 1}",5,"For example, a high growth rate placed great strains on the existing structures of governance, of administration, and above all of socialization."
journals,15,"{""2020"": 1, ""2023"": 14}",10,"Scientists need journals in which to publish their research, so they will supply the articles without monetary reward."
needs,15,"{""2020"": 5, ""2021"": 3, ""2022"": 1, ""2023"": 4, ""2026"": 2}",8,"With the content of papers secured for free, the publisher needs only to find a market for its journal."
provide,15,"{""2020"": 2, ""2021"": 1, ""2022"": 1, ""2023"": 4, ""2024"": 4, ""2026"": 3}",10,"A pair of bills sponsored by Massachusetts state Senator Jason Lewis and House Speaker Pro Tempore Patricia Haddad, to ensure gender parity on boards and commissions, provide a case in point."
instead,15,"{""2020"": 2, ""2021"": 4, ""2022"": 2, ""2023"": 2, ""2024"": 1, ""2025"": 1, ""2026"": 3}",6,"Instead, the digital services tax is part of a much larger trend, with countries over the past few years proposing or putting in place an alphabet soup of new international tax provisions."
name,15,"{""2020"": 2, ""2021"": 1, ""2022"": 2, ""2023"": 1, ""2024"": 6, ""2025"": 2, ""2026"": 1}",2,The founders deliberately focused their projects around light—hence the visual studies in the name.
age,15,"{""2020"": 1, ""2021"": 5, ""2022"": 4, ""2025"": 2, ""2026"": 3}",10,"As many took on the duty of trying to integrate reasoning and scientific philosophies into the world, the Renaissance was over and it was time for a new era - the Age of Reason."
essay,15,"{""2020"": 3, ""2021"": 2, ""2022"": 2, ""2023"": 2, ""2024"": 2, ""2025"": 2, ""2026"": 2}",3,"Such actions to seek knowledge and to understand what information we already knew were captured by the Latin phrase 'sapere aude' or 'dare to know', after Immanuel Kant used it in his essay An Answer to the Question: What is Enlightenment?."
program,15,"{""2021"": 11, ""2022"": 1, ""2024"": 2, ""2026"": 1}",5,"In 2007, Indonesia started phasing in a program that gives money to its poorest residents under certain conditions, such as requiring people to keep kids in school or get regular medical care."
human,15,"{""2021"": 3, ""2022"": 1, ""2023"": 1, ""2025"": 2, ""2026"": 8}",7,They are noting that the Victorians suddenly seem to become more human as the hundred-or-so years that separate us fade away through our common experience of laughter.
don't,14,"{""2020"": 1, ""2021"": 2, ""2022"": 3, ""2023"": 1, ""2024"": 1, ""2025"": 2, ""2026"": 4}",0,
put,14,"{""2020"": 1, ""2021"": 1, ""2022"": 1, ""2023"": 2, ""2024"": 2, ""2025"": 3, ""2026"": 4}",7,"In New Hampshire, where the rental vacancy rate has dropped below 1 percent, housing advocates fear unchecked short-term rentals will put further pressure on an already strained market."
see,14,"{""2020"": 1, ""2021"": 3, ""2023"": 1, ""2024"": 5, ""2025"": 1, ""2026"": 3}",8,"Some might see the proposal as a booby prize for the fact that Britain is no longer able to apply for the much more prestigious title of European capital of culture, a sought-after award bagged by Glasgow in 1990 and Liverpool in 2008."
access,14,"{""2020"": 5, ""2021"": 1, ""2022"": 1, ""2024"": 3, ""2025"": 4}",10,"The most drastic, and thoroughly illegal, reaction has been the emergence of Sci-Hub, a kind of global photocopier for scientific papers, set up in 2012, which now claims to offer access to every paywalled article published since 2015."
published,14,"{""2020"": 2, ""2022"": 1, ""2023"": 4, ""2024"": 2, ""2025"": 2, ""2026"": 3}",10,"The most drastic, and thoroughly illegal, reaction has been the emergence of Sci-Hub, a kind of global photocopier for scientific papers, set up in 2012, which now claims to offer access to every paywalled article published since 2015."
shows,14,"{""2020"": 1, ""2021"": 1, ""2022"": 1, ""2023"": 2, ""2025"": 3, ""2026"": 6}",5,"The success of Sci-Hub, which relies on researchers passing on copies they have themselves legally accessed, shows the legal ecosystem has lost legitimacy among its users and must be transformed so that it works for all participants."
system,14,"{""2020"": 6, ""2021"": 2, ""2022"": 2, ""2024"": 3, ""2025"": 1}",9,Yet the new system has not worked out any cheaper for the universities.
boards,14,"{""2020"": 11, ""2022"": 1, ""2023"": 1, ""2026"": 1}",10,"A pair of bills sponsored by Massachusetts state Senator Jason Lewis and House Speaker Pro Tempore Patricia Haddad, to ensure gender parity on boards and commissions, provide a case in point."
online,14,"{""2020"": 1, ""2021"": 3, ""2024"": 3, ""2025"": 6, ""2026"": 1}",7,"Digital services include everything from providing a platform for selling goods and services online to targeting advertising based on user data, and the tax applies to gross revenue from such services."
picture,14,"{""2020"": 2, ""2021"": 2, ""2022"": 2, ""2023"": 2, ""2024"": 2, ""2025"": 3, ""2026"": 1}",4,"When we look at a face or a picture, our eyes pause on one spot at a time, often on the eyes or mouth."
nature,14,"{""2021"": 1, ""2022"": 7, ""2023"": 1, ""2024"": 2, ""2025"": 3}",10,"Nature gave us lips to conceal our teeth, ran one popular Victorian saying, alluding to the fact that before the birth of proper dentistry, mouths were often in a shocking state of hygiene."
control,14,"{""2021"": 1, ""2022"": 1, ""2023"": 2, ""2024"": 2, ""2025"": 5, ""2026"": 3}",5,By allowing AI to develop content some brand marketers may find that they are losing control over the brand narrative.
citation,14,"{""2023"": 14}",10,"Citation cartels, where journals, authors, and institutions conspire to inflate citation numbers, have existed for a long time."
hard,13,"{""2020"": 4, ""2022"": 1, ""2023"": 3, ""2024"": 1, ""2025"": 4}",8,"It is hard to get right, and requires a remarkable degree of vision, as well as cooperation between city authorities, the private sector, community groups and cultural organisations."
reduce,13,"{""2020"": 3, ""2021"": 6, ""2024"": 2, ""2025"": 1, ""2026"": 1}",7,"Called conditional cash transfers or CCTs, these social assistance programs are designed to reduce inequality and break the cycle of poverty."
likely,13,"{""2020"": 4, ""2021"": 1, ""2022"": 1, ""2023"": 2, ""2024"": 2, ""2025"": 2, ""2026"": 1}",4,"The US Supreme Court frowns on sex-based classifications unless they are designed to address an important policy interest, Because the California law applies to all boards, even where there is no history of prior discrimination, courts are likely to rule that the law violates the constitutional guarantee of equal protection."
open,13,"{""2020"": 4, ""2021"": 2, ""2023"": 1, ""2024"": 5, ""2025"": 1}",9,In Britain the move towards open access publishing has been driven by funding bodies.
four,13,"{""2020"": 1, ""2021"": 2, ""2022"": 3, ""2023"": 2, ""2024"": 3, ""2025"": 1, ""2026"": 1}",4,"When a faculty or department grows from, say, five to 20 members within three or four years, and when the new staff are predominantly young men and women fresh from postgraduate study, they largely define the norms of academic life in that faculty."
become,13,"{""2020"": 2, ""2021"": 4, ""2023"": 2, ""2024"": 1, ""2025"": 2, ""2026"": 2}",5,"A town of culture award could, it is argued, become an annual event, attracting funding and creating jobs."
long,13,"{""2020"": 1, ""2021"": 2, ""2022"": 2, ""2023"": 2, ""2024"": 2, ""2025"": 2, ""2026"": 2}",5,Scientific publishing has long been a licence to print money.
themselves,13,"{""2020"": 1, ""2022"": 3, ""2023"": 1, ""2024"": 2, ""2025"": 4, ""2026"": 2}",8,"The success of Sci-Hub, which relies on researchers passing on copies they have themselves legally accessed, shows the legal ecosystem has lost legitimacy among its users and must be transformed so that it works for all participants."
women,13,"{""2020"": 9, ""2021"": 4}",10,"In order to ensure that elite women have more such opportunities, they have proposed imposing government quotas."
lead,13,"{""2020"": 2, ""2021"": 1, ""2022"": 2, ""2023"": 3, ""2024"": 3, ""2026"": 2}",10,Requiring companies to make gender the primary qualification for board membership will inevitably lead to less experienced private sector boards.
students,13,"{""2020"": 1, ""2021"": 5, ""2022"": 3, ""2023"": 1, ""2025"": 1, ""2026"": 2}",8,"And if the postgraduate student population also grows rapidly and there is loss of a close apprenticeship relationship between faculty members and students, the student culture becomes the chief socializing force for new postgraduate students, with consequences for the intellectual and academic life of the institution—this was seen in America as well as in France, Italy, West Germany, and Japan."
think,13,"{""2021"": 1, ""2022"": 1, ""2023"": 3, ""2024"": 2, ""2025"": 4, ""2026"": 2}",7,"Our studies focused on the impact of zoo experiences on how people think about themselves and nature, and the data points extracted from our studies do not, in any way, discount what is learned in a zoo visit."
take,13,"{""2021"": 4, ""2022"": 1, ""2023"": 2, ""2024"": 2, ""2025"": 3, ""2026"": 1}",9,"Court of Appeals for the District of Columbia Circuit was the latest take of the Federal Communications Commission (FCC) on net neutrality, adopted on a party-line vote in 2017."
act,13,"{""2021"": 1, ""2022"": 3, ""2023"": 2, ""2024"": 2, ""2025"": 3, ""2026"": 2}",7,The endless legal battles and back-and-forth at the FCC cry out for Congress to act.
customers,13,"{""2021"": 3, ""2023"": 9, ""2026"": 1}",10,"Saving customers money Energy companies can use AI to help customers reduce their electricity bills, saving them money while helping the environment."
old,13,"{""2022"": 2, ""2023"": 2, ""2024"": 4, ""2025"": 5}",7,Old objects continue to deteriorate.
workers,13,"{""2022"": 7, ""2023"": 3, ""2026"": 3}",7,Personal grievance procedures were designed to guard the jobs of ordinary workers from unjustified dismissals.
housing,13,"{""2023"": 13}",6,"In New Hampshire, where the rental vacancy rate has dropped below 1 percent, housing advocates fear unchecked short-term rentals will put further pressure on an already strained market."
books,13,"{""2023"": 9, ""2024"": 1, ""2026"": 3}",7,"Both of these books are published next week by Penguin Random House (PRH), a company currently involved in a stand-off with Waterstones."
means,12,"{""2020"": 1, ""2021"": 2, ""2023"": 1, ""2024"": 3, ""2025"": 4, ""2026"": 1}",7,Perhaps museums and governments might explore some role for the use of nearly exact reproductions as a means of resolving issues relating to returning works of art and antiquities.
studies,12,"{""2020"": 2, ""2021"": 2, ""2022"": 6, ""2023"": 1, ""2024"": 1}",7,"More than half a century ago, the Massachusetts Institute of Technology opened its Center for Advanced Visual Studies (CAVS) to explore the role of technology in culture."
group,12,"{""2020"": 1, ""2021"": 1, ""2023"": 4, ""2024"": 1, ""2025"": 4, ""2026"": 1}",10,"A group of Labour MPs, among them Yvette Cooper, are bringing in the new year with a call to institute a UK town of culture award."
publishing,12,"{""2020"": 8, ""2022"": 1, ""2023"": 3}",6,Scientific publishing has long been a licence to print money.
money,12,"{""2020"": 3, ""2021"": 7, ""2022"": 1, ""2023"": 1}",7,Scientific publishing has long been a licence to print money.
content,12,"{""2020"": 2, ""2023"": 8, ""2026"": 2}",10,"With the content of papers secured for free, the publisher needs only to find a market for its journal."
papers,12,"{""2020"": 3, ""2022"": 1, ""2023"": 8}",8,"With the content of papers secured for free, the publisher needs only to find a market for its journal."
industry,12,"{""2020"": 2, ""2023"": 5, ""2025"": 1, ""2026"": 4}",4,"Scientific publishers routinely report profit margins approaching 40% on their operations, at a time when the rest of the publishing industry is in an existential crisis."
learned,12,"{""2020"": 3, ""2021"": 1, ""2022"": 2, ""2023"": 1, ""2024"": 2, ""2025"": 2, ""2026"": 1}",2,"Our studies focused on the impact of zoo experiences on how people think about themselves and nature, and the data points extracted from our studies do not, in any way, discount what is learned in a zoo visit."
order,12,"{""2020"": 1, ""2021"": 8, ""2023"": 1, ""2025"": 1, ""2026"": 1}",5,"In order to ensure that elite women have more such opportunities, they have proposed imposing government quotas."
california,12,"{""2020"": 4, ""2021"": 1, ""2026"": 7}",5,"The bills are similar to a measure recently adopted in California, which last year became the first state to require gender quotas for private companies."
protection,12,"{""2020"": 1, ""2021"": 1, ""2022"": 5, ""2023"": 1, ""2024"": 3, ""2026"": 1}",7,"The US Supreme Court frowns on sex-based classifications unless they are designed to address an important policy interest, Because the California law applies to all boards, even where there is no history of prior discrimination, courts are likely to rule that the law violates the constitutional guarantee of equal protection."
large,12,"{""2020"": 1, ""2022"": 1, ""2023"": 3, ""2024"": 1, ""2025"": 2, ""2026"": 4}",9,"Last Thursday, the French Senate passed a digital services tax, which would impose an entirely new tax on large multinationals that provide digital services to consumers or users in France."
past,12,"{""2020"": 1, ""2021"": 2, ""2022"": 2, ""2025"": 3, ""2026"": 4}",5,"Instead, the digital services tax is part of a much larger trend, with countries over the past few years proposing or putting in place an alphabet soup of new international tax provisions."
school,12,"{""2020"": 1, ""2021"": 2, ""2022"": 4, ""2023"": 1, ""2024"": 1, ""2025"": 1, ""2026"": 2}",8,"With the use of eye-tracking technology, Minson of the Harvard Kennedy School of Government concluded that eye contact can signal very different kinds of messages, depending on the situation."
short-term,12,"{""2021"": 1, ""2023"": 11}",6,"In New Hampshire, where the rental vacancy rate has dropped below 1 percent, housing advocates fear unchecked short-term rentals will put further pressure on an already strained market."
service,12,"{""2021"": 7, ""2023"": 4, ""2026"": 1}",7,"It is all very well train operators trumpeting the improvements they are making to the network, but passengers should be able to expect a basic level of service for the substantial sums they are now paying to travel."
value,12,"{""2021"": 1, ""2022"": 4, ""2023"": 1, ""2024"": 4, ""2025"": 2}",3,But she underestimates the educational value of zoos.
early,12,"{""2021"": 2, ""2022"": 3, ""2023"": 1, ""2024"": 4, ""2026"": 2}",5,"From the early days of broadband, advocates for consumers and web-based companies worried that the cable and phone companies selling broadband connections had the power and incentive to favor affiliated websites over their rivals'."
images,12,"{""2021"": 1, ""2023"": 4, ""2024"": 7}",7,"Throughout the trip, Jackson juggled multiple cameras and plate sizes using the collodion process that involved coating the plates with a chemical mixture, exposing them and developing the resulting images with a portable darkroom."
broadband,12,"{""2021"": 12}",6,"From the early days of broadband, advocates for consumers and web-based companies worried that the cable and phone companies selling broadband connections had the power and incentive to favor affiliated websites over their rivals'."
streaming,12,"{""2021"": 1, ""2025"": 10, ""2026"": 1}",7,Yet the FCC also ended the investigations of broadband providers that imposed data caps on their rivals' streaming services but not their own.
war,12,"{""2021"": 6, ""2022"": 3, ""2025"": 1, ""2026"": 2}",5,Those societies came out of the war with levels of enrollment that had been roughly constant at 3-5% of the relevant age groups during the decades before the war.
museums,12,"{""2022"": 6, ""2024"": 6}",9,"All of which creates huge headaches for institutions, such as museums, trying to preserve culturally important objects."
objects,12,"{""2022"": 5, ""2024"": 5, ""2025"": 2}",8,"All of which creates huge headaches for institutions, such as museums, trying to preserve culturally important objects."
pupils,12,"{""2023"": 1, ""2024"": 1, ""2025"": 10}",4,changes to science standards for pre-teen pupils.
prh,12,"{""2023"": 12}",7,"Both of these books are published next week by Penguin Random House (PRH), a company currently involved in a stand-off with Waterstones."
beauty,12,"{""2023"": 1, ""2025"": 1, ""2026"": 10}",2,"In addition to the entourage of scientists, the team also included artists: Painter Thomas Moran and photographer Jackson were charged with capturing this astounding natural beauty and sharing it with the world."
film,12,"{""2025"": 1, ""2026"": 11}",4,"But the age of streaming has been a boon for some unintended winners: pirates that use software to rip a film or television show in seconds from legitimate online video platforms and host the titles on their own, illegitimate services, which rake in about $2 billion annually from ads and subscriptions."
lazynote,12,"{""2026"": 12}",0,
kaoyan,12,"{""2026"": 12}",0,
english-one,12,"{""2026"": 12}",0,
say,11,"{""2020"": 1, ""2021"": 2, ""2022"": 3, ""2024"": 2, ""2026"": 3}",6,"When a faculty or department grows from, say, five to 20 members within three or four years, and when the new staff are predominantly young men and women fresh from postgraduate study, they largely define the norms of academic life in that faculty."
however,11,"{""2020"": 1, ""2021"": 3, ""2022"": 3, ""2023"": 3, ""2025"": 1}",9,"However, over the past 12 months, those commuters have also experienced some of the worst rail strikes in years."
general,11,"{""2020"": 3, ""2021"": 1, ""2022"": 1, ""2024"": 1, ""2025"": 2, ""2026"": 3}",7,"More than half of all British scientific research is now published under open access terms: either freely available from the moment of publication, or paywalled for a year or more so that the publishers can make a profit before being placed on general release."
jobs,11,"{""2020"": 1, ""2021"": 1, ""2022"": 7, ""2023"": 1, ""2025"": 1}",6,"A town of culture award could, it is argued, become an annual event, attracting funding and creating jobs."
able,11,"{""2020"": 1, ""2021"": 2, ""2022"": 1, ""2023"": 3, ""2024"": 2, ""2025"": 2}",8,"Some might see the proposal as a booby prize for the fact that Britain is no longer able to apply for the much more prestigious title of European capital of culture, a sought-after award bagged by Glasgow in 1990 and Liverpool in 2008."
target,11,"{""2020"": 1, ""2023"": 4, ""2025"": 6}",6,"For example, AI can be used to analyse what type of advertising content or copy would be appropriate to speak to a specific target customer group by revealing information about trends and preferences through the analysis of big data."
publishers,11,"{""2020"": 5, ""2023"": 6}",6,"Scientific publishers routinely report profit margins approaching 40% on their operations, at a time when the rest of the publishing industry is in an existential crisis."
set,11,"{""2020"": 3, ""2021"": 3, ""2022"": 2, ""2024"": 3}",6,"The most drastic, and thoroughly illegal, reaction has been the emergence of Sci-Hub, a kind of global photocopier for scientific papers, set up in 2012, which now claims to offer access to every paywalled article published since 2015."
article,11,"{""2020"": 3, ""2022"": 4, ""2023"": 4}",7,"The most drastic, and thoroughly illegal, reaction has been the emergence of Sci-Hub, a kind of global photocopier for scientific papers, set up in 2012, which now claims to offer access to every paywalled article published since 2015."
demand,11,"{""2020"": 1, ""2021"": 5, ""2022"": 1, ""2023"": 1, ""2025"": 1, ""2026"": 2}",5,Publishers have responded to the demand that they make their product free to readers by charging their writers fees to cover the costs of preparing an article.
costs,11,"{""2020"": 5, ""2021"": 1, ""2023"": 1, ""2025"": 2, ""2026"": 2}",3,Publishers have responded to the demand that they make their product free to readers by charging their writers fees to cover the costs of preparing an article.
government,11,"{""2020"": 6, ""2021"": 1, ""2022"": 1, ""2023"": 2, ""2026"": 1}",8,"In order to ensure that elite women have more such opportunities, they have proposed imposing government quotas."
became,11,"{""2020"": 1, ""2021"": 1, ""2022"": 3, ""2023"": 2, ""2024"": 1, ""2025"": 2, ""2026"": 1}",9,"The bills are similar to a measure recently adopted in California, which last year became the first state to require gender quotas for private companies."
important,11,"{""2020"": 2, ""2022"": 2, ""2023"": 2, ""2024"": 1, ""2026"": 4}",7,"The US Supreme Court frowns on sex-based classifications unless they are designed to address an important policy interest, Because the California law applies to all boards, even where there is no history of prior discrimination, courts are likely to rule that the law violates the constitutional guarantee of equal protection."
france,11,"{""2020"": 9, ""2021"": 1, ""2026"": 1}",4,"Last Thursday, the French Senate passed a digital services tax, which would impose an entirely new tax on large multinationals that provide digital services to consumers or users in France."
makes,11,"{""2020"": 1, ""2021"": 4, ""2022"": 3, ""2024"": 1, ""2025"": 2}",9,But it can also be antagonistic such as when a political candidate turns toward their competitor during a debate and makes eye contact that signals hostility.
back,11,"{""2020"": 1, ""2024"": 3, ""2025"": 2, ""2026"": 5}",7,Other artists besides Rutkowski have been surprised by the apparent popularity of their work in text-to-image generators—and some are now fighting back.
using,11,"{""2020"": 1, ""2021"": 2, ""2023"": 3, ""2024"": 3, ""2025"": 2}",6,Here are a few ways AI is aiding companies without replacing employees: Better hiring practices Companies are using artificial intelligence to remove some of the unconscious bias from hiring decisions.
generation,11,"{""2020"": 1, ""2022"": 8, ""2024"": 2}",2,"Despite attempts by the Church to suppress this new generation of logicians and rationalists, more explanations for how the universe functioned were being made at a rate that the people could no longer ignore."
times,11,"{""2020"": 1, ""2021"": 3, ""2023"": 2, ""2024"": 4, ""2026"": 1}",5,The 17th and 18th centuries were times of radical change and curiosity.
that's,11,"{""2021"": 4, ""2023"": 1, ""2024"": 2, ""2025"": 2, ""2026"": 2}",0,
improve,11,"{""2021"": 1, ""2022"": 3, ""2023"": 1, ""2024"": 2, ""2026"": 4}",4,Zoos are at the forefront of conservation and constantly evolving to improve how they care for animals and protect each species in its natural habitat.
innovation,11,"{""2021"": 3, ""2022"": 1, ""2024"": 1, ""2025"": 3, ""2026"": 3}",5,It needs to give the commission explicit authority once and for all to bar broadband providers from meddling in the traffic on their network and to create clear rules protecting openness and innovation online.
something,11,"{""2021"": 3, ""2022"": 2, ""2023"": 1, ""2024"": 1, ""2025"": 1, ""2026"": 3}",6,We're also giving our customers better channels versus picking up the phone to accomplish something beyond human scale.
plants,11,"{""2022"": 8, ""2024"": 2, ""2025"": 1}",8,"One possibility was that they merely used their eyes and tried out the plants they found, but that would probably result in a lot of wasted time and energy, not least because their eyesight is actually not very good."
natural,11,"{""2022"": 6, ""2023"": 1, ""2024"": 2, ""2025"": 2}",9,"No matter how you enhance enclosures, they do not allow for freedom, a natural diet or adequate exercise."
waterstones,11,"{""2023"": 11}",4,"Both of these books are published next week by Penguin Random House (PRH), a company currently involved in a stand-off with Waterstones."
book,11,"{""2023"": 3, ""2024"": 1, ""2025"": 1, ""2026"": 6}",6,"As Roma Agrawal explains in her new delightful book Nuts and Bolts, early 17th-century Virginians would sometimes burn down their homes if they were planning to relocate."
elephants,11,"{""2024"": 11}",10,"They sometimes travel more than sixty miles to find food or water, and are very good at working out where other elephants are—even when they are out of sight."
carefully,10,"{""2020"": 2, ""2021"": 1, ""2022"": 2, ""2023"": 1, ""2024"": 1, ""2025"": 1, ""2026"": 2}",0,
experience,10,"{""2020"": 1, ""2021"": 1, ""2022"": 3, ""2024"": 1, ""2025"": 1, ""2026"": 3}",4,They are noting that the Victorians suddenly seem to become more human as the hundred-or-so years that separate us fade away through our common experience of laughter.
bring,10,"{""2020"": 1, ""2021"": 2, ""2024"": 1, ""2025"": 5, ""2026"": 1}",4,The really successful holders of such titles are those that do a great deal more than fill hotel bedrooms and bring in high-profile arts events and good press for a year.
increase,10,"{""2020"": 2, ""2021"": 3, ""2023"": 3, ""2026"": 2}",5,More effective marketing Some AI software can analyze and optimize marketing email subject lines to increase open rates.
image,10,"{""2020"": 3, ""2021"": 5, ""2022"": 1, ""2026"": 1}",2,"These pauses typically occur at about three per second, and the eyes then jump to another spot, until several important points in the image are registered like a series of snapshots."
market,10,"{""2020"": 2, ""2021"": 1, ""2023"": 6, ""2024"": 1}",5,"With the content of papers secured for free, the publisher needs only to find a market for its journal."
power,10,"{""2020"": 2, ""2021"": 2, ""2023"": 1, ""2024"": 2, ""2025"": 3}",6,"In both cases, we need a rebalancing of power."
marketing,10,"{""2020"": 1, ""2021"": 2, ""2023"": 7}",7,More effective marketing Some AI software can analyze and optimize marketing email subject lines to increase open rates.
level,10,"{""2020"": 1, ""2021"": 3, ""2022"": 1, ""2023"": 3, ""2025"": 1, ""2026"": 1}",7,Progressives often support diversity mandates as a path to equality and a way to level the playing field.
law,10,"{""2020"": 5, ""2021"": 2, ""2022"": 1, ""2023"": 1, ""2025"": 1}",5,"If the bills become law, state boards and commissions will be required to set aside 50 percent of board seats for women by 2022."
court,10,"{""2020"": 2, ""2021"": 6, ""2024"": 2}",6,"The US Supreme Court frowns on sex-based classifications unless they are designed to address an important policy interest, Because the California law applies to all boards, even where there is no history of prior discrimination, courts are likely to rule that the law violates the constitutional guarantee of equal protection."
revenue,10,"{""2020"": 4, ""2021"": 2, ""2023"": 1, ""2025"": 2, ""2026"": 1}",3,"Digital services include everything from providing a platform for selling goods and services online to targeting advertising based on user data, and the tax applies to gross revenue from such services."
trade,10,"{""2020"": 4, ""2023"": 3, ""2025"": 3}",5,"But it has already sparked significant controversy, with the United States trade representative opening an investigation into whether the tax discriminates against American companies, which in tum could lead to trade sanctions against France."
protect,10,"{""2020"": 1, ""2021"": 3, ""2022"": 4, ""2023"": 1, ""2024"": 1}",3,Consequently—and paradoxically—laws introduced to protect the jobs of ordinary workers may be placing those jobs at risk.
home,10,"{""2020"": 1, ""2022"": 1, ""2023"": 5, ""2024"": 2, ""2026"": 1}",4,"Were it not for opportunities to observe these beautiful, wild creatures close to home, many more people would be driven by their fascination to travel to wild areas to seek out, disturb and even hunt them down."
list,10,"{""2020"": 1, ""2021"": 1, ""2022"": 2, ""2023"": 2, ""2024"": 2, ""2025"": 1, ""2026"": 1}",1,The support service consultancies tend to recommend journals to their clients. list citation patterns for their clients. ask authors to include extra citations. advise contributors to cite each other.
attention,10,"{""2020"": 4, ""2021"": 2, ""2022"": 1, ""2023"": 1, ""2024"": 1, ""2026"": 1}",5,"In a social situation, eye contact with another person can show that you are paying attention in a friendly way."
look,10,"{""2020"": 3, ""2021"": 4, ""2024"": 3}",4,"When we look at a face or a picture, our eyes pause on one spot at a time, often on the eyes or mouth."
chinese,10,"{""2020"": 1, ""2021"": 1, ""2022"": 1, ""2023"": 1, ""2024"": 3, ""2025"": 1, ""2026"": 2}",1,"When visiting the Baltimore Museum of Art, I came across a magnificent 15th-century Chinese sculpture."
including,10,"{""2020"": 1, ""2021"": 1, ""2023"": 5, ""2024"": 2, ""2025"": 1}",5,"Before each of their revelations, many thinkers at the time had sustained more ancient ways of thinking, including the geocentric view that the Earth was at the centre of our universe."
below,10,"{""2020"": 1, ""2022"": 2, ""2023"": 2, ""2024"": 1, ""2025"": 2, ""2026"": 2}",1,"In New Hampshire, where the rental vacancy rate has dropped below 1 percent, housing advocates fear unchecked short-term rentals will put further pressure on an already strained market."
give,10,"{""2020"": 1, ""2021"": 2, ""2022"": 2, ""2023"": 1, ""2024"": 2, ""2025"": 1, ""2026"": 1}",5,It needs to give the commission explicit authority once and for all to bar broadband providers from meddling in the traffic on their network and to create clear rules protecting openness and innovation online.
comments,10,"{""2020"": 1, ""2021"": 1, ""2022"": 1, ""2023"": 1, ""2024"": 4, ""2025"": 1, ""2026"": 1}",3,"To those of you in the comments section who are having strong feelings about artifacts being removed from cities in the US and Britain and returned to their countries of origin, I would ask you to consider: why do you think Americans have more of a right to easily access the Benin Bronzes than the people of Nigeria?"
loss,10,"{""2021"": 7, ""2023"": 1, ""2024"": 1, ""2025"": 1}",5,One explanation might be the loss of dignity displayed through a cheesy grin.
higher,10,"{""2021"": 7, ""2022"": 1, ""2023"": 1, ""2026"": 1}",5,And the demand that rose in those societies for entry to higher education extended to groups and social classes that had not thought of attending a university before the war.
making,10,"{""2021"": 1, ""2022"": 1, ""2024"": 1, ""2025"": 3, ""2026"": 4}",7,"It is all very well train operators trumpeting the improvements they are making to the network, but passengers should be able to expect a basic level of service for the substantial sums they are now paying to travel."
enough,10,"{""2021"": 1, ""2022"": 1, ""2023"": 2, ""2024"": 2, ""2025"": 1, ""2026"": 3}",7,"In Indonesia, the program has provided enough food and medicine to substantially reduce severe growth problems among children."
environment,10,"{""2021"": 6, ""2024"": 1, ""2026"": 3}",3,"Such programs do not have to negatively affect the environment, though."
ferraro,10,"{""2021"": 10}",4,"In fact, poverty alleviation and environmental protection are often viewed as conflicting goals, says Paul Ferraro, an economist at Johns Hopkins University."
better,10,"{""2021"": 4, ""2022"": 2, ""2024"": 2, ""2026"": 2}",5,Here are a few ways AI is aiding companies without replacing employees: Better hiring practices Companies are using artificial intelligence to remove some of the unconscious bias from hiring decisions.
easy,10,"{""2021"": 1, ""2022"": 2, ""2024"": 1, ""2025"": 3, ""2026"": 3}",4,"It is too easy, and misleading, to see such court rulings as merely standing up for the rights of land owners when the consequences can be so dire for their neighbors."
providers,10,"{""2021"": 8, ""2023"": 2}",6,"Yet that demand has been almost impossible to fill—in part because of pushback from broadband providers, anti-regulatory conservatives and the courts."
result,10,"{""2021"": 1, ""2022"": 2, ""2023"": 1, ""2024"": 2, ""2025"": 2, ""2026"": 2}",8,"But Judge Patricia Millett rightly argued in a concurring opinion that the result is unhinged from the realities of modern broadband service, and said Congress or the Supreme Court could intervene to avoid trapping Internet regulation in technological anachronism."
create,10,"{""2021"": 1, ""2022"": 2, ""2023"": 3, ""2024"": 2, ""2025"": 2}",8,It needs to give the commission explicit authority once and for all to bar broadband providers from meddling in the traffic on their network and to create clear rules protecting openness and innovation online.
email,10,"{""2021"": 3, ""2022"": 1, ""2024"": 2, ""2025"": 2, ""2026"": 2}",2,More effective marketing Some AI software can analyze and optimize marketing email subject lines to increase open rates.
institutions,10,"{""2021"": 2, ""2022"": 3, ""2023"": 2, ""2024"": 1, ""2025"": 2}",8,"Second, growth obviously affected the absolute size both of systems and individual institutions."
water,10,"{""2022"": 1, ""2024"": 8, ""2025"": 1}",5,"The miracle of the Chesapeake Bay lies not in its depths, but in the complexity of its natural construction, the interaction of fresh and saline waters, and the mix of land and water."
plastic,10,"{""2022"": 10}",3,But some plastic materials change over time.
ago,10,"{""2022"": 3, ""2023"": 1, ""2024"": 1, ""2025"": 2, ""2026"": 3}",7,"More than half a century ago, the Massachusetts Institute of Technology opened its Center for Advanced Visual Studies (CAVS) to explore the role of technology in culture."
preservation,10,"{""2022"": 3, ""2025"": 6, ""2026"": 1}",3,"Have you pondered the life cycle of intangible formats, digital information, given that those who produce these artifacts seldom make provision for their long-term preservation?"
managers,10,"{""2022"": 9, ""2023"": 1}",5,But these provisions create difficulties for businesses when applied to highly paid managers and executives.
national,10,"{""2022"": 1, ""2023"": 3, ""2024"": 2, ""2025"": 1, ""2026"": 3}",5,"These are mostly students who had no opportunity as children to travel to wilderness areas, wildlife refuges or national parks."
schools,10,"{""2023"": 7, ""2025"": 1, ""2026"": 2}",5,"Such debates reflect fierce discussions across the US, as researchers, policymakers, teachers and students step up demands for a greater focus on teaching about the facts of climate change in schools."
teaching,10,"{""2023"": 3, ""2024"": 3, ""2025"": 2, ""2026"": 2}",4,"Such debates reflect fierce discussions across the US, as researchers, policymakers, teachers and students step up demands for a greater focus on teaching about the facts of climate change in schools."
citations,10,"{""2023"": 10}",8,"The careers of scientists and the reputation of their institutions depend on the number and prestige of the papers they produce, but even more so on the citations attracted by these papers."
literacy,10,"{""2025"": 4, ""2026"": 6}",1,"A return to that version of scientific literacy, which focused more on teaching what science is and how it works and less on memorizing scientific facts, seems like something society today desperately needs."
radio,10,"{""2026"": 10}",2,"Opening this week, a book and exhibition curated by Beatty Rubens at the Bodleian in Oxford records how radio changed everyday life from 1922 to 1939."
fires,10,"{""2026"": 10}",5,"Instead, a growing body of research showed that frequent, low-severity fires made many ecosystems healthier."
cost,9,"{""2020"": 2, ""2021"": 4, ""2023"": 1, ""2024"": 2}",6,"It has become a grimly reliable annual ritual: every January the cost of travelling by train rises, imposing a significant extra burden on those who have no option but to use the rail network to get to work or otherwise."
end,9,"{""2020"": 2, ""2022"": 1, ""2023"": 2, ""2024"": 1, ""2025"": 2, ""2026"": 1}",6,"In response to these many unilateral measures, the Organization for Economic Cooperation and Development (OECD) is currently working with 131 countries to reach a consensus by the end of 2020 on an international solution."
really,9,"{""2020"": 1, ""2023"": 2, ""2025"": 2, ""2026"": 4}",5,The really successful holders of such titles are those that do a great deal more than fill hotel bedrooms and bring in high-profile arts events and good press for a year.
groups,9,"{""2020"": 1, ""2021"": 2, ""2023"": 3, ""2025"": 3}",7,"It is hard to get right, and requires a remarkable degree of vision, as well as cooperation between city authorities, the private sector, community groups and cultural organisations."
production,9,"{""2020"": 1, ""2021"": 1, ""2025"": 1, ""2026"": 6}",3,"Other scientists perform the specialised work of peer review also for free, because it is a central element in the acquisition of status and the production of scientific knowledge."
knowledge,9,"{""2020"": 3, ""2021"": 1, ""2022"": 2, ""2023"": 1, ""2025"": 1, ""2026"": 1}",5,"Other scientists perform the specialised work of peer review also for free, because it is a central element in the acquisition of status and the production of scientific knowledge."
until,9,"{""2020"": 2, ""2021"": 1, ""2022"": 1, ""2023"": 1, ""2024"": 2, ""2025"": 1, ""2026"": 1}",4,"Until this century, university libraries were not very price sensitive."
price,9,"{""2020"": 1, ""2021"": 1, ""2024"": 6, ""2025"": 1}",6,"Until this century, university libraries were not very price sensitive."
rise,9,"{""2020"": 1, ""2021"": 2, ""2022"": 1, ""2025"": 4, ""2026"": 1}",5,"The growth of higher education manifests itself in at least three quite different ways, and these in turn have given rise to different sets of problems."
illegal,9,"{""2020"": 1, ""2023"": 2, ""2025"": 6}",3,"The most drastic, and thoroughly illegal, reaction has been the emergence of Sci-Hub, a kind of global photocopier for scientific papers, set up in 2012, which now claims to offer access to every paywalled article published since 2015."
global,9,"{""2020"": 3, ""2023"": 1, ""2024"": 1, ""2025"": 4}",5,"The most drastic, and thoroughly illegal, reaction has been the emergence of Sci-Hub, a kind of global photocopier for scientific papers, set up in 2012, which now claims to offer access to every paywalled article published since 2015."
big,9,"{""2020"": 1, ""2021"": 1, ""2023"": 4, ""2025"": 3}",4,"In some ways the scientific publishing model resembles the economy of the social internet: labour is provided free in exchange for the hope of status, while huge profits are made by a few big firms who run the market places."
form,9,"{""2020"": 1, ""2021"": 2, ""2022"": 2, ""2023"": 1, ""2025"": 2, ""2026"": 1}",5,But all too often such policies are an insincere form of virtue-signaling that benefits only the most privileged and does little to help average people.
little,9,"{""2020"": 3, ""2021"": 1, ""2023"": 1, ""2024"": 2, ""2026"": 2}",6,But all too often such policies are an insincere form of virtue-signaling that benefits only the most privileged and does little to help average people.
measure,9,"{""2020"": 4, ""2021"": 2, ""2023"": 1, ""2024"": 1, ""2025"": 1}",4,"The bills are similar to a measure recently adopted in California, which last year became the first state to require gender quotas for private companies."
measures,9,"{""2020"": 3, ""2021"": 3, ""2022"": 1, ""2023"": 1, ""2026"": 1}",3,"Next time somebody pushes corporate quotas as a way to promote gender equity, remember that such policies are largely self-serving measures that make their sponsors feelgood but do little to help average women."
united,9,"{""2020"": 3, ""2022"": 1, ""2024"": 2, ""2026"": 3}",5,"Many French politicians and media outlets have referred to this as a GAFA tax, meaning that it is designed to apply primarily to companies such as Google, Apple, Facebook and Amazon—in other words, multinational tech companies based in the United States."
within,9,"{""2020"": 1, ""2021"": 2, ""2023"": 1, ""2024"": 4, ""2026"": 1}",6,"The digital services tax now awaits the signature of President Emmanuel Macron, who has expressed support for the measure, and it could go into effect within the next few weeks."
significant,9,"{""2020"": 2, ""2021"": 1, ""2022"": 2, ""2023"": 1, ""2024"": 2, ""2025"": 1}",6,"But it has already sparked significant controversy, with the United States trade representative opening an investigation into whether the tax discriminates against American companies, which in tum could lead to trade sanctions against France."
bill,9,"{""2020"": 1, ""2022"": 2, ""2023"": 6}",6,"In New Zealand, a 2016 private members' Bill tried to permit firms and high-income employees to contract out of the unjustified dismissal regime."
brain,9,"{""2020"": 3, ""2021"": 1, ""2022"": 3, ""2026"": 2}",6,Our findings indicate that people do not only feel different when they are the centre of attention but that their brain reactions also differ.
known,9,"{""2020"": 2, ""2023"": 1, ""2024"": 3, ""2025"": 2, ""2026"": 1}",6,"According to Dr Nikhil Chaudhary, an evolutionary anthropologist at Cambridge University, these practices, known as alloparenting, could lead to less anxiety for children and parents."
later,9,"{""2020"": 1, ""2022"": 1, ""2023"": 2, ""2024"": 1, ""2025"": 2, ""2026"": 2}",6,"Copernicus theorized in 1543 that all of the planets that we knew of revolved not around the Earth, but the Sun, a system that was later upheld by Galileo at his own expense."
describe,9,"{""2020"": 1, ""2021"": 1, ""2022"": 2, ""2023"": 2, ""2024"": 1, ""2025"": 1, ""2026"": 1}",4,These were some of the words that Nature readers used to describe their experience of art-science collaborations in a series of articles on partnerships between artists and researchers.
problems,9,"{""2021"": 5, ""2024"": 1, ""2025"": 2, ""2026"": 1}",7,"In Indonesia, the program has provided enough food and medicine to substantially reduce severe growth problems among children."
changes,9,"{""2021"": 6, ""2023"": 1, ""2025"": 1, ""2026"": 1}",7,"But after the war, great social and political changes arising out of the successful war against Fascism created a growing demand in European and American economies for increasing numbers of graduates with more than a secondary school education."
prevent,9,"{""2021"": 3, ""2022"": 3, ""2023"": 1, ""2024"": 1, ""2026"": 1}",4,Van Oosten callsthose chemicals sunscreens because their goal was to prevent further lightdamage and rebuild worn polymer fibers.
compared,9,"{""2021"": 2, ""2022"": 1, ""2023"": 1, ""2024"": 1, ""2025"": 3, ""2026"": 1}",5,"Equally, there is a sense that the travails of commuters in the South East, many of whom will face among the biggest rises, have received too much attention compared to those who must endure the relatively poor infrastructure of the Midlands and the North."
process,9,"{""2021"": 4, ""2023"": 1, ""2025"": 3, ""2026"": 1}",6,It uses analytics to help identify where there may be bias in the hiring process.
network,9,"{""2021"": 5, ""2023"": 2, ""2025"": 1, ""2026"": 1}",8,"It has become a grimly reliable annual ritual: every January the cost of travelling by train rises, imposing a significant extra burden on those who have no option but to use the rail network to get to work or otherwise."
changed,9,"{""2021"": 2, ""2022"": 1, ""2024"": 2, ""2026"": 4}",2,"Yes, more investment is needed, but passengers will not be willing to pay more indefinitely if they must also endure cramped, unreliable services, interrupted by regular chaos when timetables are changed, or planned maintenance is managed incompetently."
area,9,"{""2021"": 3, ""2023"": 1, ""2024"": 3, ""2025"": 1, ""2026"": 1}",4,"The only previous study analyzing causality, based on an area in Mexico that had instituted CCTs, supported the traditional view."
photographs,9,"{""2021"": 4, ""2023"": 4, ""2025"": 1}",2,One of the turning points in public support for land conservation efforts—and recognizing the magnificence of the Yellowstone region in particular—came in the form of vivid photographs.
victorians,9,"{""2021"": 9}",3,"People have been surprised to see evidence that Victorians had fun and could, and did, laugh."
idea,9,"{""2021"": 1, ""2022"": 2, ""2023"": 1, ""2024"": 2, ""2026"": 3}",4,"Two centuries ago, the idea of preserving nature, rather than exploiting it, was a novel one to many US settlers."
recent,9,"{""2021"": 1, ""2023"": 2, ""2024"": 1, ""2025"": 4, ""2026"": 1}",6,A recent survey of manufacturing and service industries from Tata Consultancy Services found that companies currently use AI more often in computer-to-computer activities than in automating human activities.
risk,9,"{""2021"": 2, ""2022"": 3, ""2024"": 3, ""2026"": 1}",7,"Insurance companies, meanwhile, can base their premiums on AI models that more accurately assess risk."
ming,9,"{""2021"": 1, ""2022"": 1, ""2023"": 1, ""2024"": 2, ""2025"": 2, ""2026"": 2}",0,
conservation,9,"{""2022"": 7, ""2023"": 1, ""2024"": 1}",7,"Joana Lia Ferreira, an assistant professor of conservation and restoration at the NOVA School of Science and Technology, notes that archaeologists first defined the great material ages of human history—Stone Age, Iron Age, and so on—after examining artifacts in museums."
personal,9,"{""2022"": 5, ""2023"": 3, ""2024"": 1}",5,"It has been estimated that this generation, due to the pressures of technology, the wish for personal fulfilment and desire for diversity, will work for 17 different employers over the course of their working life and have five different careers."
fire,9,"{""2022"": 1, ""2024"": 1, ""2026"": 7}",6,"Because employment protection laws make it costlier to fire an employee, employers are more cautious about hiring new staff."
rental,9,"{""2023"": 9}",4,"In New Hampshire, where the rental vacancy rate has dropped below 1 percent, housing advocates fear unchecked short-term rentals will put further pressure on an already strained market."
having,9,"{""2023"": 3, ""2024"": 4, ""2026"": 2}",5,"Without enough affordable housing in southern New Hampshire towns, employers are having a hard time attracting employees, and workers are having a hard time finding a place to live, Taylor said."
yellowstone,9,"{""2023"": 9}",3,One of the turning points in public support for land conservation efforts—and recognizing the magnificence of the Yellowstone region in particular—came in the form of vivid photographs.
piracy,9,"{""2025"": 9}",6,"Initially the rise of legitimate online businesses such as Netflix actually helped curb digital piracy, which had largely been based on file uploads."
butterfly,9,"{""2025"": 9}",7,"These take-off shots are even more challenging because they require a wide-angle lens, which means he must be less than 2cm from the butterfly."
report,8,"{""2020"": 3, ""2023"": 2, ""2024"": 2, ""2026"": 1}",5,"Scientific publishers routinely report profit margins approaching 40% on their operations, at a time when the rest of the publishing industry is in an existential crisis."
food,8,"{""2020"": 2, ""2021"": 1, ""2024"": 5}",8,"In Indonesia, the program has provided enough food and medicine to substantially reduce severe growth problems among children."
evidence,8,"{""2020"": 3, ""2021"": 1, ""2022"": 1, ""2023"": 1, ""2025"": 1, ""2026"": 1}",5,"People have been surprised to see evidence that Victorians had fun and could, and did, laugh."
cause,8,"{""2020"": 2, ""2021"": 2, ""2022"": 3, ""2026"": 1}",3,Employers must both show cause and act in a procedurally fair way.
humans,8,"{""2020"": 1, ""2021"": 2, ""2024"": 1, ""2026"": 4}",6,"One company in the UK, Phrasee, claims their software can outperform humans by up to 10 percent when it comes to email open rates."
always,8,"{""2020"": 1, ""2021"": 1, ""2022"": 1, ""2024"": 2, ""2025"": 1, ""2026"": 2}",5,"What is more, they almost always seem to choose the nearest waterhole."
true,8,"{""2020"": 2, ""2023"": 2, ""2024"": 1, ""2025"": 1, ""2026"": 2}",2,"True: for more than 80 pre-digital years, linear speech broadcasting brought the gift of serendipity, random enlivening of a car journey or dull manual task."
fact,8,"{""2020"": 2, ""2021"": 2, ""2023"": 1, ""2024"": 1, ""2025"": 1, ""2026"": 1}",7,"Some might see the proposal as a booby prize for the fact that Britain is no longer able to apply for the much more prestigious title of European capital of culture, a sought-after award bagged by Glasgow in 1990 and Liverpool in 2008."
britain,8,"{""2020"": 4, ""2024"": 2, ""2025"": 2}",7,"Some might see the proposal as a booby prize for the fact that Britain is no longer able to apply for the much more prestigious title of European capital of culture, a sought-after award bagged by Glasgow in 1990 and Liverpool in 2008."
successful,8,"{""2020"": 4, ""2021"": 1, ""2023"": 1, ""2025"": 1, ""2026"": 1}",6,The really successful holders of such titles are those that do a great deal more than fill hotel bedrooms and bring in high-profile arts events and good press for a year.
right,8,"{""2020"": 3, ""2022"": 1, ""2024"": 3, ""2026"": 1}",7,"It is hard to get right, and requires a remarkable degree of vision, as well as cooperation between city authorities, the private sector, community groups and cultural organisations."
series,8,"{""2020"": 2, ""2022"": 1, ""2023"": 3, ""2024"": 1, ""2026"": 1}",5,"These pauses typically occur at about three per second, and the eyes then jump to another spot, until several important points in the image are registered like a series of snapshots."
today,8,"{""2020"": 1, ""2022"": 2, ""2023"": 1, ""2025"": 1, ""2026"": 3}",5,"We now live in an age of plastic, she says, and what we decide to collect today, what we decide to preserve... will have a strong impact on how in the future we'll be seen."
action,8,"{""2020"": 1, ""2021"": 2, ""2022"": 1, ""2023"": 1, ""2025"": 2, ""2026"": 1}",4,"Jeremy Wright, the culture secretary, should welcome this positive, hope-filled proposal, and tum it into action."
focus,8,"{""2020"": 2, ""2023"": 1, ""2025"": 3, ""2026"": 2}",3,"Such debates reflect fierce discussions across the US, as researchers, policymakers, teachers and students step up demands for a greater focus on teaching about the facts of climate change in schools."
case,8,"{""2020"": 2, ""2021"": 1, ""2022"": 1, ""2023"": 1, ""2024"": 2, ""2025"": 1}",3,"A pair of bills sponsored by Massachusetts state Senator Jason Lewis and House Speaker Pro Tempore Patricia Haddad, to ensure gender parity on boards and commissions, provide a case in point."
status,8,"{""2020"": 3, ""2022"": 2, ""2023"": 2, ""2024"": 1}",3,"Other scientists perform the specialised work of peer review also for free, because it is a central element in the acquisition of status and the production of scientific knowledge."
despite,8,"{""2020"": 2, ""2022"": 1, ""2023"": 2, ""2024"": 1, ""2025"": 2}",5,"Despite attempts by the Church to suppress this new generation of logicians and rationalists, more explanations for how the universe functioned were being made at a rate that the people could no longer ignore."
efforts,8,"{""2020"": 1, ""2021"": 1, ""2023"": 1, ""2024"": 1, ""2025"": 1, ""2026"": 3}",2,One of the turning points in public support for land conservation efforts—and recognizing the magnificence of the Yellowstone region in particular—came in the form of vivid photographs.
works,8,"{""2020"": 1, ""2023"": 1, ""2024"": 4, ""2025"": 1, ""2026"": 1}",5,"The success of Sci-Hub, which relies on researchers passing on copies they have themselves legally accessed, shows the legal ecosystem has lost legitimacy among its users and must be transformed so that it works for all participants."
move,8,"{""2020"": 2, ""2021"": 1, ""2023"": 1, ""2024"": 1, ""2025"": 1, ""2026"": 2}",6,In Britain the move towards open access publishing has been driven by funding bodies.
rate,8,"{""2020"": 2, ""2021"": 4, ""2023"": 2}",4,A report last year pointed out that the costs both of subscriptions and of these article preparation costs had been steadily rising at a rate above inflation.
board,8,"{""2020"": 5, ""2023"": 3}",4,"If the bills become law, state boards and commissions will be required to set aside 50 percent of board seats for women by 2022."
require,8,"{""2020"": 1, ""2021"": 2, ""2023"": 1, ""2024"": 1, ""2025"": 2, ""2026"": 1}",2,"The bills are similar to a measure recently adopted in California, which last year became the first state to require gender quotas for private companies."
currently,8,"{""2020"": 2, ""2021"": 1, ""2023"": 2, ""2025"": 1, ""2026"": 2}",7,"Female participation on corporate boards may not currently mirror the percentage of women in the general population, but so what?"
employment,8,"{""2020"": 1, ""2022"": 7}",5,"If not placing jobs at risk, to the extent employment protection laws constrain business owners from dismissing under-performing managers, those laws act as a constraint on firm productivity and therefore on workers' wages."
french,8,"{""2020"": 5, ""2022"": 3}",5,"Last Thursday, the French Senate passed a digital services tax, which would impose an entirely new tax on large multinationals that provide digital services to consumers or users in France."
whether,8,"{""2020"": 2, ""2021"": 1, ""2023"": 1, ""2024"": 2, ""2025"": 1, ""2026"": 1}",5,"But it has already sparked significant controversy, with the United States trade representative opening an investigation into whether the tax discriminates against American companies, which in tum could lead to trade sanctions against France."
american,8,"{""2020"": 3, ""2021"": 1, ""2024"": 2, ""2026"": 2}",3,"But it has already sparked significant controversy, with the United States trade representative opening an investigation into whether the tax discriminates against American companies, which in tum could lead to trade sanctions against France."
rules,8,"{""2020"": 1, ""2021"": 6, ""2024"": 1}",3,"These unilateral developments differ in their specifics, but they are all designed to tax multinationals on income and revenue that countries believe they should have a right to tax, even if international tax rules do not grant them that right."
view,8,"{""2020"": 2, ""2021"": 3, ""2023"": 1, ""2024"": 1, ""2026"": 1}",3,"In other words, they all share a view that the international tax system has failed to keep up with the current economy."
current,8,"{""2020"": 4, ""2023"": 2, ""2025"": 1, ""2026"": 1}",5,"In other words, they all share a view that the international tax system has failed to keep up with the current economy."
development,8,"{""2020"": 1, ""2021"": 1, ""2022"": 1, ""2023"": 1, ""2024"": 2, ""2025"": 1, ""2026"": 1}",4,"In response to these many unilateral measures, the Organization for Economic Cooperation and Development (OECD) is currently working with 131 countries to reach a consensus by the end of 2020 on an international solution."
working,8,"{""2020"": 1, ""2022"": 1, ""2023"": 2, ""2024"": 1, ""2025"": 2, ""2026"": 1}",6,"In response to these many unilateral measures, the Organization for Economic Cooperation and Development (OECD) is currently working with 131 countries to reach a consensus by the end of 2020 on an international solution."
opinion,8,"{""2020"": 1, ""2021"": 1, ""2022"": 4, ""2023"": 1, ""2026"": 1}",2,"But Judge Patricia Millett rightly argued in a concurring opinion that the result is unhinged from the realities of modern broadband service, and said Congress or the Supreme Court could intervene to avoid trapping Internet regulation in technological anachronism."
know,8,"{""2020"": 2, ""2022"": 2, ""2024"": 2, ""2025"": 2}",3,"Such actions to seek knowledge and to understand what information we already knew were captured by the Latin phrase 'sapere aude' or 'dare to know', after Immanuel Kant used it in his essay An Answer to the Question: What is Enlightenment?."
men,8,"{""2020"": 2, ""2021"": 4, ""2023"": 2}",8,Neuroscientist Bonnie Auyeung found that the hormone oxytocin increased the amount of eye contact from men toward the interviewer during a brief interview when the direction of their gaze was recorded.
specific,8,"{""2020"": 1, ""2022"": 2, ""2023"": 3, ""2024"": 2}",4,"In this age of generalists, it pays to have specific knowledge or skills."
modern,8,"{""2020"": 2, ""2021"": 1, ""2025"": 1, ""2026"": 4}",4,"But Judge Patricia Millett rightly argued in a concurring opinion that the result is unhinged from the realities of modern broadband service, and said Congress or the Supreme Court could intervene to avoid trapping Internet regulation in technological anachronism."
europe,8,"{""2020"": 2, ""2021"": 1, ""2024"": 1, ""2025"": 1, ""2026"": 3}",4,This very fact embodied the new ways of thinking that swept through Europe during most of the 17th century.
decline,8,"{""2021"": 3, ""2025"": 2, ""2026"": 3}",6,"While there is some optimism that emerging countermeasures and best practices may see piracy begin to plateau by 2027, there is no consensus among stakeholders as to when it may begin to decline, says analyst Steve Hawley."
certain,8,"{""2021"": 2, ""2022"": 4, ""2023"": 1, ""2026"": 1}",4,"In 2007, Indonesia started phasing in a program that gives money to its poorest residents under certain conditions, such as requiring people to keep kids in school or get regular medical care."
travel,8,"{""2021"": 1, ""2022"": 2, ""2023"": 2, ""2024"": 2, ""2025"": 1}",5,"It is all very well train operators trumpeting the improvements they are making to the network, but passengers should be able to expect a basic level of service for the substantial sums they are now paying to travel."
programs,8,"{""2021"": 5, ""2022"": 1, ""2024"": 1, ""2025"": 1}",3,"Called conditional cash transfers or CCTs, these social assistance programs are designed to reduce inequality and break the cycle of poverty."
weather,8,"{""2021"": 1, ""2023"": 3, ""2025"": 1, ""2026"": 3}",3,"It was amazing weather and there were painted lady butterflies everywhere, he says."
plant,8,"{""2021"": 1, ""2022"": 5, ""2024"": 2}",6,"Typically, if rains are delayed, people may clear land to plant more rice to supplement their harvests."
carbon,8,"{""2021"": 1, ""2025"": 7}",2,I was shocked to learn recently that some scientists want to scale back their research in an effort to decrease carbon emissions.
emissions,8,"{""2021"": 1, ""2025"": 7}",2,I was shocked to learn recently that some scientists want to scale back their research in an effort to decrease carbon emissions.
preserve,8,"{""2021"": 2, ""2022"": 3, ""2024"": 1, ""2025"": 2}",4,"A flashing set of healthy and clean, regular 'pearly whites' was a rare sight in Victorian society, the preserve of the super-rich (and even then, dental hygiene was not guaranteed)."
popular,8,"{""2021"": 2, ""2022"": 1, ""2023"": 1, ""2024"": 2, ""2026"": 2}",4,"Nature gave us lips to conceal our teeth, ran one popular Victorian saying, alluding to the fact that before the birth of proper dentistry, mouths were often in a shocking state of hygiene."
laws,8,"{""2021"": 1, ""2022"": 6, ""2024"": 1}",5,Consequently—and paradoxically—laws introduced to protect the jobs of ordinary workers may be placing those jobs at risk.
employees,8,"{""2021"": 3, ""2022"": 4, ""2023"": 1}",7,Here are a few ways AI is aiding companies without replacing employees: Better hiring practices Companies are using artificial intelligence to remove some of the unconscious bias from hiring decisions.
western,8,"{""2021"": 2, ""2024"": 6}",3,"Dr Annie Swanepoel, a child psychiatrist, believes that there are ways to incorporate them into western life."
decades,8,"{""2021"": 1, ""2022"": 1, ""2025"": 4, ""2026"": 2}",6,Those societies came out of the war with levels of enrollment that had been roughly constant at 3-5% of the relevant age groups during the decades before the war.
given,8,"{""2021"": 1, ""2022"": 1, ""2023"": 2, ""2025"": 3, ""2026"": 1}",3,"The growth of higher education manifests itself in at least three quite different ways, and these in turn have given rise to different sets of problems."
impact,8,"{""2022"": 3, ""2023"": 2, ""2024"": 1, ""2025"": 1, ""2026"": 1}",4,"We now live in an age of plastic, she says, and what we decide to collect today, what we decide to preserve... will have a strong impact on how in the future we'll be seen."
challenging,8,"{""2022"": 2, ""2025"": 2, ""2026"": 4}",3,"Enlightening, challenging, stimulating, fun."
parents,8,"{""2022"": 2, ""2024"": 6}",2,"According to Dr Nikhil Chaudhary, an evolutionary anthropologist at Cambridge University, these practices, known as alloparenting, could lead to less anxiety for children and parents."
employers,8,"{""2022"": 7, ""2023"": 1}",6,Employers have long seen the advantages of hiring school leavers who often prove themselves to be more committed and loyal employees than graduates.
team,8,"{""2022"": 2, ""2023"": 2, ""2025"": 2, ""2026"": 2}",6,"The team included a meteorologist, a zoologist, a mineralogist, and an agricultural statistician."
emotional,8,"{""2022"": 1, ""2025"": 6, ""2026"": 1}",3,"Artists help scientists reach a broader audience and make emotional connections that enhance learning, one respondent said."
month,8,"{""2022"": 1, ""2023"": 3, ""2024"": 2, ""2026"": 2}",3,The sales for our May Books of the Month surpassed any month since 2018.
productivity,8,"{""2022"": 7, ""2024"": 1}",3,"As countless boards and business owners will attest, constraining firms from firing poorly performing, high-earning managers is a handbrake on boosting productivity and overall performance."
zoo,8,"{""2022"": 8}",4,Both the wildlife park and zoo claimed to be operating for the benefit of the animals and for conservation purposes.
children's,8,"{""2022"": 1, ""2023"": 1, ""2025"": 6}",0,
wild,8,"{""2022"": 3, ""2025"": 3, ""2026"": 2}",6,"Were it not for opportunities to observe these beautiful, wild creatures close to home, many more people would be driven by their fascination to travel to wild areas to seek out, disturb and even hunt them down."
original,8,"{""2022"": 1, ""2024"": 3, ""2025"": 1, ""2026"": 3}",6,"What was more, many original French dispatches had been preserved in this collection, which I realized was priceless."
texas,8,"{""2023"": 8}",2,Texas is an energy state and we need to recognise that.
understanding,8,"{""2023"": 1, ""2024"": 1, ""2025"": 3, ""2026"": 3}",4,She added The emotional understanding was very evident and it is probably related to the [rehearsal room process] where you are used to trying to imagine your way through.
rutkowski,8,"{""2024"": 8}",3,And artists like Rutkowski have had enough.
trees,8,"{""2024"": 2, ""2025"": 1, ""2026"": 5}",4,"The experiment showed that elephants may well use smell to identify patches of trees that are good to eat, and secondly to assess the quality of the trees within each patch."
butterflies,8,"{""2025"": 8}",6,"Peters likes to photograph butterflies in a landscape, celebrating the beauty of their surroundings as well as the insects themselves."
word,7,"{""2020"": 1, ""2021"": 1, ""2022"": 1, ""2023"": 1, ""2024"": 1, ""2025"": 1, ""2026"": 1}",1,"The word caravanserai is a combination of the Persian words karvan, which means a group of travellers or a caravan, and sardy, a palace or enclosed building."
blank,7,"{""2020"": 1, ""2021"": 2, ""2022"": 1, ""2024"": 1, ""2025"": 1, ""2026"": 1}",1,"The thought of holding a fixed grin as the camera performed its magical duties was too much to contemplate, and so non-committal blank stare became the norm."
share,7,"{""2020"": 4, ""2023"": 1, ""2025"": 1, ""2026"": 1}",3,"According to a study by Catalyst, between 2010 and 2015 the share of women on the boards of global corporations increased by 54 percent."
standards,7,"{""2020"": 1, ""2021"": 1, ""2023"": 4, ""2026"": 1}",3,changes to science standards for pre-teen pupils.
authority,7,"{""2020"": 2, ""2021"": 2, ""2022"": 1, ""2024"": 2}",5,It turned from God and the authority of the Roman Catholic Church and instead favoured a more humanistic approach to being.
unless,7,"{""2020"": 3, ""2022"": 1, ""2023"": 2, ""2024"": 1}",2,"The US Supreme Court frowns on sex-based classifications unless they are designed to address an important policy interest, Because the California law applies to all boards, even where there is no history of prior discrimination, courts are likely to rule that the law violates the constitutional guarantee of equal protection."
competition,7,"{""2020"": 1, ""2021"": 2, ""2023"": 1, ""2024"": 1, ""2026"": 2}",2,It fosters competition among citation providers.
texts,7,"{""2020"": 1, ""2021"": 1, ""2022"": 1, ""2023"": 1, ""2024"": 1, ""2025"": 1, ""2026"": 1}",0,
town,7,"{""2020"": 5, ""2025"": 2}",5,"A group of Labour MPs, among them Yvette Cooper, are bringing in the new year with a call to institute a UK town of culture award."
city,7,"{""2020"": 4, ""2023"": 1, ""2025"": 2}",6,"The proposal is that it should sit alongside the existing city of culture title, which was held by Hull in 2017, and has been awarded to Coventry for 2021."
arts,7,"{""2020"": 5, ""2025"": 2}",2,The really successful holders of such titles are those that do a great deal more than fill hotel bedrooms and bring in high-profile arts events and good press for a year.
britain's,7,"{""2020"": 5, ""2021"": 2}",0,
european,7,"{""2020"": 3, ""2021"": 2, ""2024"": 1, ""2026"": 1}",4,"Some might see the proposal as a booby prize for the fact that Britain is no longer able to apply for the much more prestigious title of European capital of culture, a sought-after award bagged by Glasgow in 1990 and Liverpool in 2008."
benefits,7,"{""2020"": 2, ""2022"": 1, ""2024"": 1, ""2025"": 1, ""2026"": 2}",4,"A badly run year of culture washes in and out of a place like the tide, bringing prominence for a spell but leaving no lasting benefits to the community."
community,7,"{""2020"": 2, ""2021"": 1, ""2023"": 1, ""2024"": 1, ""2026"": 2}",4,"A badly run year of culture washes in and out of a place like the tide, bringing prominence for a spell but leaving no lasting benefits to the community."
seen,7,"{""2020"": 2, ""2021"": 2, ""2022"": 2, ""2025"": 1}",5,"The threat of nationalisation may have been seen off for now, but it will return with a vengeance if the justified anger of passengers is not addressed in short order."
above,7,"{""2020"": 2, ""2021"": 3, ""2022"": 1, ""2024"": 1}",3,A report last year pointed out that the costs both of subscriptions and of these article preparation costs had been steadily rising at a rate above inflation.
economic,7,"{""2020"": 3, ""2021"": 2, ""2024"": 1, ""2025"": 1}",2,"In response to these many unilateral measures, the Organization for Economic Cooperation and Development (OECD) is currently working with 131 countries to reach a consensus by the end of 2020 on an international solution."
critical,7,"{""2020"": 1, ""2022"": 1, ""2023"": 1, ""2026"": 4}",2,Zoos provide a critical voice for conservation and environmental protection.
free,7,"{""2020"": 5, ""2023"": 1, ""2026"": 1}",5,"Other scientists perform the specialised work of peer review also for free, because it is a central element in the acquisition of status and the production of scientific knowledge."
journal,7,"{""2020"": 1, ""2022"": 1, ""2023"": 3, ""2024"": 1, ""2026"": 1}",5,"With the content of papers secured for free, the publisher needs only to find a market for its journal."
century,7,"{""2020"": 4, ""2022"": 1, ""2023"": 1, ""2025"": 1}",5,"Until this century, university libraries were not very price sensitive."
increasingly,7,"{""2020"": 1, ""2022"": 2, ""2026"": 4}",4,"Worse, biodegradable plastics, designed to disintegrate, are increasingly common."
users,7,"{""2020"": 2, ""2024"": 2, ""2025"": 3}",3,"The success of Sci-Hub, which relies on researchers passing on copies they have themselves legally accessed, shows the legal ecosystem has lost legitimacy among its users and must be transformed so that it works for all participants."
british,7,"{""2020"": 1, ""2022"": 4, ""2025"": 2}",5,"More than half of all British scientific research is now published under open access terms: either freely available from the moment of publication, or paywalled for a year or more so that the publishers can make a profit before being placed on general release."
terms,7,"{""2020"": 2, ""2023"": 3, ""2024"": 2}",5,"More than half of all British scientific research is now published under open access terms: either freely available from the moment of publication, or paywalled for a year or more so that the publishers can make a profit before being placed on general release."
provided,7,"{""2020"": 1, ""2021"": 1, ""2022"": 2, ""2023"": 1, ""2025"": 1, ""2026"": 1}",5,"In some ways the scientific publishing model resembles the economy of the social internet: labour is provided free in exchange for the hope of status, while huge profits are made by a few big firms who run the market places."
firms,7,"{""2020"": 1, ""2021"": 1, ""2022"": 5}",4,"In some ways the scientific publishing model resembles the economy of the social internet: labour is provided free in exchange for the hope of status, while huge profits are made by a few big firms who run the market places."
gender,7,"{""2020"": 7}",5,"A pair of bills sponsored by Massachusetts state Senator Jason Lewis and House Speaker Pro Tempore Patricia Haddad, to ensure gender parity on boards and commissions, provide a case in point."
point,7,"{""2020"": 1, ""2021"": 1, ""2022"": 2, ""2023"": 1, ""2025"": 1, ""2026"": 1}",3,"A pair of bills sponsored by Massachusetts state Senator Jason Lewis and House Speaker Pro Tempore Patricia Haddad, to ensure gender parity on boards and commissions, provide a case in point."
percent,7,"{""2020"": 3, ""2021"": 2, ""2023"": 1, ""2025"": 1}",6,Haddad and Lewis are concerned that more than half the state-government boards are less than 40 percent female.
required,7,"{""2020"": 1, ""2022"": 1, ""2023"": 2, ""2025"": 1, ""2026"": 2}",4,"If the bills become law, state boards and commissions will be required to set aside 50 percent of board seats for women by 2022."
interest,7,"{""2020"": 1, ""2022"": 3, ""2025"": 1, ""2026"": 2}",3,"The US Supreme Court frowns on sex-based classifications unless they are designed to address an important policy interest, Because the California law applies to all boards, even where there is no history of prior discrimination, courts are likely to rule that the law violates the constitutional guarantee of equal protection."
increased,7,"{""2020"": 2, ""2021"": 1, ""2023"": 2, ""2024"": 1, ""2026"": 1}",5,"According to a study by Catalyst, between 2010 and 2015 the share of women on the boards of global corporations increased by 54 percent."
happened,7,"{""2020"": 1, ""2023"": 1, ""2024"": 1, ""2026"": 4}",1,That is exactly what happened when Norway adopted a nationwide corporate gender quota.
importance,7,"{""2020"": 1, ""2021"": 1, ""2024"": 2, ""2025"": 1, ""2026"": 2}",4,"Ferraro suggests the results may transfer to other parts of Asia, due to commonalities such as the importance of growing rice and market access."
growing,7,"{""2020"": 1, ""2021"": 2, ""2023"": 1, ""2024"": 1, ""2026"": 2}",5,"Ferraro suggests the results may transfer to other parts of Asia, due to commonalities such as the importance of growing rice and market access."
management,7,"{""2020"": 1, ""2022"": 1, ""2023"": 1, ""2024"": 1, ""2026"": 3}",2,The premise was that the common law of contract lacked sufficient safeguards for workers against arbitrary conduct by management.
meaning,7,"{""2020"": 2, ""2021"": 1, ""2022"": 1, ""2023"": 1, ""2024"": 1, ""2025"": 1}",2,"Many French politicians and media outlets have referred to this as a GAFA tax, meaning that it is designed to apply primarily to companies such as Google, Apple, Facebook and Amazon—in other words, multinational tech companies based in the United States."
several,7,"{""2020"": 2, ""2021"": 1, ""2022"": 2, ""2023"": 2}",6,"At the same time, the European Union, Spain, Britain and several other countries have all seriously contemplated digital services taxes."
keep,7,"{""2020"": 2, ""2021"": 1, ""2022"": 2, ""2026"": 2}",5,"In other words, they all share a view that the international tax system has failed to keep up with the current economy."
reach,7,"{""2020"": 1, ""2022"": 2, ""2024"": 3, ""2025"": 1}",6,"In response to these many unilateral measures, the Organization for Economic Cooperation and Development (OECD) is currently working with 131 countries to reach a consensus by the end of 2020 on an international solution."
involved,7,"{""2020"": 1, ""2021"": 1, ""2023"": 3, ""2024"": 1, ""2025"": 1}",6,"Both of these books are published next week by Penguin Random House (PRH), a company currently involved in a stand-off with Waterstones."
face,7,"{""2020"": 2, ""2021"": 2, ""2024"": 1, ""2025"": 1, ""2026"": 1}",3,"When we look at a face or a picture, our eyes pause on one spot at a time, often on the eyes or mouth."
extra,7,"{""2020"": 1, ""2021"": 2, ""2022"": 1, ""2023"": 1, ""2024"": 1, ""2025"": 1}",3,"It has become a grimly reliable annual ritual: every January the cost of travelling by train rises, imposing a significant extra burden on those who have no option but to use the rail network to get to work or otherwise."
trying,7,"{""2020"": 3, ""2021"": 1, ""2022"": 1, ""2024"": 1, ""2025"": 1}",5,"Whether you're a politician or a parent, it might be helpful to keep in mind that trying to maintain eye contact may backfire if you're trying to convince someone who has a different set of beliefs than you, said Minson."
second,7,"{""2020"": 1, ""2021"": 1, ""2022"": 1, ""2023"": 1, ""2024"": 1, ""2025"": 2}",7,"These pauses typically occur at about three per second, and the eyes then jump to another spot, until several important points in the image are registered like a series of snapshots."
translate,7,"{""2020"": 1, ""2021"": 1, ""2022"": 1, ""2023"": 1, ""2024"": 1, ""2025"": 1, ""2026"": 1}",0,
underlined,7,"{""2020"": 1, ""2021"": 1, ""2022"": 1, ""2023"": 1, ""2024"": 1, ""2025"": 1, ""2026"": 1}",0,
segments,7,"{""2020"": 1, ""2021"": 1, ""2022"": 1, ""2023"": 1, ""2024"": 1, ""2025"": 1, ""2026"": 1}",0,
written,7,"{""2020"": 1, ""2021"": 1, ""2022"": 1, ""2023"": 1, ""2026"": 3}",1,"While veterans of previous expeditions had written at length about stunning sights, these vivid photographs were another thing entirely."
approach,7,"{""2020"": 1, ""2022"": 1, ""2024"": 1, ""2025"": 3, ""2026"": 1}",3,It turned from God and the authority of the Roman Catholic Church and instead favoured a more humanistic approach to being.
understand,7,"{""2020"": 1, ""2022"": 1, ""2024"": 1, ""2025"": 2, ""2026"": 2}",5,"Such actions to seek knowledge and to understand what information we already knew were captured by the Latin phrase 'sapere aude' or 'dare to know', after Immanuel Kant used it in his essay An Answer to the Question: What is Enlightenment?."
briefly,7,"{""2020"": 1, ""2021"": 1, ""2022"": 1, ""2023"": 1, ""2024"": 1, ""2025"": 1, ""2026"": 1}",2,"In your essay, you should 1) describe the picture and the chart briefly, 2) interpret the implied meaning, and 3) give your comments."
perhaps,7,"{""2021"": 1, ""2023"": 1, ""2024"": 3, ""2025"": 1, ""2026"": 1}",6,"Perhaps most importantly, these images provided documentary evidence that later made its way to government officials."
therefore,7,"{""2021"": 1, ""2022"": 3, ""2023"": 1, ""2024"": 1, ""2026"": 1}",4,"Light was something that both artists and scientists had an interest in, and therefore could form the basis of collaboration."
train,7,"{""2021"": 5, ""2026"": 2}",4,"It has become a grimly reliable annual ritual: every January the cost of travelling by train rises, imposing a significant extra burden on those who have no option but to use the rail network to get to work or otherwise."
rather,7,"{""2021"": 1, ""2022"": 1, ""2023"": 3, ""2024"": 2}",3,"Successive governments have permitted such increases on the grounds that the cost of investing in and running the rail network should be borne by those who use it, rather than the general taxpayer."
poor,7,"{""2021"": 4, ""2022"": 2, ""2026"": 1}",2,"Equally, there is a sense that the travails of commuters in the South East, many of whom will face among the biggest rises, have received too much attention compared to those who must endure the relatively poor infrastructure of the Midlands and the North."
conditions,7,"{""2021"": 1, ""2023"": 1, ""2024"": 1, ""2025"": 1, ""2026"": 3}",4,"In 2007, Indonesia started phasing in a program that gives money to its poorest residents under certain conditions, such as requiring people to keep kids in school or get regular medical care."
consider,7,"{""2021"": 1, ""2022"": 3, ""2024"": 2, ""2026"": 1}",5,"For those for whom a degree is the desired route, consider that this may well be the first of many."
environmental,7,"{""2021"": 3, ""2022"": 1, ""2023"": 1, ""2024"": 2}",4,"In fact, poverty alleviation and environmental protection are often viewed as conflicting goals, says Paul Ferraro, an economist at Johns Hopkins University."
paul,7,"{""2021"": 1, ""2024"": 1, ""2025"": 2, ""2026"": 3}",2,"In fact, poverty alleviation and environmental protection are often viewed as conflicting goals, says Paul Ferraro, an economist at Johns Hopkins University."
greater,7,"{""2021"": 2, ""2023"": 2, ""2025"": 2, ""2026"": 1}",5,"AI looks at resumes in greater numbers than humans would be able to, and selects the more promising candidates."
forest,7,"{""2021"": 3, ""2026"": 4}",2,Indonesia has the third-largest area of tropical forest in the world and one of the highest deforestation rates.
results,7,"{""2021"": 3, ""2022"": 1, ""2024"": 1, ""2025"": 2}",5,"Ferraro suggests the results may transfer to other parts of Asia, due to commonalities such as the importance of growing rice and market access."
valuable,7,"{""2021"": 2, ""2022"": 2, ""2024"": 3}",3,"Domingos says, Improved accuracy Machine learning often provides a more reliable form of statistics which makes data more valuable, says Winston."
victorian,7,"{""2021"": 7}",2,"Nature gave us lips to conceal our teeth, ran one popular Victorian saying, alluding to the fact that before the birth of proper dentistry, mouths were often in a shocking state of hygiene."
th-century,7,"{""2021"": 2, ""2023"": 1, ""2024"": 3, ""2026"": 1}",3,"As Roma Agrawal explains in her new delightful book Nuts and Bolts, early 17th-century Virginians would sometimes burn down their homes if they were planning to relocate."
surprised,7,"{""2021"": 1, ""2022"": 1, ""2024"": 2, ""2025"": 1, ""2026"": 2}",3,"People have been surprised to see evidence that Victorians had fun and could, and did, laugh."
society,7,"{""2021"": 1, ""2022"": 3, ""2024"": 2, ""2026"": 1}",6,"A flashing set of healthy and clean, regular 'pearly whites' was a rare sight in Victorian society, the preserve of the super-rich (and even then, dental hygiene was not guaranteed)."
issue,7,"{""2021"": 1, ""2022"": 1, ""2023"": 4, ""2025"": 1}",5,"A distressed animal in a zoo will get as good or better treatment than most of us at our local hospital.: As a fellow environmentalist, animal-protection advocate and longtime vegetarian, I could properly be in the same camp as Emma Marris on the issue of zoos."
quality,7,"{""2021"": 1, ""2022"": 1, ""2023"": 2, ""2024"": 2, ""2026"": 1}",2,"And it carries significant repercussions for water quality and flood control throughout the United States, as Justice Brett Kavanaugh observed."
practices,7,"{""2021"": 2, ""2022"": 1, ""2023"": 1, ""2024"": 1, ""2025"": 1, ""2026"": 1}",4,Here are a few ways AI is aiding companies without replacing employees: Better hiring practices Companies are using artificial intelligence to remove some of the unconscious bias from hiring decisions.
artificial,7,"{""2021"": 3, ""2022"": 1, ""2023"": 1, ""2025"": 1, ""2026"": 1}",5,Here are a few ways AI is aiding companies without replacing employees: Better hiring practices Companies are using artificial intelligence to remove some of the unconscious bias from hiring decisions.
comes,7,"{""2021"": 2, ""2023"": 1, ""2024"": 1, ""2025"": 1, ""2026"": 2}",4,"One company in the UK, Phrasee, claims their software can outperform humans by up to 10 percent when it comes to email open rates."
changing,7,"{""2021"": 1, ""2022"": 1, ""2024"": 3, ""2026"": 2}",3,"It would be absurd to try to track the changing price of sports cars since 1695, but to ask the same question of nails makes perfect sense."
particularly,7,"{""2021"": 1, ""2023"": 2, ""2024"": 2, ""2025"": 1, ""2026"": 1}",2,His pictures of a Glanville fritillary rising from the sea-pinks beside the chalk cliffs of Compton Bay on the Isle of Wight are particularly glorious.
consequences,7,"{""2021"": 1, ""2023"": 2, ""2024"": 2, ""2025"": 1, ""2026"": 1}",4,"And if the postgraduate student population also grows rapidly and there is loss of a close apprenticeship relationship between faculty members and students, the student culture becomes the chief socializing force for new postgraduate students, with consequences for the intellectual and academic life of the institution—this was seen in America as well as in France, Italy, West Germany, and Japan."
small,7,"{""2022"": 1, ""2023"": 2, ""2024"": 1, ""2025"": 3}",4,"Thosepieces included small beds of roses and other items as well as a few dozen nature carpets — large rectangles decorated with foam pumpkins, cabbages, and watermelons."
display,7,"{""2022"": 2, ""2023"": 2, ""2024"": 1, ""2025"": 1, ""2026"": 1}",5,"She is proud that several sculptures have even gone on display again, albeit sometimes beneath protective cases."
material,7,"{""2022"": 3, ""2024"": 2, ""2025"": 1, ""2026"": 1}",3,"Joana Lia Ferreira, an assistant professor of conservation and restoration at the NOVA School of Science and Technology, notes that archaeologists first defined the great material ages of human history—Stone Age, Iron Age, and so on—after examining artifacts in museums."
historical,7,"{""2022"": 1, ""2025"": 5, ""2026"": 1}",5,"At the time of creation, no attempts were made at intentional preservation, yet analog materials have a chance of surviving and serving as the historical record that biographers, historians, and novelists rely on."
learn,7,"{""2022"": 1, ""2024"": 5, ""2025"": 1}",3,It inspired me to learn more about the culture that it represented.
dismissal,7,"{""2022"": 7}",4,Yet mediocrity is no longer enough to justify a dismissal.
record,7,"{""2022"": 2, ""2023"": 1, ""2025"": 2, ""2026"": 2}",2,"At the time of creation, no attempts were made at intentional preservation, yet analog materials have a chance of surviving and serving as the historical record that biographers, historians, and novelists rely on."
wildlife,7,"{""2022"": 4, ""2024"": 2, ""2026"": 1}",4,Both the wildlife park and zoo claimed to be operating for the benefit of the animals and for conservation purposes.
actually,7,"{""2022"": 3, ""2024"": 2, ""2025"": 2}",7,Neither one of them actually participated in any contributions to animal research or conservation.
cannot,7,"{""2022"": 2, ""2024"": 3, ""2025"": 1, ""2026"": 1}",3,"For wild animals that cannot be returned to their natural habitats, zoos offer the best alternative."
potential,7,"{""2022"": 1, ""2023"": 2, ""2024"": 1, ""2025"": 1, ""2026"": 2}",3,"At the end of 2018, Governor Charlie Baker of Massachusetts signed a bill to rein in those potential investor-buyers."
thousands,7,"{""2022"": 1, ""2023"": 1, ""2025"": 3, ""2026"": 2}",2,The advent of electronic publishing and authors' need to find outlets for their papers resulted in thousands of new journals.
species,7,"{""2022"": 1, ""2024"": 2, ""2025"": 4}",4,Zoos are at the forefront of conservation and constantly evolving to improve how they care for animals and protect each species in its natural habitat.
late,7,"{""2023"": 2, ""2024"": 3, ""2026"": 2}",1,"The problem began late last year, when PRH confirmed that it had introduced a credit limit with Waterstones at a very significant level."
world's,7,"{""2023"": 1, ""2024"": 1, ""2025"": 4, ""2026"": 1}",0,
doors,7,"{""2024"": 6, ""2025"": 1}",6,"It can be hard for scientists to make the case because our work is complex, often takes place behind closed doors and does not always lend itself to easy interpretation or explanation."
buildings,7,"{""2024"": 4, ""2025"": 3}",4,"Without the need to be touched to open or close, automatic doors are essential in improving disabled access to buildings and helping provide general convenience to commercial buildings."
chesapeake,7,"{""2024"": 7}",2,"The miracle of the Chesapeake Bay lies not in its depths, but in the complexity of its natural construction, the interaction of fresh and saline waters, and the mix of land and water."
bay,7,"{""2024"": 6, ""2025"": 1}",2,"The miracle of the Chesapeake Bay lies not in its depths, but in the complexity of its natural construction, the interaction of fresh and saline waters, and the mix of land and water."
origin,7,"{""2024"": 7}",2,"To those of you in the comments section who are having strong feelings about artifacts being removed from cities in the US and Britain and returned to their countries of origin, I would ask you to consider: why do you think Americans have more of a right to easily access the Benin Bronzes than the people of Nigeria?"
shakespeare,7,"{""2025"": 7}",0,
librarians,7,"{""2025"": 7}",5,"Thus, librarians digitize the tangible so that researchers the world over can quickly search and access their holdings."
peters,7,"{""2025"": 7}",5,"Peters likes to photograph butterflies in a landscape, celebrating the beauty of their surroundings as well as the insects themselves."
together,6,"{""2020"": 2, ""2022"": 1, ""2023"": 2, ""2025"": 1}",1,"The term caravan was used to describe groups of people who travelled together across the ancient network for safety reasons, such as merchants, travellers or pilgrims."
got,6,"{""2020"": 1, ""2021"": 1, ""2022"": 1, ""2024"": 1, ""2025"": 1, ""2026"": 1}",4,"There, as people got more money, some of them may have more cleared land for cattle to raise for meat, Ferraro says."
day,6,"{""2020"": 1, ""2024"": 1, ""2025"": 4}",3,"It found that infants had an average of 14 alloparents a day by the time they were 18 weeks old, and were passed between caregivers eight times an hour."
cancer,6,"{""2020"": 3, ""2025"": 3}",5,It swiftly became an obsession as he recovered from a successful operation to remove the cancer.
argued,6,"{""2020"": 2, ""2021"": 2, ""2022"": 1, ""2026"": 1}",5,"A town of culture award could, it is argued, become an annual event, attracting funding and creating jobs."
living,6,"{""2020"": 1, ""2022"": 1, ""2024"": 1, ""2026"": 3}",4,"Zoos are, in that sense, similar to natural history and archeology museums, serving to satisfy our need for contact with these living creatures while leaving the vast majority undisturbed in their natural environments.: Emma Marris selectively describes and misrepresents the findings of our research."
influence,6,"{""2020"": 2, ""2023"": 2, ""2024"": 2}",0,
slow,6,"{""2020"": 1, ""2021"": 3, ""2025"": 2}",3,High growth rates increased the chances for academic innovation; they also weakened the forms and processes by which teachers and students are admitted into a community of scholars during periods of stability or slow growth.
call,6,"{""2020"": 1, ""2022"": 1, ""2023"": 1, ""2024"": 3}",3,"A group of Labour MPs, among them Yvette Cooper, are bringing in the new year with a call to institute a UK town of culture award."
proposal,6,"{""2020"": 5, ""2023"": 1}",3,"The proposal is that it should sit alongside the existing city of culture title, which was held by Hull in 2017, and has been awarded to Coventry for 2021."
title,6,"{""2020"": 4, ""2021"": 1, ""2024"": 1}",2,"The proposal is that it should sit alongside the existing city of culture title, which was held by Hull in 2017, and has been awarded to Coventry for 2021."
success,6,"{""2020"": 3, ""2022"": 2, ""2024"": 1}",1,"The success of Sci-Hub, which relies on researchers passing on copies they have themselves legally accessed, shows the legal ecosystem has lost legitimacy among its users and must be transformed so that it works for all participants."
ought,6,"{""2020"": 2, ""2023"": 2, ""2024"": 1, ""2025"": 1}",1,The goals of researchers ought to be realistic.
towns,6,"{""2020"": 3, ""2023"": 3}",3,The state Legislature recently voted against a bill that would've made it illegal for towns to create legislation restricting short-term rentals.
resources,6,"{""2020"": 2, ""2024"": 2, ""2025"": 2}",3,"The researchers are convinced that the elephants always know precisely where they are in relation to all the resources they need, and can therefore take shortcuts, as well as following familiar routes."
itself,6,"{""2020"": 1, ""2021"": 1, ""2023"": 1, ""2025"": 3}",5,"A cynic might speculate that the UK is on the verge of disappearing into an endless fever of self-celebration in its desperation to reinvent itself for the post-Brexit world: after town of culture, who knows what will follow—village of culture?"
live,6,"{""2020"": 1, ""2022"": 2, ""2023"": 1, ""2024"": 1, ""2025"": 1}",5,They transform the aspirations of the people who live there; they nudge the self-image of the city into a bolder and more optimistic light.
light,6,"{""2020"": 1, ""2022"": 3, ""2024"": 1, ""2025"": 1}",5,They transform the aspirations of the people who live there; they nudge the self-image of the city into a bolder and more optimistic light.
cultural,6,"{""2020"": 2, ""2022"": 2, ""2023"": 1, ""2024"": 1}",3,"It is hard to get right, and requires a remarkable degree of vision, as well as cooperation between city authorities, the private sector, community groups and cultural organisations."
complex,6,"{""2020"": 1, ""2022"": 4, ""2025"": 1}",4,"It can be hard for scientists to make the case because our work is complex, often takes place behind closed doors and does not always lend itself to easy interpretation or explanation."
suggests,6,"{""2020"": 1, ""2021"": 2, ""2022"": 1, ""2024"": 2}",4,"Ferraro suggests the results may transfer to other parts of Asia, due to commonalities such as the importance of growing rice and market access."
mentioned,6,"{""2020"": 1, ""2022"": 1, ""2023"": 3, ""2024"": 1}",0,
half,6,"{""2020"": 2, ""2022"": 1, ""2023"": 1, ""2024"": 1, ""2025"": 1}",3,"More than half of all British scientific research is now published under open access terms: either freely available from the moment of publication, or paywalled for a year or more so that the publishers can make a profit before being placed on general release."
placed,6,"{""2020"": 1, ""2021"": 1, ""2023"": 2, ""2025"": 1, ""2026"": 1}",2,"More than half of all British scientific research is now published under open access terms: either freely available from the moment of publication, or paywalled for a year or more so that the publishers can make a profit before being placed on general release."
reduced,6,"{""2020"": 1, ""2023"": 2, ""2024"": 1, ""2025"": 1, ""2026"": 1}",2,"PRH declined to comment on the issue, but a spokesperson for Waterstones told me: Waterstones are currently operating with reduced credit terms from PRH, the only publisher in the UK to place any limitations on our ability to trade."
feel,6,"{""2020"": 2, ""2022"": 1, ""2024"": 2, ""2025"": 1}",3,Our findings indicate that people do not only feel different when they are the centre of attention but that their brain reactions also differ.
policies,6,"{""2020"": 2, ""2021"": 1, ""2024"": 2, ""2025"": 1}",3,But all too often such policies are an insincere form of virtue-signaling that benefits only the most privileged and does little to help average people.
ensure,6,"{""2020"": 2, ""2021"": 2, ""2023"": 2}",3,"A pair of bills sponsored by Massachusetts state Senator Jason Lewis and House Speaker Pro Tempore Patricia Haddad, to ensure gender parity on boards and commissions, provide a case in point."
recently,6,"{""2020"": 1, ""2021"": 1, ""2023"": 2, ""2024"": 1, ""2025"": 1}",5,"The bills are similar to a measure recently adopted in California, which last year became the first state to require gender quotas for private companies."
probably,6,"{""2020"": 1, ""2024"": 4, ""2025"": 1}",4,"In signing the measure, California Governor Jerry Brown admitted that the law, which expressly classifies people on the basis of sex, is probably unconstitutional."
supreme,6,"{""2020"": 2, ""2021"": 2, ""2024"": 2}",3,"The US Supreme Court frowns on sex-based classifications unless they are designed to address an important policy interest, Because the California law applies to all boards, even where there is no history of prior discrimination, courts are likely to rule that the law violates the constitutional guarantee of equal protection."
designed,6,"{""2020"": 3, ""2021"": 1, ""2022"": 2}",6,"The US Supreme Court frowns on sex-based classifications unless they are designed to address an important policy interest, Because the California law applies to all boards, even where there is no history of prior discrimination, courts are likely to rule that the law violates the constitutional guarantee of equal protection."
corporate,6,"{""2020"": 5, ""2022"": 1}",4,"Female participation on corporate boards may not currently mirror the percentage of women in the general population, but so what?"
led,6,"{""2020"": 2, ""2022"": 1, ""2024"": 1, ""2025"": 1, ""2026"": 1}",3,"Writing in The New Republic, Alice Lee notes that increasing the number of opportunities for board membership without increasing the pool of qualified women to serve on such boards has led to a golden skirt phenomenon, where the same elite women scoop up multiple seats on a variety of boards."
multiple,6,"{""2020"": 1, ""2021"": 1, ""2023"": 1, ""2025"": 1, ""2026"": 2}",5,"Writing in The New Republic, Alice Lee notes that increasing the number of opportunities for board membership without increasing the pool of qualified women to serve on such boards has led to a golden skirt phenomenon, where the same elite women scoop up multiple seats on a variety of boards."
variety,6,"{""2020"": 1, ""2022"": 1, ""2023"": 1, ""2024"": 1, ""2025"": 1, ""2026"": 1}",4,"Writing in The New Republic, Alice Lee notes that increasing the number of opportunities for board membership without increasing the pool of qualified women to serve on such boards has led to a golden skirt phenomenon, where the same elite women scoop up multiple seats on a variety of boards."
owners,6,"{""2020"": 1, ""2022"": 4, ""2024"": 1}",3,"As countless boards and business owners will attest, constraining firms from firing poorly performing, high-earning managers is a handbrake on boosting productivity and overall performance."
inferred,6,"{""2020"": 1, ""2022"": 1, ""2024"": 1, ""2025"": 2, ""2026"": 1}",1,What can be inferred about modern firefighting?
major,6,"{""2020"": 2, ""2021"": 1, ""2022"": 1, ""2023"": 1, ""2024"": 1}",2,This mutual gaze is a major part of the attachment between mother and child.
issues,6,"{""2020"": 1, ""2023"": 1, ""2024"": 3, ""2026"": 1}",2,"Issues arise, however, when developers attempt to create large-scale short-term rental facilities—de facto hotels—to bypass taxes and regulations."
passed,6,"{""2020"": 2, ""2023"": 1, ""2024"": 2, ""2026"": 1}",4,"Last Thursday, the French Senate passed a digital services tax, which would impose an entirely new tax on large multinationals that provide digital services to consumers or users in France."
include,6,"{""2020"": 1, ""2023"": 3, ""2024"": 1, ""2025"": 1}",5,"Digital services include everything from providing a platform for selling goods and services online to targeting advertising based on user data, and the tax applies to gross revenue from such services."
media,6,"{""2020"": 1, ""2021"": 1, ""2023"": 3, ""2026"": 1}",5,"Many French politicians and media outlets have referred to this as a GAFA tax, meaning that it is designed to apply primarily to companies such as Google, Apple, Facebook and Amazon—in other words, multinational tech companies based in the United States."
tech,6,"{""2020"": 6}",1,"Many French politicians and media outlets have referred to this as a GAFA tax, meaning that it is designed to apply primarily to companies such as Google, Apple, Facebook and Amazon—in other words, multinational tech companies based in the United States."
country,6,"{""2020"": 1, ""2023"": 2, ""2024"": 3}",4,The French tax is not just a unilateral move by one country in need of revenue.
included,6,"{""2020"": 1, ""2021"": 1, ""2022"": 1, ""2023"": 2, ""2025"": 1}",4,"Thosepieces included small beds of roses and other items as well as a few dozen nature carpets — large rectangles decorated with foam pumpkins, cabbages, and watermelons."
holds,6,"{""2020"": 1, ""2021"": 1, ""2022"": 1, ""2023"": 1, ""2024"": 1, ""2026"": 1}",0,
clear,6,"{""2020"": 1, ""2021"": 2, ""2023"": 1, ""2024"": 2}",4,"Typically, if rains are delayed, people may clear land to plant more rice to supplement their harvests."
platforms,6,"{""2020"": 1, ""2025"": 3, ""2026"": 2}",2,"But the age of streaming has been a boon for some unintended winners: pirates that use software to rip a film or television show in seconds from legitimate online video platforms and host the titles on their own, illegitimate services, which rake in about $2 billion annually from ads and subscriptions."
demands,6,"{""2020"": 1, ""2021"": 2, ""2023"": 2, ""2025"": 1}",2,"Such debates reflect fierce discussions across the US, as researchers, policymakers, teachers and students step up demands for a greater focus on teaching about the facts of climate change in schools."
looking,6,"{""2020"": 1, ""2021"": 1, ""2022"": 1, ""2023"": 2, ""2026"": 1}",4,"In adulthood, looking at someone else in a pleasant way can be a complimentary sign of paying attention."
associated,6,"{""2020"": 3, ""2021"": 2, ""2026"": 1}",4,"In people who score high in a test of neuroticism, a personality dimension associated with self-consciousness and anxiety, eye contact triggered more activity associated with avoidance, according to the Finnish researcher Jari Hietanen and colleagues."
three,6,"{""2020"": 1, ""2021"": 2, ""2023"": 1, ""2024"": 1, ""2025"": 1}",5,"These pauses typically occur at about three per second, and the eyes then jump to another spot, until several important points in the image are registered like a series of snapshots."
findings,6,"{""2020"": 1, ""2022"": 3, ""2026"": 2}",5,Our findings indicate that people do not only feel different when they are the centre of attention but that their brain reactions also differ.
neatly,6,"{""2020"": 2, ""2021"": 2, ""2022"": 1, ""2025"": 1}",0,
ideas,6,"{""2020"": 2, ""2023"": 1, ""2025"": 1, ""2026"": 2}",4,"Scientific method, reductionism and the questioning of Church ideals was to be encouraged, as were ideas of liberty, tolerance and progress."
spread,6,"{""2020"": 2, ""2021"": 1, ""2024"": 1, ""2026"": 2}",3,"Offering up such a theory during a time of high tension between scientific and religious minds was branded as heresy, and any such heretics that continued to spread these lies were to be punished by imprisonment or even death."
thinking,6,"{""2020"": 3, ""2022"": 1, ""2024"": 1, ""2025"": 1}",4,"Before each of their revelations, many thinkers at the time had sustained more ancient ways of thinking, including the geocentric view that the Earth was at the centre of our universe."
ancient,6,"{""2020"": 1, ""2023"": 1, ""2024"": 2, ""2026"": 2}",3,"Before each of their revelations, many thinkers at the time had sustained more ancient ways of thinking, including the geocentric view that the Earth was at the centre of our universe."
reason,6,"{""2020"": 2, ""2021"": 1, ""2023"": 1, ""2024"": 1, ""2026"": 1}",3,It was with these great revelations that a new kind of philosophy founded in reason was born.
losing,6,"{""2020"": 1, ""2022"": 1, ""2023"": 1, ""2024"": 1, ""2025"": 2}",4,Between preserving the jobs of ordinary workers or losing them.
seek,6,"{""2020"": 2, ""2021"": 1, ""2022"": 1, ""2023"": 1, ""2025"": 1}",4,"Such actions to seek knowledge and to understand what information we already knew were captured by the Latin phrase 'sapere aude' or 'dare to know', after Immanuel Kant used it in his essay An Answer to the Question: What is Enlightenment?."
student,6,"{""2020"": 1, ""2021"": 2, ""2023"": 1, ""2024"": 1, ""2026"": 1}",2,"And if the postgraduate student population also grows rapidly and there is loss of a close apprenticeship relationship between faculty members and students, the student culture becomes the chief socializing force for new postgraduate students, with consequences for the intellectual and academic life of the institution—this was seen in America as well as in France, Italy, West Germany, and Japan."
implied,6,"{""2020"": 1, ""2021"": 1, ""2023"": 3, ""2024"": 1}",1,"In your essay, you should 1) describe the picture and the chart briefly, 2) interpret the implied meaning, and 3) give your comments."
type,6,"{""2021"": 2, ""2023"": 3, ""2024"": 1}",5,How insidious is this type of citation manipulation?
highly,6,"{""2021"": 2, ""2022"": 4}",3,But these provisions create difficulties for businesses when applied to highly paid managers and executives.
decision,6,"{""2021"": 2, ""2022"": 1, ""2023"": 2, ""2025"": 1}",0,
operators,6,"{""2021"": 4, ""2024"": 2}",2,"It is all very well train operators trumpeting the improvements they are making to the network, but passengers should be able to expect a basic level of service for the substantial sums they are now paying to travel."
rail,6,"{""2021"": 6}",3,"It has become a grimly reliable annual ritual: every January the cost of travelling by train rises, imposing a significant extra burden on those who have no option but to use the rail network to get to work or otherwise."
strong,6,"{""2021"": 2, ""2022"": 3, ""2024"": 1}",4,"However, there is a strong case that those who have been worst affected by industrial action should receive compensation for the disruption they have suffered."
wider,6,"{""2021"": 1, ""2022"": 1, ""2023"": 1, ""2024"": 1, ""2025"": 2}",4,"Just as the code breaking has its wider relevance in the struggle for Spain, so his attempts to make his way up the promotion ladder speak volumes about British society."
ordinary,6,"{""2021"": 1, ""2022"": 4, ""2024"": 1}",4,Personal grievance procedures were designed to guard the jobs of ordinary workers from unjustified dismissals.
deforestation,6,"{""2021"": 6}",2,Indonesia has the third-largest area of tropical forest in the world and one of the highest deforestation rates.
care,6,"{""2021"": 1, ""2022"": 3, ""2024"": 1, ""2025"": 1}",5,"In 2007, Indonesia started phasing in a program that gives money to its poorest residents under certain conditions, such as requiring people to keep kids in school or get regular medical care."
severe,6,"{""2021"": 1, ""2023"": 1, ""2026"": 4}",3,"In Indonesia, the program has provided enough food and medicine to substantially reduce severe growth problems among children."
sometimes,6,"{""2021"": 1, ""2022"": 2, ""2023"": 1, ""2024"": 2}",4,"She is proud that several sculptures have even gone on display again, albeit sometimes beneath protective cases."
previous,6,"{""2021"": 1, ""2023"": 1, ""2024"": 1, ""2025"": 1, ""2026"": 2}",4,"The only previous study analyzing causality, based on an area in Mexico that had instituted CCTs, supported the traditional view."
land,6,"{""2021"": 2, ""2023"": 1, ""2024"": 3}",6,"There, as people got more money, some of them may have more cleared land for cattle to raise for meat, Ferraro says."
benefit,6,"{""2021"": 1, ""2022"": 1, ""2023"": 1, ""2024"": 1, ""2025"": 1, ""2026"": 1}",3,Both the wildlife park and zoo claimed to be operating for the benefit of the animals and for conservation purposes.
i've,6,"{""2021"": 2, ""2024"": 2, ""2025"": 2}",2,"I've found quite a few, and—since I started posting them on Twitter—they have been causing quite a stir."
away,6,"{""2021"": 1, ""2022"": 2, ""2024"": 1, ""2026"": 2}",2,They are noting that the Victorians suddenly seem to become more human as the hundred-or-so years that separate us fade away through our common experience of laughter.
almost,6,"{""2021"": 2, ""2022"": 1, ""2024"": 3}",4,"Yet that demand has been almost impossible to fill—in part because of pushback from broadband providers, anti-regulatory conservatives and the courts."
displayed,6,"{""2021"": 1, ""2023"": 1, ""2024"": 4}",5,One explanation might be the loss of dignity displayed through a cheesy grin.
came,6,"{""2021"": 2, ""2022"": 1, ""2023"": 1, ""2024"": 1, ""2026"": 1}",4,"Even Mark Twain, a man who enjoyed a hearty laugh, said that when it came to photographic portraits there could be nothing more damning than a silly, foolish smile fixed forever."
develop,6,"{""2021"": 1, ""2023"": 1, ""2024"": 1, ""2025"": 3}",3,By allowing AI to develop content some brand marketers may find that they are losing control over the brand narrative.
preserving,6,"{""2021"": 2, ""2022"": 1, ""2023"": 1, ""2025"": 2}",3,Between preserving the jobs of ordinary workers or losing them.
fcc,6,"{""2021"": 6}",3,"Court of Appeals for the District of Columbia Circuit was the latest take of the Federal Communications Commission (FCC) on net neutrality, adopted on a party-line vote in 2017."
net,6,"{""2021"": 6}",1,"Court of Appeals for the District of Columbia Circuit was the latest take of the Federal Communications Commission (FCC) on net neutrality, adopted on a party-line vote in 2017."
neutrality,6,"{""2021"": 6}",1,"Court of Appeals for the District of Columbia Circuit was the latest take of the Federal Communications Commission (FCC) on net neutrality, adopted on a party-line vote in 2017."
congress,6,"{""2021"": 3, ""2023"": 2, ""2025"": 1}",4,"But Judge Patricia Millett rightly argued in a concurring opinion that the result is unhinged from the realities of modern broadband service, and said Congress or the Supreme Court could intervene to avoid trapping Internet regulation in technological anachronism."
individual,6,"{""2021"": 2, ""2022"": 1, ""2023"": 2, ""2026"": 1}",4,"Second, growth obviously affected the absolute size both of systems and individual institutions."
takes,6,"{""2021"": 1, ""2025"": 5}",3,"It can be hard for scientists to make the case because our work is complex, often takes place behind closed doors and does not always lend itself to easy interpretation or explanation."
hiring,6,"{""2021"": 3, ""2022"": 3}",4,Here are a few ways AI is aiding companies without replacing employees: Better hiring practices Companies are using artificial intelligence to remove some of the unconscious bias from hiring decisions.
learning,6,"{""2021"": 2, ""2022"": 2, ""2023"": 1, ""2025"": 1}",4,"There are experiments that show that, naturally, the results of interviews are much more biased than what AI does, says Pedro Domingos, author of The Master Algorithm: How the Quest for the Ultimate Learning Machine Will Remake Our World and a computer science professor at the University of Washington."
professor,6,"{""2021"": 2, ""2022"": 3, ""2025"": 1}",3,"There are experiments that show that, naturally, the results of interviews are much more biased than what AI does, says Pedro Domingos, author of The Master Algorithm: How the Quest for the Ultimate Learning Machine Will Remake Our World and a computer science professor at the University of Washington."
uses,6,"{""2021"": 2, ""2022"": 1, ""2024"": 2, ""2025"": 1}",5,It uses analytics to help identify where there may be bias in the hiring process.
identify,6,"{""2021"": 1, ""2023"": 2, ""2024"": 3}",4,It uses analytics to help identify where there may be bias in the hiring process.
provides,6,"{""2021"": 1, ""2022"": 1, ""2024"": 1, ""2025"": 1, ""2026"": 2}",3,"Domingos says, Improved accuracy Machine learning often provides a more reliable form of statistics which makes data more valuable, says Winston."
job,6,"{""2021"": 2, ""2022"": 1, ""2023"": 1, ""2025"": 2}",2,AI replaces the boring parts of your job.
relevant,6,"{""2021"": 3, ""2023"": 2, ""2025"": 1}",3,Those societies came out of the war with levels of enrollment that had been roughly constant at 3-5% of the relevant age groups during the decades before the war.
beyond,6,"{""2021"": 1, ""2022"": 3, ""2024"": 1, ""2026"": 1}",4,We're also giving our customers better channels versus picking up the phone to accomplish something beyond human scale.
five,6,"{""2021"": 1, ""2022"": 2, ""2023"": 1, ""2025"": 2}",4,"When a faculty or department grows from, say, five to 20 members within three or four years, and when the new staff are predominantly young men and women fresh from postgraduate study, they largely define the norms of academic life in that faculty."
members,6,"{""2021"": 2, ""2022"": 1, ""2023"": 2, ""2024"": 1}",5,"When a faculty or department grows from, say, five to 20 members within three or four years, and when the new staff are predominantly young men and women fresh from postgraduate study, they largely define the norms of academic life in that faculty."
staff,6,"{""2021"": 1, ""2022"": 3, ""2023"": 2}",5,"When a faculty or department grows from, say, five to 20 members within three or four years, and when the new staff are predominantly young men and women fresh from postgraduate study, they largely define the norms of academic life in that faculty."
teachers,6,"{""2021"": 1, ""2022"": 1, ""2023"": 4}",3,High growth rates increased the chances for academic innovation; they also weakened the forms and processes by which teachers and students are admitted into a community of scholars during periods of stability or slow growth.
foreign,6,"{""2021"": 1, ""2024"": 4, ""2026"": 1}",4,Ancient art that is displayed in foreign countries by all means should be returned to the original country.
consciousness,6,"{""2022"": 5, ""2026"": 1}",3,Between two great wars this technological innovation built a new kind of national consciousness.
evolutionary,6,"{""2022"": 1, ""2024"": 3, ""2026"": 2}",4,"According to Dr Nikhil Chaudhary, an evolutionary anthropologist at Cambridge University, these practices, known as alloparenting, could lead to less anxiety for children and parents."
materials,6,"{""2022"": 1, ""2023"": 2, ""2024"": 1, ""2025"": 2}",4,But some plastic materials change over time.
object,6,"{""2022"": 2, ""2024"": 2, ""2025"": 2}",5,The object you make is already a time bomb.
educational,6,"{""2022"": 4, ""2023"": 1, ""2024"": 1}",3,But she underestimates the educational value of zoos.
thing,6,"{""2022"": 2, ""2023"": 2, ""2024"": 1, ""2025"": 1}",3,I think individuals being able to rent out their second home is a good thing.
art-science,6,"{""2022"": 6}",2,These were some of the words that Nature readers used to describe their experience of art-science collaborations in a series of articles on partnerships between artists and researchers.
nearly,6,"{""2022"": 1, ""2023"": 1, ""2024"": 3, ""2026"": 1}",5,"Nearly 40% of the roughly 350 people who responded to an accompanying poll said, they had collaborated with artists; and almost all said they would consider doing so in future."
enhance,6,"{""2022"": 2, ""2024"": 1, ""2026"": 3}",4,"Artists help scientists reach a broader audience and make emotional connections that enhance learning, one respondent said."
explore,6,"{""2022"": 1, ""2024"": 2, ""2025"": 2, ""2026"": 1}",4,"More than half a century ago, the Massachusetts Institute of Technology opened its Center for Advanced Visual Studies (CAVS) to explore the role of technology in culture."
aimed,6,"{""2022"": 1, ""2023"": 2, ""2025"": 1, ""2026"": 2}",2,Rivkin joined the MPA in 2017 after the organization failed five years earlier to build consensus between Hollywood and Silicon Valley to win passage of legislation in Congress aimed at stopping online piracy.
procedures,6,"{""2022"": 4, ""2023"": 1, ""2026"": 1}",1,Personal grievance procedures were designed to guard the jobs of ordinary workers from unjustified dismissals.
difficult,6,"{""2022"": 2, ""2023"": 1, ""2025"": 2, ""2026"": 1}",3,"There may have been many spies and intelligence officers during the Napoleonic Wars, but it is usually extremely difficult to find the material they actually provided or worked on."
statement,6,"{""2022"": 1, ""2024"": 1, ""2026"": 4}",2,"Through their DNA, the animals are telling their history themselves, co-author Samantha Brooks, an equine researcher at the University of Florida, says in a statement."
park,6,"{""2022"": 2, ""2023"": 3, ""2026"": 1}",2,Both the wildlife park and zoo claimed to be operating for the benefit of the animals and for conservation purposes.
caravanserais,6,"{""2023"": 6}",4,"From the 10th century onwards, as merchant and travel routes became more developed, the construction of caravanserais increased and they served as a safe place for people to rest at night."
africa,6,"{""2023"": 1, ""2024"": 2, ""2026"": 3}",4,"Parenting tips obtained from hunter-gatherers in Africa may be the key to bringing up more contented children, researchers have suggested."
communities,6,"{""2023"": 2, ""2024"": 4}",3,"The idea is based on studies of communities such as the Kung of Botswana, where each child is cared for by many adults."
sites,6,"{""2023"": 3, ""2025"": 2, ""2026"": 1}",4,At the same time Al can also be used to generate content for social media posts and chat sites.
hom,6,"{""2023"": 6}",2,"Short-term rentals themselves are not the crux of the issue, said Keren Hom, an expert on affordable housing policy."
jackson,6,"{""2023"": 6}",3,"Throughout the trip, Jackson juggled multiple cameras and plate sizes using the collodion process that involved coating the plates with a chemical mixture, exposing them and developing the resulting images with a portable darkroom."
commercial,6,"{""2024"": 6}",4,Artists say they risk losing income as people start using AI-generated images based on copyrighted material for commercial purposes.
wetlands,6,"{""2024"": 6}",5,Environmental Protection Agency (EPA) far less authority to regulate wetlands and waterways.
hollywood,6,"{""2025"": 4, ""2026"": 2}",2,"Ever since taking on Netflix Inc. at its own game, old Hollywood has struggled to turn a profit in streaming, with the likes of Disney+, Peacock and Paramount+ losing billions of dollars each year, sparking concerns that the services will never be as profitable as cable once was."
citizen,6,"{""2025"": 6}",5,Citizen science provides an opportunity for greater public engagement and the democratisation of science.
wildfires,6,"{""2026"": 6}",3,"In the study, the researchers compared the historical fire cadence with the wildfires recorded over the past few decades, and uncovered a striking shortfall."
damage,5,"{""2020"": 2, ""2022"": 2, ""2025"": 1}",2,"Yet as we report now, the food police are determined that this enjoyment should be rendered yet another guilty pleasure guaranteed to damage our health."
caused,5,"{""2020"": 1, ""2022"": 1, ""2025"": 3}",2,"After all, it was rumoured that smoking caused cancer for years before the evidence was found to prove a connection."
prove,5,"{""2020"": 2, ""2021"": 1, ""2022"": 2}",3,Employers have long seen the advantages of hiring school leavers who often prove themselves to be more committed and loyal employees than graduates.
towards,5,"{""2020"": 3, ""2023"": 1, ""2024"": 1}",2,In Britain the move towards open access publishing has been driven by funding bodies.
concern,5,"{""2020"": 2, ""2021"": 1, ""2023"": 1, ""2024"": 1}",0,
issued,5,"{""2020"": 1, ""2021"": 1, ""2022"": 1, ""2024"": 1, ""2026"": 1}",2,"If that sounds melodramatic, consider this: The Art Directors Guild, a labor union representing about 3,000 film workers, has suspended a training program and issued a statement explaining that we cannot in good conscience encourage you to pursue our profession."
contrast,5,"{""2020"": 1, ""2024"": 3, ""2025"": 1}",0,
particular,5,"{""2020"": 1, ""2023"": 1, ""2024"": 2, ""2026"": 1}",4,One of the turning points in public support for land conservation efforts—and recognizing the magnificence of the Yellowstone region in particular—came in the form of vivid photographs.
colleagues,5,"{""2020"": 3, ""2022"": 1, ""2023"": 1}",1,"In people who score high in a test of neuroticism, a personality dimension associated with self-consciousness and anxiety, eye contact triggered more activity associated with avoidance, according to the Finnish researcher Jari Hietanen and colleagues."
investment,5,"{""2020"": 1, ""2021"": 2, ""2023"": 1, ""2026"": 1}",1,"Yes, more investment is needed, but passengers will not be willing to pay more indefinitely if they must also endure cramped, unreliable services, interrupted by regular chaos when timetables are changed, or planned maintenance is managed incompetently."
event,5,"{""2020"": 1, ""2021"": 1, ""2026"": 3}",3,"A town of culture award could, it is argued, become an annual event, attracting funding and creating jobs."
funding,5,"{""2020"": 3, ""2023"": 1, ""2025"": 1}",3,"A town of culture award could, it is argued, become an annual event, attracting funding and creating jobs."
longer,5,"{""2020"": 2, ""2022"": 3}",4,"Some might see the proposal as a booby prize for the fact that Britain is no longer able to apply for the much more prestigious title of European capital of culture, a sought-after award bagged by Glasgow in 1990 and Liverpool in 2008."
cooperation,5,"{""2020"": 3, ""2025"": 2}",3,"It is hard to get right, and requires a remarkable degree of vision, as well as cooperation between city authorities, the private sector, community groups and cultural organisations."
private,5,"{""2020"": 4, ""2022"": 1}",4,"It is hard to get right, and requires a remarkable degree of vision, as well as cooperation between city authorities, the private sector, community groups and cultural organisations."
factors,5,"{""2020"": 2, ""2021"": 1, ""2023"": 1, ""2024"": 1}",3,"In 2016, researchers developed an algorithm to recognize suspicious citation patterns, including groups of authors that disproportionately cite one another and groups of journals that cite each other frequently to increase the impact factors of their publications."
remains,5,"{""2020"": 1, ""2021"": 1, ""2023"": 1, ""2025"": 1, ""2026"": 1}",1,We are not boycotting PRH titles but we are doing our utmost to ensure that availability for customers remains good despite the lower overall levels of stock.
helping,5,"{""2020"": 1, ""2021"": 1, ""2024"": 2, ""2025"": 1}",3,"Saving customers money Energy companies can use AI to help customers reduce their electricity bills, saving them money while helping the environment."
street,5,"{""2020"": 1, ""2022"": 1, ""2024"": 1, ""2026"": 2}",4,But a genuine partnership must be a two-way street.
facilities,5,"{""2020"": 1, ""2023"": 2, ""2026"": 2}",1,"Issues arise, however, when developers attempt to create large-scale short-term rental facilities—de facto hotels—to bypass taxes and regulations."
promote,5,"{""2020"": 3, ""2023"": 1, ""2025"": 1}",1,"Next time somebody pushes corporate quotas as a way to promote gender equity, remember that such policies are largely self-serving measures that make their sponsors feelgood but do little to help average women."
attempt,5,"{""2020"": 1, ""2021"": 1, ""2023"": 1, ""2024"": 2}",2,"Issues arise, however, when developers attempt to create large-scale short-term rental facilities—de facto hotels—to bypass taxes and regulations."
present,5,"{""2020"": 1, ""2022"": 1, ""2023"": 1, ""2025"": 1, ""2026"": 1}",1,Older generations often talk about their degree in the present and personal tense: 'I am a geographer' or 'I am a classicist'.
articles,5,"{""2020"": 1, ""2022"": 1, ""2023"": 3}",5,"Scientists need journals in which to publish their research, so they will supply the articles without monetary reward."
libraries,5,"{""2020"": 2, ""2025"": 3}",2,"Until this century, university libraries were not very price sensitive."
produced,5,"{""2020"": 1, ""2022"": 1, ""2024"": 3}",3,They cannot be compared to works of art produced for sale which can be passed from hand to hand and place to place by purchase.
universities,5,"{""2020"": 3, ""2021"": 1, ""2023"": 1}",2,Yet the new system has not worked out any cheaper for the universities.
seem,5,"{""2020"": 1, ""2021"": 1, ""2022"": 1, ""2023"": 1, ""2024"": 1}",2,They are noting that the Victorians suddenly seem to become more human as the hundred-or-so years that separate us fade away through our common experience of laughter.
offer,5,"{""2020"": 1, ""2022"": 1, ""2024"": 2, ""2026"": 1}",3,"The most drastic, and thoroughly illegal, reaction has been the emergence of Sci-Hub, a kind of global photocopier for scientific papers, set up in 2012, which now claims to offer access to every paywalled article published since 2015."
lost,5,"{""2020"": 1, ""2025"": 1, ""2026"": 3}",3,"The success of Sci-Hub, which relies on researchers passing on copies they have themselves legally accessed, shows the legal ecosystem has lost legitimacy among its users and must be transformed so that it works for all participants."
worked,5,"{""2020"": 1, ""2022"": 3, ""2024"": 1}",3,Yet the new system has not worked out any cheaper for the universities.
writers,5,"{""2020"": 1, ""2022"": 1, ""2023"": 3}",2,Publishers have responded to the demand that they make their product free to readers by charging their writers fees to cover the costs of preparing an article.
economy,5,"{""2020"": 3, ""2021"": 1, ""2025"": 1}",2,"In some ways the scientific publishing model resembles the economy of the social internet: labour is provided free in exchange for the hope of status, while huge profits are made by a few big firms who run the market places."
internet,5,"{""2020"": 1, ""2021"": 2, ""2024"": 2}",3,"In some ways the scientific publishing model resembles the economy of the social internet: labour is provided free in exchange for the hope of status, while huge profits are made by a few big firms who run the market places."
hope,5,"{""2020"": 1, ""2021"": 1, ""2025"": 2, ""2026"": 1}",3,"In some ways the scientific publishing model resembles the economy of the social internet: labour is provided free in exchange for the hope of status, while huge profits are made by a few big firms who run the market places."
huge,5,"{""2020"": 1, ""2021"": 1, ""2022"": 1, ""2025"": 1, ""2026"": 1}",3,"In some ways the scientific publishing model resembles the economy of the social internet: labour is provided free in exchange for the hope of status, while huge profits are made by a few big firms who run the market places."
nothing,5,"{""2020"": 1, ""2021"": 1, ""2024"": 2, ""2025"": 1}",3,"Even Mark Twain, a man who enjoyed a hearty laugh, said that when it came to photographic portraits there could be nothing more damning than a silly, foolish smile fixed forever."
room,5,"{""2020"": 2, ""2025"": 3}",1,She added The emotional understanding was very evident and it is probably related to the [rehearsal room process] where you are used to trying to imagine your way through.
field,5,"{""2020"": 1, ""2022"": 1, ""2025"": 2, ""2026"": 1}",4,Progressives often support diversity mandates as a path to equality and a way to level the playing field.
average,5,"{""2020"": 2, ""2021"": 1, ""2022"": 1, ""2024"": 1}",4,But all too often such policies are an insincere form of virtue-signaling that benefits only the most privileged and does little to help average people.
bills,5,"{""2020"": 4, ""2021"": 1}",4,"A pair of bills sponsored by Massachusetts state Senator Jason Lewis and House Speaker Pro Tempore Patricia Haddad, to ensure gender parity on boards and commissions, provide a case in point."
policy,5,"{""2020"": 1, ""2023"": 3, ""2025"": 1}",2,"The US Supreme Court frowns on sex-based classifications unless they are designed to address an important policy interest, Because the California law applies to all boards, even where there is no history of prior discrimination, courts are likely to rule that the law violates the constitutional guarantee of equal protection."
participation,5,"{""2020"": 2, ""2021"": 1, ""2022"": 1, ""2025"": 1}",1,"Female participation on corporate boards may not currently mirror the percentage of women in the general population, but so what?"
increasing,5,"{""2020"": 3, ""2021"": 2}",4,The number of women on corporate boards has been steadily increasing without government interference.
next,5,"{""2020"": 2, ""2023"": 1, ""2024"": 1, ""2025"": 1}",4,"Next time somebody pushes corporate quotas as a way to promote gender equity, remember that such policies are largely self-serving measures that make their sponsors feelgood but do little to help average women."
largely,5,"{""2020"": 1, ""2021"": 1, ""2023"": 2, ""2025"": 1}",4,"Next time somebody pushes corporate quotas as a way to promote gender equity, remember that such policies are largely self-serving measures that make their sponsors feelgood but do little to help average women."
bias,5,"{""2020"": 1, ""2021"": 2, ""2023"": 1, ""2026"": 1}",3,Here are a few ways AI is aiding companies without replacing employees: Better hiring practices Companies are using artificial intelligence to remove some of the unconscious bias from hiring decisions.
raise,5,"{""2020"": 2, ""2021"": 1, ""2022"": 1, ""2024"": 1}",1,"There, as people got more money, some of them may have more cleared land for cattle to raise for meat, Ferraro says."
career,5,"{""2020"": 1, ""2022"": 3, ""2023"": 1}",1,"Board members like her casually dismiss the career work of scholars and scientists as just another misguided opinion, says Dan Quinn, senior communications strategist at the Texas Freedom Network, a non-profit group that monitors public education."
illustrate,5,"{""2020"": 1, ""2024"": 2, ""2025"": 1, ""2026"": 1}",0,
considered,5,"{""2020"": 1, ""2022"": 2, ""2023"": 1, ""2024"": 1}",3,Nor should their work be considered only as an object of study.
legislation,5,"{""2020"": 1, ""2023"": 2, ""2025"": 2}",3,The state Legislature recently voted against a bill that would've made it illegal for towns to create legislation restricting short-term rentals.
multinationals,5,"{""2020"": 5}",2,"Last Thursday, the French Senate passed a digital services tax, which would impose an entirely new tax on large multinationals that provide digital services to consumers or users in France."
advertising,5,"{""2020"": 2, ""2021"": 2, ""2023"": 1}",3,"Digital services include everything from providing a platform for selling goods and services online to targeting advertising based on user data, and the tax applies to gross revenue from such services."
effect,5,"{""2020"": 1, ""2021"": 1, ""2022"": 1, ""2023"": 1, ""2025"": 1}",1,"The digital services tax now awaits the signature of President Emmanuel Macron, who has expressed support for the measure, and it could go into effect within the next few weeks."
provisions,5,"{""2020"": 1, ""2022"": 4}",2,"Instead, the digital services tax is part of a much larger trend, with countries over the past few years proposing or putting in place an alphabet soup of new international tax provisions."
taxes,5,"{""2020"": 2, ""2023"": 3}",3,"At the same time, the European Union, Spain, Britain and several other countries have all seriously contemplated digital services taxes."
failed,5,"{""2020"": 1, ""2021"": 1, ""2023"": 1, ""2025"": 2}",2,"In other words, they all share a view that the international tax system has failed to keep up with the current economy."
consensus,5,"{""2020"": 2, ""2023"": 1, ""2025"": 2}",4,"In response to these many unilateral measures, the Organization for Economic Cooperation and Development (OECD) is currently working with 131 countries to reach a consensus by the end of 2020 on an international solution."
nations,5,"{""2020"": 2, ""2022"": 2, ""2024"": 1}",1,I would ask that the foreign nations and the original country discuss the terms of transfer.
suitable,5,"{""2020"": 1, ""2021"": 1, ""2022"": 1, ""2024"": 1, ""2025"": 1}",1,What intrinsic factors make the West a suitable home for these artifacts but preclude them from being preserved and displayed by their countries of origin?
person,5,"{""2020"": 2, ""2024"": 1, ""2026"": 2}",1,"In a social situation, eye contact with another person can show that you are paying attention in a friendly way."
behind,5,"{""2020"": 1, ""2023"": 1, ""2024"": 1, ""2025"": 2}",3,"Nearly 2,000 years ago, as the Romans began to pull out of Scotland, they left behind a curious treasure: 10 tons of nails, nearly a million of the things."
eyes,5,"{""2020"": 4, ""2024"": 1}",3,"When we look at a face or a picture, our eyes pause on one spot at a time, often on the eyes or mouth."
sign,5,"{""2020"": 2, ""2021"": 1, ""2022"": 1, ""2023"": 1}",2,"In adulthood, looking at someone else in a pleasant way can be a complimentary sign of paying attention."
typically,5,"{""2020"": 1, ""2021"": 2, ""2023"": 1, ""2025"": 1}",4,"These pauses typically occur at about three per second, and the eyes then jump to another spot, until several important points in the image are registered like a series of snapshots."
subject,5,"{""2020"": 1, ""2021"": 1, ""2025"": 2, ""2026"": 1}",4,How the whole image is then assembled and perceived is still a mystery although it is the subject of current research.
finding,5,"{""2020"": 1, ""2021"": 1, ""2023"": 1, ""2024"": 2}",4,A more direct finding is that people who scored high for negative emotions like anxiety looked at others for shorter periods of time and reported more comfortable feelings when others did not look directly at them.
periods,5,"{""2020"": 2, ""2021"": 2, ""2026"": 1}",2,A more direct finding is that people who scored high for negative emotions like anxiety looked at others for shorter periods of time and reported more comfortable feelings when others did not look directly at them.
creativity,5,"{""2020"": 1, ""2022"": 1, ""2023"": 1, ""2025"": 1, ""2026"": 1}",1,"In 2017 the association formed the Alliance for Creativity and Entertainment (ACE), an enforcement task force of about 100 detectives circling the globe to help local authorities arrest streaming pirates."
renaissance,5,"{""2020"": 5}",2,"During the Renaissance, the great minds of Nicolaus Copernicus, Johannes Kepler and Galileo Galilei demonstrated the power of scientific study and discovery."
roman,5,"{""2020"": 1, ""2024"": 4}",2,It turned from God and the authority of the Roman Catholic Church and instead favoured a more humanistic approach to being.
throughout,5,"{""2020"": 1, ""2022"": 1, ""2023"": 2, ""2024"": 1}",2,"Throughout the trip, Jackson juggled multiple cameras and plate sizes using the collodion process that involved coating the plates with a chemical mixture, exposing them and developing the resulting images with a portable darkroom."
minds,5,"{""2020"": 3, ""2022"": 1, ""2025"": 1}",4,"During the Renaissance, the great minds of Nicolaus Copernicus, Johannes Kepler and Galileo Galilei demonstrated the power of scientific study and discovery."
took,5,"{""2020"": 1, ""2022"": 2, ""2023"": 2}",1,"As many took on the duty of trying to integrate reasoning and scientific philosophies into the world, the Renaissance was over and it was time for a new era - the Age of Reason."
era,5,"{""2020"": 1, ""2022"": 2, ""2025"": 1, ""2026"": 1}",2,"As many took on the duty of trying to integrate reasoning and scientific philosophies into the world, the Renaissance was over and it was time for a new era - the Age of Reason."
purpose,5,"{""2020"": 1, ""2022"": 3, ""2024"": 1}",4,"It was the purpose and responsibility of great minds to go forth and seek out the truth, which they believed to be founded in knowledge."
notice,5,"{""2020"": 2, ""2022"": 1, ""2023"": 2}",1,Long gone are the days when a boss could simply give an employee contractual notice.
interpret,5,"{""2020"": 1, ""2021"": 1, ""2023"": 1, ""2024"": 1, ""2026"": 1}",2,"In your essay, you should 1) describe the picture and the chart briefly, 2) interpret the implied meaning, and 3) give your comments."
young,5,"{""2021"": 2, ""2022"": 1, ""2024"": 1, ""2025"": 1}",4,"When a faculty or department grows from, say, five to 20 members within three or four years, and when the new staff are predominantly young men and women fresh from postgraduate study, they largely define the norms of academic life in that faculty."
period,5,"{""2021"": 3, ""2022"": 1, ""2024"": 1}",3,"It was also, and this is unknown even to many people well read about the period, a battle between those who made codes and those who broke them."
body,5,"{""2021"": 1, ""2022"": 1, ""2026"": 3}",2,"Instead, a growing body of research showed that frequent, low-severity fires made many ecosystems healthier."
fat,5,"{""2021"": 5}",5,One study found that muscle loss and the accumulation of body fat around the abdomen are associated with a decline in fluid intelligence.
association,5,"{""2021"": 1, ""2023"": 1, ""2025"": 2, ""2026"": 1}",4,"However, short-term rentals also provide housing for tourists, pointed out Ryan Castle, CEO of a local association of realtors."
possibility,5,"{""2021"": 1, ""2023"": 1, ""2024"": 2, ""2025"": 1}",4,Chaudhary said that Britain should explore the possibility that older siblings helping their parents might also enhance their own social development.
lower,5,"{""2021"": 2, ""2023"": 2, ""2026"": 1}",2,We are not boycotting PRH titles but we are doing our utmost to ensure that availability for customers remains good despite the lower overall levels of stock.
sense,5,"{""2021"": 1, ""2022"": 3, ""2024"": 1}",5,"Equally, there is a sense that the travails of commuters in the South East, many of whom will face among the biggest rises, have received too much attention compared to those who must endure the relatively poor infrastructure of the Midlands and the North."
strikes,5,"{""2021"": 5}",3,"However, over the past 12 months, those commuters have also experienced some of the worst rail strikes in years."
needed,5,"{""2021"": 2, ""2024"": 1, ""2025"": 1, ""2026"": 1}",3,"Yes, more investment is needed, but passengers will not be willing to pay more indefinitely if they must also endure cramped, unreliable services, interrupted by regular chaos when timetables are changed, or planned maintenance is managed incompetently."
return,5,"{""2021"": 1, ""2023"": 1, ""2024"": 1, ""2025"": 1, ""2026"": 1}",4,"The threat of nationalisation may have been seen off for now, but it will return with a vengeance if the justified anger of passengers is not addressed in short order."
travellers,5,"{""2021"": 1, ""2023"": 4}",4,"The word caravanserai is a combination of the Persian words karvan, which means a group of travellers or a caravan, and sardy, a palace or enclosed building."
relations,5,"{""2021"": 1, ""2022"": 2, ""2024"": 1, ""2026"": 1}",0,
aren't,5,"{""2021"": 1, ""2024"": 2, ""2025"": 2}",0,
indonesia,5,"{""2021"": 5}",3,"In 2007, Indonesia started phasing in a program that gives money to its poorest residents under certain conditions, such as requiring people to keep kids in school or get regular medical care."
ccts,5,"{""2021"": 5}",3,"Called conditional cash transfers or CCTs, these social assistance programs are designed to reduce inequality and break the cycle of poverty."
poverty,5,"{""2021"": 5}",2,"Called conditional cash transfers or CCTs, these social assistance programs are designed to reduce inequality and break the cycle of poverty."
protecting,5,"{""2021"": 3, ""2023"": 1, ""2024"": 1}",3,It needs to give the commission explicit authority once and for all to bar broadband providers from meddling in the traffic on their network and to create clear rules protecting openness and innovation online.
traditional,5,"{""2021"": 2, ""2022"": 1, ""2025"": 1, ""2026"": 1}",3,"The only previous study analyzing causality, based on an area in Mexico that had instituted CCTs, supported the traditional view."
rates,5,"{""2021"": 5}",4,Indonesia has the third-largest area of tropical forest in the world and one of the highest deforestation rates.
helped,5,"{""2021"": 1, ""2025"": 2, ""2026"": 2}",2,"Initially the rise of legitimate online businesses such as Netflix actually helped curb digital piracy, which had largely been based on file uploads."
fun,5,"{""2021"": 1, ""2022"": 1, ""2026"": 3}",2,"People have been surprised to see evidence that Victorians had fun and could, and did, laugh."
course,5,"{""2021"": 1, ""2022"": 2, ""2024"": 1, ""2026"": 1}",2,"Of course, I need to concede that my collection of 'Smiling Victorians' makes up only a tiny percentage of the vast catalogue of photographic portraiture created between 1840 and 1900, the majority of which show sitters posing miserably and stiffly in front of painted backdrops, or staring absently into the middle distance."
exposure,5,"{""2021"": 4, ""2023"": 1}",1,"The crude technique required educated guesses on exposure times, and involved heavy, awkward equipment—several men had to assist in its transportation."
thought,5,"{""2021"": 2, ""2024"": 1, ""2026"": 2}",4,"The thought of holding a fixed grin as the camera performed its magical duties was too much to contemplate, and so non-committal blank stare became the norm."
explanation,5,"{""2021"": 2, ""2024"": 1, ""2025"": 1, ""2026"": 1}",2,One explanation might be the loss of dignity displayed through a cheesy grin.
people's,5,"{""2021"": 1, ""2022"": 1, ""2024"": 2, ""2026"": 1}",0,
inventions,5,"{""2021"": 1, ""2024"": 3, ""2026"": 1}",1,"But inventions shape all of us and it is worth noticing when techno-social habits do change, and asking whether to control them a bit or shield the youngest."
commission,5,"{""2021"": 3, ""2022"": 1, ""2026"": 1}",2,"Court of Appeals for the District of Columbia Circuit was the latest take of the Federal Communications Commission (FCC) on net neutrality, adopted on a party-line vote in 2017."
anything,5,"{""2021"": 1, ""2022"": 1, ""2026"": 3}",3,"And while it is wonderful to take a walk with anything in your headphones, infinite choice encourages us to shrink into niche interests and sympathetic beliefs."
netflix,5,"{""2021"": 1, ""2025"": 3, ""2026"": 1}",3,"Ever since taking on Netflix Inc. at its own game, old Hollywood has struggled to turn a profit in streaming, with the likes of Disney+, Peacock and Paramount+ losing billions of dollars each year, sparking concerns that the services will never be as profitable as cable once was."
technological,5,"{""2021"": 1, ""2024"": 2, ""2025"": 1, ""2026"": 1}",3,"But Judge Patricia Millett rightly argued in a concurring opinion that the result is unhinged from the realities of modern broadband service, and said Congress or the Supreme Court could intervene to avoid trapping Internet regulation in technological anachronism."
survey,5,"{""2021"": 1, ""2023"": 2, ""2025"": 2}",4,A recent survey of manufacturing and service industries from Tata Consultancy Services found that companies currently use AI more often in computer-to-computer activities than in automating human activities.
company,5,"{""2021"": 3, ""2023"": 1, ""2025"": 1}",3,"One company in the UK, Phrasee, claims their software can outperform humans by up to 10 percent when it comes to email open rates."
tools,5,"{""2021"": 1, ""2022"": 1, ""2025"": 2, ""2026"": 1}",1,Zoos are tools for thinking.
electricity,5,"{""2021"": 2, ""2022"": 1, ""2025"": 2}",3,"Saving customers money Energy companies can use AI to help customers reduce their electricity bills, saving them money while helping the environment."
models,5,"{""2021"": 1, ""2024"": 3, ""2026"": 1}",4,"Insurance companies, meanwhile, can base their premiums on AI models that more accurately assess risk."
helps,5,"{""2021"": 2, ""2024"": 1, ""2025"": 2}",2,"One accounting firm, BY, uses an AI system that helps review contracts during an audit."
want,5,"{""2021"": 1, ""2023"": 1, ""2024"": 2, ""2025"": 1}",2,"Hom said similar registration requirements could benefit struggling cities and towns, but if we want to make a change in the housing market, the main one is we have to build a lot more."
graduates,5,"{""2021"": 1, ""2022"": 4}",4,"But after the war, great social and political changes arising out of the successful war against Fascism created a growing demand in European and American economies for increasing numbers of graduates with more than a secondary school education."
rapidly,5,"{""2021"": 2, ""2025"": 1, ""2026"": 2}",4,"And if the postgraduate student population also grows rapidly and there is loss of a close apprenticeship relationship between faculty members and students, the student culture becomes the chief socializing force for new postgraduate students, with consequences for the intellectual and academic life of the institution—this was seen in America as well as in France, Italy, West Germany, and Japan."
academic,5,"{""2021"": 3, ""2022"": 1, ""2025"": 1}",4,"When a faculty or department grows from, say, five to 20 members within three or four years, and when the new staff are predominantly young men and women fresh from postgraduate study, they largely define the norms of academic life in that faculty."
close,5,"{""2021"": 1, ""2022"": 1, ""2023"": 1, ""2024"": 1, ""2025"": 1}",3,"And if the postgraduate student population also grows rapidly and there is loss of a close apprenticeship relationship between faculty members and students, the student culture becomes the chief socializing force for new postgraduate students, with consequences for the intellectual and academic life of the institution—this was seen in America as well as in France, Italy, West Germany, and Japan."
animal,5,"{""2022"": 3, ""2024"": 1, ""2025"": 1}",3,Neither one of them actually participated in any contributions to animal research or conservation.
discovered,5,"{""2022"": 2, ""2024"": 2, ""2025"": 1}",3,The nail hoard was discovered in 1960 in a four-metre-deep pit covered by two metres of gravel.
essential,5,"{""2022"": 1, ""2023"": 1, ""2024"": 1, ""2025"": 1, ""2026"": 1}",3,"If customers are not willing to share data, AI will be starved of essential information and will not be able to function effectively or employ machine learning to improve its marketing content and communication."
reducing,5,"{""2022"": 1, ""2023"": 2, ""2024"": 1, ""2026"": 1}",3,"They rid the forest of dead and sick trees, reducing competition and curbing the spread of disease."
returning,5,"{""2022"": 1, ""2024"": 4}",2,Perhaps museums and governments might explore some role for the use of nearly exact reproductions as a means of resolving issues relating to returning works of art and antiquities.
plastics,5,"{""2022"": 5}",2,People often complain that plastics are too durable.
van,5,"{""2022"": 5}",1,Van Oosten callsthose chemicals sunscreens because their goal was to prevent further lightdamage and rebuild worn polymer fibers.
wrong,5,"{""2022"": 2, ""2023"": 1, ""2025"": 1, ""2026"": 1}",1,And firms pay staff less because firms carry the burden of the employment arrangement going wrong.
began,5,"{""2022"": 1, ""2023"": 2, ""2024"": 2}",4,"The problem began late last year, when PRH confirmed that it had introduced a credit limit with Waterstones at a very significant level."
application,5,"{""2022"": 2, ""2023"": 1, ""2024"": 1, ""2025"": 1}",1,"Scientists have employed a variety of ways to engage the general public in their research, such as making data analysis into an online game or sample collection into a smartphone application."
taking,5,"{""2022"": 1, ""2023"": 1, ""2025"": 2, ""2026"": 1}",3,"Ever since taking on Netflix Inc. at its own game, old Hollywood has struggled to turn a profit in streaming, with the likes of Disney+, Peacock and Paramount+ losing billions of dollars each year, sparking concerns that the services will never be as profitable as cable once was."
training,5,"{""2022"": 1, ""2024"": 1, ""2025"": 1, ""2026"": 2}",2,"If that sounds melodramatic, consider this: The Art Directors Guild, a labor union representing about 3,000 film workers, has suspended a training program and issued a statement explaining that we cannot in good conscience encourage you to pursue our profession."
communication,5,"{""2022"": 3, ""2023"": 1, ""2024"": 1}",3,"Fewer artists than scientists responded to the Nature poll, however, several respondents noted that artists do not simply assist scientists with their communication requirements."
requirements,5,"{""2022"": 1, ""2023"": 3, ""2024"": 1}",2,"Fewer artists than scientists responded to the Nature poll, however, several respondents noted that artists do not simply assist scientists with their communication requirements."
projects,5,"{""2022"": 2, ""2025"": 3}",2,The founders deliberately focused their projects around light—hence the visual studies in the name.
unjustified,5,"{""2022"": 5}",3,Personal grievance procedures were designed to guard the jobs of ordinary workers from unjustified dismissals.
difference,5,"{""2022"": 2, ""2024"": 1, ""2025"": 1, ""2026"": 1}",2,What does the difference mean?
protections,5,"{""2022"": 1, ""2024"": 4}",3,Society also suffers from excessive employment protections.
sea,5,"{""2022"": 1, ""2025"": 4}",4,"Across the Tasman Sea, Australia deals with the unjustified dismissal paradox by excluding employees earning above a specified high-income threshold from the protection of its unfair dismissal laws."
suffer,5,"{""2022"": 2, ""2023"": 2, ""2025"": 1}",2,Employees suffer from salary cuts.
emma,5,"{""2022"": 5}",2,"A distressed animal in a zoo will get as good or better treatment than most of us at our local hospital.: As a fellow environmentalist, animal-protection advocate and longtime vegetarian, I could properly be in the same camp as Emma Marris on the issue of zoos."
marris,5,"{""2022"": 5}",4,"But they are the exception, not the norm that Ms. Marris implies."
areas,5,"{""2022"": 3, ""2023"": 2}",4,"These are mostly students who had no opportunity as children to travel to wilderness areas, wildlife refuges or national parks."
play,5,"{""2022"": 1, ""2024"": 1, ""2025"": 2, ""2026"": 1}",3,"While animals in captivity deserve sympathy, zoos play a significant role in starting young people down the path of related sciences."
returned,5,"{""2022"": 1, ""2024"": 3, ""2025"": 1}",4,"For wild animals that cannot be returned to their natural habitats, zoos offer the best alternative."
bit,5,"{""2022"": 1, ""2023"": 2, ""2026"": 2}",3,I became convinced that this story was every bit as exciting and significant as that of Enigma and the breaking of German codes in the Second World War.
preserved,5,"{""2022"": 1, ""2023"": 1, ""2024"": 1, ""2025"": 2}",3,"What was more, many original French dispatches had been preserved in this collection, which I realized was priceless."
far,5,"{""2022"": 1, ""2023"": 1, ""2024"": 1, ""2025"": 1, ""2026"": 1}",2,Environmental Protection Agency (EPA) far less authority to regulate wetlands and waterways.
built,5,"{""2023"": 2, ""2024"": 1, ""2026"": 2}",3,"But these open-source programs are built by scraping images from the internet, often without permission and proper attribution to artists."
silk,5,"{""2023"": 5}",4,Travellers on the Silk Road faced the possibility of being attacked by thieves or being subjected to extreme weather conditions.
road,5,"{""2023"": 5}",4,Travellers on the Silk Road faced the possibility of being attacked by thieves or being subjected to extreme weather conditions.
branch,5,"{""2023"": 5}",2,"Branch points out that, even if a growing number of official guidelines and textbooks reflect scientific consensus on climate change, unofficial educational materials that convey more slanted perspectives are being distributed to teachers."
drive,5,"{""2023"": 1, ""2024"": 2, ""2026"": 2}",1,"In my own book about radio I recorded how, on one drive: I caught up with the news, learnt some 17th-century history, and was startlingly educated by an unpretentious programme on the history of the stethoscope."
rentals,5,"{""2023"": 5}",4,"In New Hampshire, where the rental vacancy rate has dropped below 1 percent, housing advocates fear unchecked short-term rentals will put further pressure on an already strained market."
there's,5,"{""2023"": 1, ""2024"": 1, ""2026"": 3}",0,
southern,5,"{""2023"": 1, ""2025"": 1, ""2026"": 3}",1,"Without enough affordable housing in southern New Hampshire towns, employers are having a hard time attracting employees, and workers are having a hard time finding a place to live, Taylor said."
lot,5,"{""2023"": 2, ""2024"": 2, ""2026"": 1}",2,"Hom said similar registration requirements could benefit struggling cities and towns, but if we want to make a change in the housing market, the main one is we have to build a lot more."
cheap,5,"{""2023"": 1, ""2024"": 3, ""2026"": 1}",1,Solar panels had few niche uses until they became cheap; now they are transforming the global energy system.
real,5,"{""2023"": 1, ""2024"": 2, ""2025"": 2}",1,In many cases the experts have a hard time agreeing on what is the real object and what is a forgery.
credit,5,"{""2023"": 3, ""2024"": 1, ""2026"": 1}",4,"The problem began late last year, when PRH confirmed that it had introduced a credit limit with Waterstones at a very significant level."
produce,5,"{""2023"": 2, ""2024"": 2, ""2025"": 1}",2,"The careers of scientists and the reputation of their institutions depend on the number and prestige of the papers they produce, but even more so on the citations attracted by these papers."
challenges,5,"{""2023"": 2, ""2025"": 2, ""2026"": 1}",3,"Despite these challenges, Jackson captured dozens of striking photos, ranging from majestic images like his now-famous snapshot of Old Faithful, to casual portraits of expedition members at the camp."
door,5,"{""2024"": 5}",4,"Replacing swing doors, these allow smaller buildings to maximise the usable space inside without having to clear the way for a large, sticking-out door."
technologies,5,"{""2024"": 4, ""2026"": 1}",1,Battles increasingly depended on new military technologies such as radar and the proximity fuze.
everyday,5,"{""2024"": 1, ""2025"": 2, ""2026"": 2}",2,"Opening this week, a book and exhibition curated by Beatty Rubens at the Bodleian in Oxford records how radio changed everyday life from 1922 to 1939."
parenting,5,"{""2024"": 5}",1,"Parenting tips obtained from hunter-gatherers in Africa may be the key to bringing up more contented children, researchers have suggested."
family,5,"{""2024"": 5}",1,"In a paper published in the Journal of Child Psychology and Psychiatry, researchers said that the western nuclear family was a recent invention which broke with evolutionary history."
caregivers,5,"{""2024"": 5}",2,"It found that infants had an average of 14 alloparents a day by the time they were 18 weeks old, and were passed between caregivers eight times an hour."
african,5,"{""2024"": 5}",2,"The African savanna elephant, also known as the African bush elephant, is distributed across 37 African countries."
copyright,5,"{""2024"": 3, ""2025"": 2}",2,"As a result, they are raising tricky questions about ethics and copyright."
ortiz,5,"{""2024"": 5}",2,"There is a coalition growing within artist industries to figure out how to tackle or mitigate this, says Ortiz."
creators,5,"{""2024"": 2, ""2025"": 3}",3,"Artifacts in museums have the power to inspire, and perhaps spark that need to learn and understand the nature of their creators."
showed,5,"{""2024"": 1, ""2025"": 3, ""2026"": 1}",4,"The experiment showed that elephants may well use smell to identify patches of trees that are good to eat, and secondly to assess the quality of the trees within each patch."
rsc,5,"{""2025"": 5}",1,The randomised control trial involved hundreds of year 5 pupils — aged nine and ten — at 45 state primary schools that had not been previously exposed to RSC pedagogy.
martin,5,"{""2025"": 1, ""2026"": 4}",3,"This deficit is a testament to the effectiveness of modern firefighting, said Kelly Martin, a past president of the International Association of Wildland Fire."
legitimate,5,"{""2025"": 5}",3,"But the age of streaming has been a boon for some unintended winners: pirates that use software to rip a film or television show in seconds from legitimate online video platforms and host the titles on their own, illegitimate services, which rake in about $2 billion annually from ads and subscriptions."
streamers,5,"{""2025"": 2, ""2026"": 3}",0,
take-off,5,"{""2025"": 5}",4,"These take-off shots are even more challenging because they require a wide-angle lens, which means he must be less than 2cm from the butterfly."
domestication,5,"{""2026"": 5}",2,"Now, researchers have used genomes of over 200 donkeys to trace their domestication back to a single event around 7,000 years ago in East Africa — about 3,000 years before humans tamed horses."
tamed,5,"{""2026"": 5}",4,"Now, researchers have used genomes of over 200 donkeys to trace their domestication back to a single event around 7,000 years ago in East Africa — about 3,000 years before humans tamed horses."
peak,5,"{""2026"": 5}",2,"We were kept afloat by peak TV, the glut of content that was required by the explosion of streaming services."
wireless,5,"{""2026"": 5}",3,The pioneers of wireless saw it as a gift to all the people.
burns,5,"{""2026"": 5}",2,"At Yosemite National Park, Martin oversaw the use of what is known as prescribed burns to make the landscape more resilient."
sit,4,"{""2020"": 2, ""2024"": 1, ""2026"": 1}",3,"The proposal is that it should sit alongside the existing city of culture title, which was held by Hull in 2017, and has been awarded to Coventry for 2021."
frequently,4,"{""2020"": 1, ""2023"": 2, ""2025"": 1}",2,"In 2016, researchers developed an algorithm to recognize suspicious citation patterns, including groups of authors that disproportionately cite one another and groups of journals that cite each other frequently to increase the impact factors of their publications."
called,4,"{""2020"": 1, ""2021"": 2, ""2024"": 1}",3,"Called conditional cash transfers or CCTs, these social assistance programs are designed to reduce inequality and break the cycle of poverty."
advice,4,"{""2020"": 2, ""2023"": 1, ""2024"": 1}",2,Can you give me some advice?
follow,4,"{""2020"": 4}",2,"A cynic might speculate that the UK is on the verge of disappearing into an endless fever of self-celebration in its desperation to reinvent itself for the post-Brexit world: after town of culture, who knows what will follow—village of culture?"
worth,4,"{""2020"": 1, ""2022"": 1, ""2024"": 1, ""2026"": 1}",1,"But inventions shape all of us and it is worth noticing when techno-social habits do change, and asking whether to control them a bit or shield the youngest."
cut,4,"{""2020"": 1, ""2021"": 1, ""2025"": 2}",3,Companies can also optimize their own energy use and cut down on the cost of electricity.
constant,4,"{""2020"": 1, ""2021"": 2, ""2025"": 1}",3,Those societies came out of the war with levels of enrollment that had been roughly constant at 3-5% of the relevant age groups during the decades before the war.
listening,4,"{""2020"": 1, ""2026"": 3}",3,"Sir John Reith said that it would end isolation of the spirit and rejoiced: It does not matter how many thousands may be listening, there is always enough for others... the genius and the fool, the wealthy and the poor listen simultaneously."
surprise,4,"{""2020"": 1, ""2021"": 1, ""2022"": 1, ""2025"": 1}",0,
avoid,4,"{""2020"": 2, ""2021"": 1, ""2024"": 1}",4,"This was also found in high-functioning men with some autistic spectrum symptoms, who may tend to avoid eye contact."
easily,4,"{""2020"": 1, ""2022"": 1, ""2023"": 1, ""2024"": 1}",1,"To those of you in the comments section who are having strong feelings about artifacts being removed from cities in the US and Britain and returned to their countries of origin, I would ask you to consider: why do you think Americans have more of a right to easily access the Benin Bronzes than the people of Nigeria?"
regularly,4,"{""2020"": 1, ""2023"": 1, ""2024"": 1, ""2026"": 1}",2,We know very exact reproductions of artwork can be and are regularly produced.
basis,4,"{""2020"": 2, ""2022"": 1, ""2026"": 1}",4,"In signing the measure, California Governor Jerry Brown admitted that the law, which expressly classifies people on the basis of sex, is probably unconstitutional."
definition,4,"{""2020"": 1, ""2023"": 1, ""2026"": 2}",0,
served,4,"{""2020"": 1, ""2023"": 2, ""2026"": 1}",4,"This concept has served as a central goal for curriculum developers, local school boards, business and community leaders, and policymakers ever since its introduction nearly 80 years ago."
labour,4,"{""2020"": 3, ""2024"": 1}",2,"A group of Labour MPs, among them Yvette Cooper, are bringing in the new year with a call to institute a UK town of culture award."
award,4,"{""2020"": 4}",3,"A group of Labour MPs, among them Yvette Cooper, are bringing in the new year with a call to institute a UK town of culture award."
held,4,"{""2020"": 1, ""2022"": 1, ""2024"": 1, ""2026"": 1}",1,"The proposal is that it should sit alongside the existing city of culture title, which was held by Hull in 2017, and has been awarded to Coventry for 2021."
argue,4,"{""2020"": 2, ""2021"": 1, ""2024"": 1}",0,
annual,4,"{""2020"": 1, ""2021"": 3}",2,"A town of culture award could, it is argued, become an annual event, attracting funding and creating jobs."
titles,4,"{""2020"": 2, ""2023"": 1, ""2025"": 1}",4,It is also wise to recall that such titles are not a cure-all.
run,4,"{""2020"": 2, ""2022"": 1, ""2025"": 1}",2,"A badly run year of culture washes in and out of a place like the tide, bringing prominence for a spell but leaving no lasting benefits to the community."
deal,4,"{""2020"": 1, ""2023"": 1, ""2025"": 1, ""2026"": 1}",3,The really successful holders of such titles are those that do a great deal more than fill hotel bedrooms and bring in high-profile arts events and good press for a year.
hotel,4,"{""2020"": 1, ""2023"": 3}",1,The really successful holders of such titles are those that do a great deal more than fill hotel bedrooms and bring in high-profile arts events and good press for a year.
requires,4,"{""2020"": 1, ""2023"": 1, ""2025"": 2}",3,"It is hard to get right, and requires a remarkable degree of vision, as well as cooperation between city authorities, the private sector, community groups and cultural organisations."
authorities,4,"{""2020"": 1, ""2024"": 1, ""2025"": 2}",2,"It is hard to get right, and requires a remarkable degree of vision, as well as cooperation between city authorities, the private sector, community groups and cultural organisations."
sector,4,"{""2020"": 2, ""2023"": 2}",2,"It is hard to get right, and requires a remarkable degree of vision, as well as cooperation between city authorities, the private sector, community groups and cultural organisations."
done,4,"{""2020"": 1, ""2022"": 1, ""2025"": 2}",2,Hard work should be done to preserve artifacts.
music,4,"{""2020"": 1, ""2021"": 1, ""2026"": 2}",1,People report that broadcast music made workmen whistle new tunes.
limited,4,"{""2020"": 1, ""2022"": 1, ""2023"": 2}",0,
maintain,4,"{""2020"": 2, ""2021"": 1, ""2026"": 1}",2,"Whether you're a politician or a parent, it might be helpful to keep in mind that trying to maintain eye contact may backfire if you're trying to convince someone who has a different set of beliefs than you, said Minson."
story,4,"{""2020"": 1, ""2022"": 2, ""2024"": 1}",2,I became convinced that this story was every bit as exciting and significant as that of Enigma and the breaking of German codes in the Second World War.
attitude,4,"{""2020"": 1, ""2021"": 1, ""2022"": 1, ""2026"": 1}",0,
publish,4,"{""2020"": 2, ""2023"": 2}",3,"Scientists need journals in which to publish their research, so they will supply the articles without monetary reward."
supply,4,"{""2020"": 1, ""2023"": 3}",2,"Scientists need journals in which to publish their research, so they will supply the articles without monetary reward."
profit,4,"{""2020"": 2, ""2025"": 2}",3,"Scientific publishers routinely report profit margins approaching 40% on their operations, at a time when the rest of the publishing industry is in an existential crisis."
crisis,4,"{""2020"": 2, ""2023"": 1, ""2025"": 1}",3,"Scientific publishers routinely report profit margins approaching 40% on their operations, at a time when the rest of the publishing industry is in an existential crisis."
claims,4,"{""2020"": 2, ""2021"": 1, ""2023"": 1}",3,"The most drastic, and thoroughly illegal, reaction has been the emergence of Sci-Hub, a kind of global photocopier for scientific papers, set up in 2012, which now claims to offer access to every paywalled article published since 2015."
legal,4,"{""2020"": 1, ""2021"": 1, ""2023"": 2}",2,"The success of Sci-Hub, which relies on researchers passing on copies they have themselves legally accessed, shows the legal ecosystem has lost legitimacy among its users and must be transformed so that it works for all participants."
bodies,4,"{""2020"": 1, ""2024"": 1, ""2025"": 1, ""2026"": 1}",3,In Britain the move towards open access publishing has been driven by funding bodies.
available,4,"{""2020"": 1, ""2022"": 1, ""2024"": 1, ""2025"": 1}",3,"More than half of all British scientific research is now published under open access terms: either freely available from the moment of publication, or paywalled for a year or more so that the publishers can make a profit before being placed on general release."
range,4,"{""2020"": 1, ""2022"": 1, ""2026"": 2}",2,"These range from around £500 to $5,000."
model,4,"{""2020"": 2, ""2024"": 1, ""2025"": 1}",1,"In some ways the scientific publishing model resembles the economy of the social internet: labour is provided free in exchange for the hope of status, while huge profits are made by a few big firms who run the market places."
allow,4,"{""2020"": 1, ""2022"": 1, ""2023"": 1, ""2024"": 1}",2,"No matter how you enhance enclosures, they do not allow for freedom, a natural diet or adequate exercise."
lewis,4,"{""2020"": 3, ""2021"": 1}",2,"A pair of bills sponsored by Massachusetts state Senator Jason Lewis and House Speaker Pro Tempore Patricia Haddad, to ensure gender parity on boards and commissions, provide a case in point."
house,4,"{""2020"": 1, ""2023"": 2, ""2024"": 1}",4,"A pair of bills sponsored by Massachusetts state Senator Jason Lewis and House Speaker Pro Tempore Patricia Haddad, to ensure gender parity on boards and commissions, provide a case in point."
proposed,4,"{""2020"": 1, ""2022"": 1, ""2023"": 2}",3,"In order to ensure that elite women have more such opportunities, they have proposed imposing government quotas."
imposing,4,"{""2020"": 1, ""2021"": 1, ""2022"": 1, ""2023"": 1}",2,"In order to ensure that elite women have more such opportunities, they have proposed imposing government quotas."
similar,4,"{""2020"": 1, ""2022"": 2, ""2023"": 1}",4,"The bills are similar to a measure recently adopted in California, which last year became the first state to require gender quotas for private companies."
adopted,4,"{""2020"": 2, ""2021"": 2}",3,"The bills are similar to a measure recently adopted in California, which last year became the first state to require gender quotas for private companies."
address,4,"{""2020"": 1, ""2021"": 2, ""2023"": 1}",1,"The US Supreme Court frowns on sex-based classifications unless they are designed to address an important policy interest, Because the California law applies to all boards, even where there is no history of prior discrimination, courts are likely to rule that the law violates the constitutional guarantee of equal protection."
necessary,4,"{""2020"": 1, ""2022"": 1, ""2023"": 1, ""2026"": 1}",3,But are such government mandates even necessary?
percentage,4,"{""2020"": 1, ""2021"": 1, ""2022"": 2}",3,"Female participation on corporate boards may not currently mirror the percentage of women in the general population, but so what?"
serve,4,"{""2020"": 1, ""2022"": 2, ""2024"": 1}",4,"Writing in The New Republic, Alice Lee notes that increasing the number of opportunities for board membership without increasing the pool of qualified women to serve on such boards has led to a golden skirt phenomenon, where the same elite women scoop up multiple seats on a variety of boards."
believes,4,"{""2020"": 1, ""2022"": 1, ""2024"": 1, ""2025"": 1}",1,"Dr Annie Swanepoel, a child psychiatrist, believes that there are ways to incorporate them into western life."
threat,4,"{""2020"": 1, ""2021"": 1, ""2022"": 1, ""2025"": 1}",1,"The threat of nationalisation may have been seen off for now, but it will return with a vengeance if the justified anger of passengers is not addressed in short order."
harm,4,"{""2020"": 1, ""2022"": 1, ""2025"": 1, ""2026"": 1}",1,The economic harm from illegal streaming.
decisions,4,"{""2020"": 1, ""2021"": 2, ""2023"": 1}",1,Here are a few ways AI is aiding companies without replacing employees: Better hiring practices Companies are using artificial intelligence to remove some of the unconscious bias from hiring decisions.
pressure,4,"{""2020"": 1, ""2022"": 1, ""2023"": 1, ""2024"": 1}",2,To pressure zoos to spend less on their animals would lead to inhumane outcomes for the precious creatures in their care.
try,4,"{""2020"": 1, ""2022"": 1, ""2024"": 2}",1,"It would be absurd to try to track the changing price of sports cars since 1695, but to ask the same question of nails makes perfect sense."
providing,4,"{""2020"": 1, ""2021"": 1, ""2023"": 1, ""2025"": 1}",3,"Digital services include everything from providing a platform for selling goods and services online to targeting advertising based on user data, and the tax applies to gross revenue from such services."
opening,4,"{""2020"": 1, ""2024"": 2, ""2026"": 1}",3,"But it has already sparked significant controversy, with the United States trade representative opening an investigation into whether the tax discriminates against American companies, which in tum could lead to trade sanctions against France."
unilateral,4,"{""2020"": 4}",3,The French tax is not just a unilateral move by one country in need of revenue.
larger,4,"{""2020"": 1, ""2021"": 1, ""2026"": 2}",1,"Instead, the digital services tax is part of a much larger trend, with countries over the past few years proposing or putting in place an alphabet soup of new international tax provisions."
trend,4,"{""2020"": 1, ""2021"": 1, ""2022"": 1, ""2023"": 1}",2,"Instead, the digital services tax is part of a much larger trend, with countries over the past few years proposing or putting in place an alphabet soup of new international tax provisions."
spain,4,"{""2020"": 1, ""2022"": 3}",3,"At the same time, the European Union, Spain, Britain and several other countries have all seriously contemplated digital services taxes."
believe,4,"{""2020"": 1, ""2022"": 1, ""2023"": 2}",2,"These unilateral developments differ in their specifics, but they are all designed to tax multinationals on income and revenue that countries believe they should have a right to tax, even if international tax rules do not grant them that right."
planned,4,"{""2020"": 1, ""2021"": 1, ""2026"": 2}",1,"Yes, more investment is needed, but passengers will not be willing to pay more indefinitely if they must also endure cramped, unreliable services, interrupted by regular chaos when timetables are changed, or planned maintenance is managed incompetently."
dozens,4,"{""2020"": 1, ""2021"": 1, ""2023"": 2}",3,They're already used in dozens of countries worldwide.
regulate,4,"{""2020"": 1, ""2021"": 1, ""2023"": 1, ""2024"": 1}",1,Environmental Protection Agency (EPA) far less authority to regulate wetlands and waterways.
interests,4,"{""2020"": 1, ""2024"": 2, ""2026"": 1}",2,"This narrowing of the regulatory scope was a victory for builders, mining operators and other commercial interests often at odds with environmental rules."
faced,4,"{""2020"": 1, ""2021"": 1, ""2022"": 1, ""2023"": 1}",1,Travellers on the Silk Road faced the possibility of being attacked by thieves or being subjected to extreme weather conditions.
a-g,4,"{""2020"": 1, ""2021"": 1, ""2022"": 1, ""2024"": 1}",0,
signal,4,"{""2020"": 3, ""2024"": 1}",2,"With the use of eye-tracking technology, Minson of the Harvard Kennedy School of Government concluded that eye contact can signal very different kinds of messages, depending on the situation."
affect,4,"{""2020"": 1, ""2021"": 1, ""2022"": 2}",2,"Such programs do not have to negatively affect the environment, though."
comfortable,4,"{""2020"": 2, ""2025"": 2}",2,A more direct finding is that people who scored high for negative emotions like anxiety looked at others for shorter periods of time and reported more comfortable feelings when others did not look directly at them.
signals,4,"{""2020"": 1, ""2022"": 2, ""2024"": 1}",4,But it can also be antagonistic such as when a political candidate turns toward their competitor during a debate and makes eye contact that signals hostility.
gaze,4,"{""2020"": 4}",2,This mutual gaze is a major part of the attachment between mother and child.
child,4,"{""2020"": 1, ""2024"": 3}",4,This mutual gaze is a major part of the attachment between mother and child.
tend,4,"{""2020"": 1, ""2022"": 1, ""2023"": 1, ""2024"": 1}",2,"This was also found in high-functioning men with some autistic spectrum symptoms, who may tend to avoid eye contact."
direct,4,"{""2020"": 2, ""2024"": 1, ""2025"": 1}",1,A more direct finding is that people who scored high for negative emotions like anxiety looked at others for shorter periods of time and reported more comfortable feelings when others did not look directly at them.
advanced,4,"{""2020"": 1, ""2022"": 1, ""2024"": 1, ""2026"": 1}",3,"More than half a century ago, the Massachusetts Institute of Technology opened its Center for Advanced Visual Studies (CAVS) to explore the role of technology in culture."
messages,4,"{""2020"": 1, ""2023"": 3}",4,"With the use of eye-tracking technology, Minson of the Harvard Kennedy School of Government concluded that eye contact can signal very different kinds of messages, depending on the situation."
you're,4,"{""2020"": 2, ""2023"": 1, ""2024"": 1}",1,"Whether you're a politician or a parent, it might be helpful to keep in mind that trying to maintain eye contact may backfire if you're trying to convince someone who has a different set of beliefs than you, said Minson."
per,4,"{""2020"": 1, ""2021"": 1, ""2022"": 2}",3,"These pauses typically occur at about three per second, and the eyes then jump to another spot, until several important points in the image are registered like a series of snapshots."
anxiety,4,"{""2020"": 2, ""2024"": 1, ""2026"": 1}",3,"In people who score high in a test of neuroticism, a personality dimension associated with self-consciousness and anxiety, eye contact triggered more activity associated with avoidance, according to the Finnish researcher Jari Hietanen and colleagues."
looked,4,"{""2020"": 1, ""2021"": 1, ""2024"": 1, ""2026"": 1}",4,A more direct finding is that people who scored high for negative emotions like anxiety looked at others for shorter periods of time and reported more comfortable feelings when others did not look directly at them.
reported,4,"{""2020"": 1, ""2021"": 1, ""2022"": 1, ""2023"": 1}",4,A more direct finding is that people who scored high for negative emotions like anxiety looked at others for shorter periods of time and reported more comfortable feelings when others did not look directly at them.
sciences,4,"{""2020"": 1, ""2022"": 2, ""2023"": 1}",3,The zoology program at my university attracts students for whom zoo visits were the crucial formative experience that led them to major in biological sciences.
intellectual,4,"{""2020"": 1, ""2021"": 1, ""2023"": 2}",2,"And if the postgraduate student population also grows rapidly and there is loss of a close apprenticeship relationship between faculty members and students, the student culture becomes the chief socializing force for new postgraduate students, with consequences for the intellectual and academic life of the institution—this was seen in America as well as in France, Italy, West Germany, and Japan."
discovery,4,"{""2020"": 1, ""2022"": 1, ""2025"": 1, ""2026"": 1}",4,"During the Renaissance, the great minds of Nicolaus Copernicus, Johannes Kepler and Galileo Galilei demonstrated the power of scientific study and discovery."
attempts,4,"{""2020"": 1, ""2022"": 1, ""2025"": 2}",3,"Despite attempts by the Church to suppress this new generation of logicians and rationalists, more explanations for how the universe functioned were being made at a rate that the people could no longer ignore."
centuries,4,"{""2020"": 1, ""2023"": 1, ""2025"": 2}",2,The 17th and 18th centuries were times of radical change and curiosity.
method,4,"{""2020"": 1, ""2021"": 1, ""2024"": 1, ""2025"": 1}",1,"Scientific method, reductionism and the questioning of Church ideals was to be encouraged, as were ideas of liberty, tolerance and progress."
captured,4,"{""2020"": 1, ""2022"": 1, ""2023"": 1, ""2025"": 1}",3,"Such actions to seek knowledge and to understand what information we already knew were captured by the Latin phrase 'sapere aude' or 'dare to know', after Immanuel Kant used it in his essay An Answer to the Question: What is Enlightenment?."
pictures,4,"{""2020"": 1, ""2021"": 2, ""2025"": 1}",1,His pictures of a Glanville fritillary rising from the sea-pinks beside the chalk cliffs of Compton Bay on the Isle of Wight are particularly glorious.
fluid,4,"{""2021"": 4}",4,"Fluid intelligence is the type of intelligence that has to do with short-term memory and the ability to think quickly, logically, and abstractly in order to solve new problems."
ability,4,"{""2021"": 1, ""2023"": 1, ""2026"": 2}",3,"PRH declined to comment on the issue, but a spokesperson for Waterstones told me: Waterstones are currently operating with reduced credit terms from PRH, the only publisher in the UK to place any limitations on our ability to trade."
quickly,4,"{""2021"": 1, ""2025"": 3}",3,"Thus, librarians digitize the tangible so that researchers the world over can quickly search and access their holdings."
levels,4,"{""2021"": 2, ""2023"": 1, ""2025"": 1}",4,Those societies came out of the war with levels of enrollment that had been roughly constant at 3-5% of the relevant age groups during the decades before the war.
slowly,4,"{""2021"": 2, ""2023"": 1, ""2026"": 1}",1,"It peaks in young adulthood, levels out for a period of time, and then generally starts to slowly decline as we age."
abdominal,4,"{""2021"": 4}",4,"The researchers looked at data that included measurements of lean muscle and abdominal fat from more than 4,000 middle-to-older-aged men and women and compared that data to reported changes in fluid intelligence over a six-year period."
physical,4,"{""2021"": 1, ""2024"": 1, ""2026"": 2}",3,"Stealing artifacts from other peoples' cultures is obscene; it robs not only the physical objects, but the dignity and spirit of their creators."
mental,4,"{""2021"": 1, ""2026"": 3}",4,"But outside those narrow pools of interest, a vast ocean awaits, bountiful with simmering ideas, mental adventure and imaginative refreshment."
requirement,4,"{""2021"": 2, ""2022"": 1, ""2023"": 1}",2,"The Government has pledged to change the law to introduce a minimum service requirement so that, even when strikes occur, services can continue to operate."
goal,4,"{""2021"": 1, ""2022"": 1, ""2026"": 2}",2,Van Oosten callsthose chemicals sunscreens because their goal was to prevent further lightdamage and rebuild worn polymer fibers.
played,4,"{""2021"": 1, ""2023"": 1, ""2024"": 1, ""2025"": 1}",0,
went,4,"{""2021"": 1, ""2024"": 1, ""2026"": 2}",1,They found that middle-aged people with higher measures of abdominal fat scored worse on measures of fluid intelligence as the years went by.
explain,4,"{""2021"": 2, ""2022"": 1, ""2025"": 1}",2,How do we explain this trend?
remove,4,"{""2021"": 2, ""2023"": 1, ""2025"": 1}",3,Here are a few ways AI is aiding companies without replacing employees: Better hiring practices Companies are using artificial intelligence to remove some of the unconscious bias from hiring decisions.
wellbeing,4,"{""2021"": 1, ""2022"": 1, ""2024"": 2}",2,Zoos should have been closed down as they prioritize money making over animals' wellbeing.
otherwise,4,"{""2021"": 2, ""2022"": 1, ""2023"": 1}",1,"It has become a grimly reliable annual ritual: every January the cost of travelling by train rises, imposing a significant extra burden on those who have no option but to use the rail network to get to work or otherwise."
year's,4,"{""2021"": 3, ""2024"": 1}",0,
official,4,"{""2021"": 1, ""2023"": 1, ""2024"": 1, ""2025"": 1}",2,"Branch points out that, even if a growing number of official guidelines and textbooks reflect scientific consensus on climate change, unofficial educational materials that convey more slanted perspectives are being distributed to teachers."
governments,4,"{""2021"": 2, ""2023"": 1, ""2024"": 1}",3,"Successive governments have permitted such increases on the grounds that the cost of investing in and running the rail network should be borne by those who use it, rather than the general taxpayer."
commuters,4,"{""2021"": 4}",2,"Equally, there is a sense that the travails of commuters in the South East, many of whom will face among the biggest rises, have received too much attention compared to those who must endure the relatively poor infrastructure of the Midlands and the North."
north,4,"{""2021"": 1, ""2023"": 1, ""2025"": 1, ""2026"": 1}",2,"Equally, there is a sense that the travails of commuters in the South East, many of whom will face among the biggest rises, have received too much attention compared to those who must endure the relatively poor infrastructure of the Midlands and the North."
passengers,4,"{""2021"": 4}",3,"It is all very well train operators trumpeting the improvements they are making to the network, but passengers should be able to expect a basic level of service for the substantial sums they are now paying to travel."
latest,4,"{""2021"": 2, ""2022"": 2}",2,The responsibility for the latest wave of strikes rests on the unions.
regular,4,"{""2021"": 3, ""2023"": 1}",3,"Yes, more investment is needed, but passengers will not be willing to pay more indefinitely if they must also endure cramped, unreliable services, interrupted by regular chaos when timetables are changed, or planned maintenance is managed incompetently."
kept,4,"{""2021"": 2, ""2026"": 2}",1,"We were kept afloat by peak TV, the glut of content that was required by the explosion of streaming services."
reduction,4,"{""2021"": 2, ""2023"": 2}",2,"We see that the program is associated with a 30 percent reduction in deforestation, Ferraro says."
sustainable,4,"{""2021"": 1, ""2025"": 3}",2,"At the very least, we need to make our energy use far more sustainable."
they're,4,"{""2021"": 1, ""2025"": 2, ""2026"": 1}",2,They're already used in dozens of countries worldwide.
cct,4,"{""2021"": 4}",0,
effects,4,"{""2021"": 3, ""2026"": 1}",0,
elsewhere,4,"{""2021"": 2, ""2023"": 1, ""2024"": 1}",1,They serve no purpose in a museum in the United States or elsewhere except as curious objects.
due,4,"{""2021"": 1, ""2022"": 1, ""2024"": 1, ""2025"": 1}",3,"Ferraro suggests the results may transfer to other parts of Asia, due to commonalities such as the importance of growing rice and market access."
systems,4,"{""2021"": 3, ""2022"": 1}",1,"Second, growth obviously affected the absolute size both of systems and individual institutions."
smiling,4,"{""2021"": 4}",1,"Of course, I need to concede that my collection of 'Smiling Victorians' makes up only a tiny percentage of the vast catalogue of photographic portraiture created between 1840 and 1900, the majority of which show sitters posing miserably and stiffly in front of painted backdrops, or staring absently into the middle distance."
quite,4,"{""2021"": 3, ""2023"": 1}",3,"I've found quite a few, and—since I started posting them on Twitter—they have been causing quite a stir."
common,4,"{""2021"": 1, ""2022"": 2, ""2026"": 1}",3,They are noting that the Victorians suddenly seem to become more human as the hundred-or-so years that separate us fade away through our common experience of laughter.
collection,4,"{""2021"": 1, ""2022"": 1, ""2025"": 2}",3,"Of course, I need to concede that my collection of 'Smiling Victorians' makes up only a tiny percentage of the vast catalogue of photographic portraiture created between 1840 and 1900, the majority of which show sitters posing miserably and stiffly in front of painted backdrops, or staring absently into the middle distance."
majority,4,"{""2021"": 2, ""2022"": 1, ""2024"": 1}",3,"Of course, I need to concede that my collection of 'Smiling Victorians' makes up only a tiny percentage of the vast catalogue of photographic portraiture created between 1840 and 1900, the majority of which show sitters posing miserably and stiffly in front of painted backdrops, or staring absently into the middle distance."
middle,4,"{""2021"": 2, ""2022"": 1, ""2023"": 1}",1,"Of course, I need to concede that my collection of 'Smiling Victorians' makes up only a tiny percentage of the vast catalogue of photographic portraiture created between 1840 and 1900, the majority of which show sitters posing miserably and stiffly in front of painted backdrops, or staring absently into the middle distance."
days,4,"{""2021"": 2, ""2022"": 1, ""2024"": 1}",3,"From the early days of broadband, advocates for consumers and web-based companies worried that the cable and phone companies selling broadband connections had the power and incentive to favor affiliated websites over their rivals'."
photography,4,"{""2021"": 4}",0,
grin,4,"{""2021"": 4}",2,"The thought of holding a fixed grin as the camera performed its magical duties was too much to contemplate, and so non-committal blank stare became the norm."
camera,4,"{""2021"": 2, ""2025"": 2}",3,"The thought of holding a fixed grin as the camera performed its magical duties was too much to contemplate, and so non-committal blank stare became the norm."
norm,4,"{""2021"": 2, ""2022"": 1, ""2024"": 1}",3,"The thought of holding a fixed grin as the camera performed its magical duties was too much to contemplate, and so non-committal blank stare became the norm."
capture,4,"{""2021"": 1, ""2025"": 3}",2,How does he capture it?
gave,4,"{""2021"": 1, ""2023"": 1, ""2024"": 1, ""2025"": 1}",2,"Nature gave us lips to conceal our teeth, ran one popular Victorian saying, alluding to the fact that before the birth of proper dentistry, mouths were often in a shocking state of hygiene."
especially,4,"{""2021"": 1, ""2022"": 2, ""2023"": 1}",1,"Algorithms used to simulate human interactions are creating many of these concerns, especially as no-one is quite sure what the outcomes of using AI to interact with customers will be."
becoming,4,"{""2021"": 1, ""2022"": 1, ""2023"": 2}",1,"For AI to be successful, data needs to be accessible, but the use of personal data is becoming more regulated and the automated sharing of data is becoming more difficult."
man,4,"{""2021"": 1, ""2022"": 2, ""2026"": 1}",2,"Even Mark Twain, a man who enjoyed a hearty laugh, said that when it came to photographic portraits there could be nothing more damning than a silly, foolish smile fixed forever."
historians,4,"{""2021"": 1, ""2025"": 3}",2,"At the time of creation, no attempts were made at intentional preservation, yet analog materials have a chance of surviving and serving as the historical record that biographers, historians, and novelists rely on."
connections,4,"{""2021"": 1, ""2022"": 1, ""2023"": 1, ""2026"": 1}",3,"From the early days of broadband, advocates for consumers and web-based companies worried that the cable and phone companies selling broadband connections had the power and incentive to favor affiliated websites over their rivals'."
appeals,4,"{""2021"": 4}",3,"A federal appeals court weighed in again Tuesday, but instead of providing a badly needed resolution, it only prolonged the fight."
strict,4,"{""2021"": 2, ""2023"": 2}",0,
couldn't,4,"{""2021"": 1, ""2026"": 3}",0,
regulation,4,"{""2021"": 1, ""2023"": 1, ""2024"": 2}",2,"But Judge Patricia Millett rightly argued in a concurring opinion that the result is unhinged from the realities of modern broadband service, and said Congress or the Supreme Court could intervene to avoid trapping Internet regulation in technological anachronism."
going,4,"{""2021"": 1, ""2022"": 1, ""2023"": 1, ""2026"": 1}",2,And firms pay staff less because firms carry the burden of the employment arrangement going wrong.
department,4,"{""2021"": 2, ""2023"": 2}",1,"When a faculty or department grows from, say, five to 20 members within three or four years, and when the new staff are predominantly young men and women fresh from postgraduate study, they largely define the norms of academic life in that faculty."
message,4,"{""2021"": 1, ""2023"": 1, ""2025"": 1, ""2026"": 1}",1,"They were split into target and control groups and asked to write, for example, a message in a bottle as Ferdinand following the shipwreck in The Tempest."
reality,4,"{""2021"": 1, ""2024"": 1, ""2025"": 1, ""2026"": 1}",1,"In his Oxford lectures, Seamus Heaney argued that a poem draws a picture of reality, a glimpsed alternative that sets up a contradiction with your own, in ways little and large."
earlier,4,"{""2021"": 1, ""2025"": 1, ""2026"": 2}",2,Rivkin joined the MPA in 2017 after the organization failed five years earlier to build consensus between Hollywood and Silicon Valley to win passage of legislation in Congress aimed at stopping online piracy.
protected,4,"{""2021"": 1, ""2023"": 1, ""2024"": 1, ""2025"": 1}",2,"Specifically, a 5-4 majority decided that wetlands protected by the EPA under its Clean Water Act authority must have a continuous surface connection to bodies of water."
activities,4,"{""2021"": 2, ""2023"": 2}",2,A recent survey of manufacturing and service industries from Tata Consultancy Services found that companies currently use AI more often in computer-to-computer activities than in automating human activities.
doing,4,"{""2021"": 2, ""2022"": 1, ""2023"": 1}",2,"Nearly 40% of the roughly 350 people who responded to an accompanying poll said, they had collaborated with artists; and almost all said they would consider doing so in future."
effective,4,"{""2021"": 1, ""2022"": 1, ""2023"": 1, ""2025"": 1}",2,More effective marketing Some AI software can analyze and optimize marketing email subject lines to increase open rates.
analyze,4,"{""2021"": 1, ""2022"": 1, ""2025"": 1, ""2026"": 1}",2,More effective marketing Some AI software can analyze and optimize marketing email subject lines to increase open rates.
numbers,4,"{""2021"": 3, ""2023"": 1}",3,"AI looks at resumes in greater numbers than humans would be able to, and selects the more promising candidates."
useful,4,"{""2021"": 1, ""2024"": 1, ""2025"": 1, ""2026"": 1}",3,"Butterflies may not pollinate as many plants as wild bees and hoverflies, but because British butterflies are the best-studied group of insects in the world, they are an extremely useful indicator of the wider declines in flying insects."
ones,4,"{""2021"": 1, ""2022"": 1, ""2024"": 1, ""2026"": 1}",3,"Before, they might not insure the ones who felt like a high risk or charge them too much, or they would charge them too little and then it would cost the company money."
societies,4,"{""2021"": 3, ""2024"": 1}",2,Those societies came out of the war with levels of enrollment that had been roughly constant at 3-5% of the relevant age groups during the decades before the war.
structures,4,"{""2021"": 1, ""2023"": 1, ""2024"": 1, ""2025"": 1}",4,"For example, a high growth rate placed great strains on the existing structures of governance, of administration, and above all of socialization."
faculty,4,"{""2021"": 4}",2,"When a faculty or department grows from, say, five to 20 members within three or four years, and when the new staff are predominantly young men and women fresh from postgraduate study, they largely define the norms of academic life in that faculty."
west,4,"{""2021"": 1, ""2024"": 3}",3,"And if the postgraduate student population also grows rapidly and there is loss of a close apprenticeship relationship between faculty members and students, the student culture becomes the chief socializing force for new postgraduate students, with consequences for the intellectual and academic life of the institution—this was seen in America as well as in France, Italy, West Germany, and Japan."
yours,4,"{""2021"": 1, ""2024"": 1, ""2025"": 1, ""2026"": 1}",0,
term,4,"{""2022"": 1, ""2023"": 2, ""2026"": 1}",1,"The term caravan was used to describe groups of people who travelled together across the ancient network for safety reasons, such as merchants, travellers or pilgrims."
firing,4,"{""2022"": 4}",3,"As countless boards and business owners will attest, constraining firms from firing poorly performing, high-earning managers is a handbrake on boosting productivity and overall performance."
biology,4,"{""2022"": 1, ""2023"": 1, ""2025"": 2}",4,"Another issue is that while climate change is well integrated into some subjects and at some ages—such as earth and space sciences in high schools—it is not as well represented in curricula for younger children and in subjects that are more widely taught, such as biology and chemistry."
cells,4,"{""2022"": 3, ""2025"": 1}",4,"They've implored citizens to help with bug counting and categorising cancer cells, and even identifying distant galaxies."
creation,4,"{""2022"": 1, ""2024"": 1, ""2025"": 2}",2,"Recognising the hope that science and engineering can bring was the impetus behind the creation of the Millennium Technology Prize, which is now entering its 20th year as a celebration of human ingenuity."
experiment,4,"{""2022"": 1, ""2024"": 2, ""2026"": 1}",2,"They then set up a food station experiment, in which they gave the elephants a series of choices based only on smell."
planet,4,"{""2022"": 2, ""2025"": 2}",2,The carbon emissions from technological research are well spent: ultimately this research will safeguard the future of our planet.
oosten,4,"{""2022"": 4}",1,Van Oosten callsthose chemicals sunscreens because their goal was to prevent further lightdamage and rebuild worn polymer fibers.
hundreds,4,"{""2022"": 1, ""2024"": 1, ""2025"": 1, ""2026"": 1}",2,"The shallows provide homes for hundreds of species while storing floodwaters, filtering pollutants from water, and protecting nearby communities from potentially destructive storm surges."
items,4,"{""2022"": 2, ""2024"": 1, ""2025"": 1}",2,"Thosepieces included small beds of roses and other items as well as a few dozen nature carpets — large rectangles decorated with foam pumpkins, cabbages, and watermelons."
archaeologists,4,"{""2022"": 1, ""2025"": 2, ""2026"": 1}",4,"Joana Lia Ferreira, an assistant professor of conservation and restoration at the NOVA School of Science and Technology, notes that archaeologists first defined the great material ages of human history—Stone Age, Iron Age, and so on—after examining artifacts in museums."
told,4,"{""2022"": 2, ""2023"": 2}",4,"Millennials were told that if you did well in school, got a decent degree, you would be set up for life."
roles,4,"{""2022"": 3, ""2025"": 1}",2,"Today, 28 per cent of graduates in the UK are in non-graduate roles, a percentage which is double the average among the OECD countries."
seeking,4,"{""2022"": 3, ""2025"": 1}",2,Scientists are increasingly seeking out visual artists to help them communicate their work to new audiences.
constantly,4,"{""2022"": 2, ""2024"": 1, ""2025"": 1}",2,Zoos are at the forefront of conservation and constantly evolving to improve how they care for animals and protect each species in its natural habitat.
choice,4,"{""2022"": 1, ""2023"": 1, ""2024"": 1, ""2026"": 1}",2,"The publishing industry talks about diversity in terms of authors and staff but it also needs a plurality of ways of delivering intellectual contact, choice and different voices."
collaborations,4,"{""2022"": 3, ""2026"": 1}",1,These were some of the words that Nature readers used to describe their experience of art-science collaborations in a series of articles on partnerships between artists and researchers.
visual,4,"{""2022"": 4}",3,Scientists are increasingly seeking out visual artists to help them communicate their work to new audiences.
audiences,4,"{""2022"": 2, ""2024"": 2}",2,Scientists are increasingly seeking out visual artists to help them communicate their work to new audiences.
simply,4,"{""2022"": 2, ""2024"": 2}",3,"Fewer artists than scientists responded to the Nature poll, however, several respondents noted that artists do not simply assist scientists with their communication requirements."
center,4,"{""2022"": 1, ""2023"": 1, ""2025"": 2}",2,"More than half a century ago, the Massachusetts Institute of Technology opened its Center for Advanced Visual Studies (CAVS) to explore the role of technology in culture."
challenge,4,"{""2022"": 2, ""2025"": 2}",3,"Artists and scientists alike are immersed in discovery and invention, and challenge and critique are core to both, too."
fall,4,"{""2022"": 1, ""2023"": 2, ""2024"": 1}",2,"The reach of art-science tie-ups needs to go beyond the necessary purpose of research communication, and participants must not fall into the trap of stereotyping each other."
underestimated,4,"{""2022"": 1, ""2023"": 1, ""2025"": 1, ""2026"": 1}",1,Their threats have been underestimated.
employee,4,"{""2022"": 4}",2,Long gone are the days when a boss could simply give an employee contractual notice.
overall,4,"{""2022"": 3, ""2023"": 1}",4,"As countless boards and business owners will attest, constraining firms from firing poorly performing, high-earning managers is a handbrake on boosting productivity and overall performance."
low,4,"{""2022"": 1, ""2023"": 3}",1,The function of the milk cow journals is to boost citation counts for certain authors. help scholars publish articles at low cost. instruct first-time contributors in citation. increase the readership of new journals.
intended,4,"{""2022"": 2, ""2023"": 1, ""2025"": 1}",0,
choices,4,"{""2022"": 1, ""2023"": 1, ""2024"": 2}",2,"AI can also be used to identify the lifestyle choices of customers regarding their hobbies, favourite celebrities, and fashions to provide unique content in marketing messages put out through social media."
line,4,"{""2022"": 1, ""2023"": 1, ""2024"": 1, ""2025"": 1}",2,They are profitable institutions whose bottom line is much more important than the condition of the animals.
matter,4,"{""2022"": 1, ""2026"": 3}",3,"No matter how you enhance enclosures, they do not allow for freedom, a natural diet or adequate exercise."
agree,4,"{""2022"": 1, ""2025"": 1, ""2026"": 2}",1,"Yet even as scientists and public officials increasingly agree on the need for more fires in our forests, climate change is making this tactic more challenging, experts said."
crucial,4,"{""2022"": 1, ""2024"": 2, ""2025"": 1}",2,The zoology program at my university attracts students for whom zoo visits were the crucial formative experience that led them to major in biological sciences.
visit,4,"{""2022"": 2, ""2024"": 1, ""2025"": 1}",2,"Our studies focused on the impact of zoo experiences on how people think about themselves and nature, and the data points extracted from our studies do not, in any way, discount what is learned in a zoo visit."
lives,4,"{""2022"": 1, ""2025"": 1, ""2026"": 2}",1,Fiction invites you to loiter unseen in the lives of others.
experiences,4,"{""2022"": 1, ""2026"": 3}",2,"Our studies focused on the impact of zoo experiences on how people think about themselves and nature, and the data points extracted from our studies do not, in any way, discount what is learned in a zoo visit."
outcomes,4,"{""2022"": 1, ""2023"": 1, ""2025"": 1, ""2026"": 1}",2,To pressure zoos to spend less on their animals would lead to inhumane outcomes for the precious creatures in their care.
starting,4,"{""2022"": 1, ""2023"": 1, ""2026"": 2}",1,"While animals in captivity deserve sympathy, zoos play a significant role in starting young people down the path of related sciences."
struggle,4,"{""2022"": 3, ""2026"": 1}",2,"Just as the code breaking has its wider relevance in the struggle for Spain, so his attempts to make his way up the promotion ladder speak volumes about British society."
keen,4,"{""2022"": 2, ""2025"": 1, ""2026"": 1}",0,
tell,4,"{""2022"": 1, ""2024"": 2, ""2026"": 1}",3,"Again, the story an exhibit is trying to tell is what matters."
exciting,4,"{""2022"": 1, ""2025"": 1, ""2026"": 2}",2,I became convinced that this story was every bit as exciting and significant as that of Enigma and the breaking of German codes in the Second World War.
besides,4,"{""2022"": 1, ""2024"": 2, ""2025"": 1}",1,Other artists besides Rutkowski have been surprised by the apparent popularity of their work in text-to-image generators—and some are now fighting back.
sharing,4,"{""2023"": 3, ""2024"": 1}",3,"In addition to the entourage of scientists, the team also included artists: Painter Thomas Moran and photographer Jackson were charged with capturing this astounding natural beauty and sharing it with the world."
talking,4,"{""2023"": 1, ""2026"": 3}",2,A woman says there have been fewer street fights since the arrival of the wireless but also less stopping and talking on the brush handle.
views,4,"{""2023"": 3, ""2024"": 1}",0,
represented,4,"{""2023"": 1, ""2024"": 3}",2,"Another issue is that while climate change is well integrated into some subjects and at some ages—such as earth and space sciences in high schools—it is not as well represented in curricula for younger children and in subjects that are more widely taught, such as biology and chemistry."
developers,4,"{""2023"": 3, ""2026"": 1}",2,"Issues arise, however, when developers attempt to create large-scale short-term rental facilities—de facto hotels—to bypass taxes and regulations."
main,4,"{""2023"": 2, ""2024"": 1, ""2025"": 1}",3,"Hom said similar registration requirements could benefit struggling cities and towns, but if we want to make a change in the housing market, the main one is we have to build a lot more."
search,4,"{""2023"": 1, ""2024"": 1, ""2025"": 1, ""2026"": 1}",2,"Thus, librarians digitize the tangible so that researchers the world over can quickly search and access their holdings."
advances,4,"{""2023"": 1, ""2025"": 2, ""2026"": 1}",3,"It comes at a time when authors are already worried about the consequences of the proposed merger between PRH and another big publisher, Simon & Schuster—the reduction in the number of unaligned UK publishers is likely to lead to fewer bidding wars, lower advances, and more conformity in terms of what is published."
literary,4,"{""2023"": 2, ""2025"": 2}",2,"This is all part of a wider change towards concentration of power, says literary agent Andrew Lownie."
statements,4,"{""2023"": 1, ""2024"": 1, ""2025"": 2}",0,
cite,4,"{""2023"": 4}",3,"In 2016, researchers developed an algorithm to recognize suspicious citation patterns, including groups of authors that disproportionately cite one another and groups of journals that cite each other frequently to increase the impact factors of their publications."
language,4,"{""2023"": 1, ""2025"": 3}",1,"Recently, another expression of this predatory behavior has emerged: so-called support service consultancies that provide language and other editorial support to individual authors and to journals sometimes advise contributors to add a number of citations to their articles."
scopus,4,"{""2023"": 4}",4,"The problem is rampant in Scopus, a citation database, which includes a high number of the new international journals."
seems,4,"{""2023"": 1, ""2024"": 2, ""2026"": 1}",2,"In fact, a listing in Scopus seems to be a criterion to be targeted in this type of citation manipulation."
ask,4,"{""2023"": 1, ""2024"": 3}",4,The support service consultancies tend to recommend journals to their clients. list citation patterns for their clients. ask authors to include extra citations. advise contributors to cite each other.
established,4,"{""2023"": 2, ""2024"": 1, ""2025"": 1}",3,It is established to prevent citation manipulation.
landscape,4,"{""2023"": 1, ""2025"": 1, ""2026"": 2}",2,"Peters likes to photograph butterflies in a landscape, celebrating the beauty of their surroundings as well as the insects themselves."
shots,4,"{""2023"": 1, ""2025"": 3}",3,"These take-off shots are even more challenging because they require a wide-angle lens, which means he must be less than 2cm from the butterfly."
expedition,4,"{""2023"": 4}",1,"Despite these challenges, Jackson captured dozens of striking photos, ranging from majestic images like his now-famous snapshot of Old Faithful, to casual portraits of expedition members at the camp."
reproductions,4,"{""2023"": 1, ""2024"": 3}",2,We know very exact reproductions of artwork can be and are regularly produced.
americans,4,"{""2023"": 2, ""2024"": 2}",2,"To those of you in the comments section who are having strong feelings about artifacts being removed from cities in the US and Britain and returned to their countries of origin, I would ask you to consider: why do you think Americans have more of a right to easily access the Benin Bronzes than the people of Nigeria?"
appropriate,4,"{""2023"": 3, ""2024"": 1}",2,"For example, AI can be used to analyse what type of advertising content or copy would be appropriate to speak to a specific target customer group by revealing information about trends and preferences through the analysis of big data."
unique,4,"{""2023"": 1, ""2024"": 1, ""2026"": 2}",1,"AI can also be used to identify the lifestyle choices of customers regarding their hobbies, favourite celebrities, and fashions to provide unique content in marketing messages put out through social media."
concerns,4,"{""2023"": 2, ""2025"": 1, ""2026"": 1}",3,"The main disadvantage of using AI to respond to customers is that there are concerns about trusting personal interactions to machines, which could lead not only to the subsequent loss of interpersonal connections, but also to a decrease in marketing personnel."
algorithms,4,"{""2023"": 1, ""2026"": 3}",2,"Algorithms used to simulate human interactions are creating many of these concerns, especially as no-one is quite sure what the outcomes of using AI to interact with customers will be."
sure,4,"{""2023"": 1, ""2024"": 1, ""2026"": 2}",2,"Algorithms used to simulate human interactions are creating many of these concerns, especially as no-one is quite sure what the outcomes of using AI to interact with customers will be."
accessible,4,"{""2023"": 1, ""2025"": 1, ""2026"": 2}",3,"For AI to be successful, data needs to be accessible, but the use of personal data is becoming more regulated and the automated sharing of data is becoming more difficult."
automatic,4,"{""2024"": 4}",3,"Without the need to be touched to open or close, automatic doors are essential in improving disabled access to buildings and helping provide general convenience to commercial buildings."
stable,4,"{""2024"": 4}",1,His distinctive style is now one of the most commonly used prompts in the new open-source AI art generator Stable Diffusion.
thanks,4,"{""2024"": 2, ""2025"": 1, ""2026"": 1}",1,"The Gutenberg printing press transformed civilisation not by changing the nature of writing but by changing its cost—and it would have achieved little without a parallel collapse in the price of surfaces to write on, thanks to an often-overlooked technology called paper."
records,4,"{""2024"": 1, ""2025"": 1, ""2026"": 2}",3,Keeping digital historical records is a challenge.
romans,4,"{""2024"": 4}",3,"Nearly 2,000 years ago, as the Romans began to pull out of Scotland, they left behind a curious treasure: 10 tons of nails, nearly a million of the things."
million,4,"{""2024"": 4}",2,"Nearly 2,000 years ago, as the Romans began to pull out of Scotland, they left behind a curious treasure: 10 tons of nails, nearly a million of the things."
hands,4,"{""2024"": 1, ""2025"": 1, ""2026"": 2}",2,These groups of people are part of a rapidly expanding biotechnological social movement of citizen scientists and professional scientists seeking to take discovery out of institutions and put it into the hands of anyone with the enthusiasm.
learnt,4,"{""2024"": 2, ""2026"": 2}",2,"While hunter-gatherer children learnt from observation and imitation in mixed-age playgroups, researchers said that western instructive teaching, where pupils are asked to sit still, may contribute to conditions such as attention deficit hyperactivity disorder."
sophisticated,4,"{""2024"": 2, ""2025"": 2}",1,"The peer-reviewed results showed that the target group of pupils drew on a wider vocabulary, used words classed as more sophisticated or rarer, and wrote at greater length."
alloparenting,4,"{""2024"": 4}",2,"According to Dr Nikhil Chaudhary, an evolutionary anthropologist at Cambridge University, these practices, known as alloparenting, could lead to less anxiety for children and parents."
hunter-gatherer,4,"{""2024"": 4}",3,"Another measure could be encouraging friendships between children in different school years, to mirror the unsupervised mixed-age playgroups in hunter-gatherer communities."
style,4,"{""2024"": 3, ""2025"": 1}",1,His distinctive style is now one of the most commonly used prompts in the new open-source AI art generator Stable Diffusion.
prompts,4,"{""2024"": 4}",2,His distinctive style is now one of the most commonly used prompts in the new open-source AI art generator Stable Diffusion.
nearby,4,"{""2024"": 3, ""2025"": 1}",2,"The shallows provide homes for hundreds of species while storing floodwaters, filtering pollutants from water, and protecting nearby communities from potentially destructive storm surges."
museum,4,"{""2024"": 4}",2,They serve no purpose in a museum in the United States or elsewhere except as curious objects.
smell,4,"{""2024"": 4}",4,"Although the cues used by African elephants for long-distance navigation are not yet understood, smell may well play a part."
pavlopetri,4,"{""2025"": 4}",3,"In recent decades, shifting currents and climate change have eroded a natural barrier that protected Pavlopetri."
site,4,"{""2025"": 4}",3,"A year later, he returned with a few students to examine the location and map the site."
o'hanlon,4,"{""2025"": 4}",0,
shoes,4,"{""2025"": 2, ""2026"": 2}",3,They were comfortable in describing different emotional states and part of what you do in drama is put yourself in different shoes.
expanding,4,"{""2025"": 2, ""2026"": 2}",2,These groups of people are part of a rapidly expanding biotechnological social movement of citizen scientists and professional scientists seeking to take discovery out of institutions and put it into the hands of anyone with the enthusiasm.
handle,4,"{""2025"": 1, ""2026"": 3}",2,A woman says there have been fewer street fights since the arrival of the wireless but also less stopping and talking on the brush handle.
billion,4,"{""2025"": 4}",3,"But the age of streaming has been a boon for some unintended winners: pirates that use software to rip a film or television show in seconds from legitimate online video platforms and host the titles on their own, illegitimate services, which rake in about $2 billion annually from ads and subscriptions."
mpa,4,"{""2025"": 4}",2,"The people who are stealing our movies and our television shows and operating piracy sites are not mom and pop operations, says Charlie Rivkin, chief executive officer of the MPA."
analog,4,"{""2025"": 4}",3,"At the time of creation, no attempts were made at intentional preservation, yet analog materials have a chance of surviving and serving as the historical record that biographers, historians, and novelists rely on."
insects,4,"{""2025"": 4}",3,"Peters likes to photograph butterflies in a landscape, celebrating the beauty of their surroundings as well as the insects themselves."
frames,4,"{""2025"": 4}",3,A typical digital SLR camera shoots 20 frames a second.
genomes,4,"{""2026"": 4}",4,"Now, researchers have used genomes of over 200 donkeys to trace their domestication back to a single event around 7,000 years ago in East Africa — about 3,000 years before humans tamed horses."
los,4,"{""2026"": 4}",2,"Even as California lost a huge volume of production to other locations, there was still plenty of film production taking place in Los Angeles before this year."
angeles,4,"{""2026"": 4}",2,"Even as California lost a huge volume of production to other locations, there was still plenty of film production taking place in Los Angeles before this year."
attract,4,"{""2026"": 4}",3,"Other regions in the United States, Canada and Europe have steadily increased incentives to attract TV shows and movies, leaving California in the dust."
fiction,4,"{""2026"": 4}",3,"She draws on letters, diaries and fiction, and a 1939 field notebook of verbatim audience research by Winifred Gill."
swetnam,4,"{""2026"": 4}",1,"In 2022, Swetnam and other scientists teamed up to compile a database of fire-scarred trees from across the continent."
families,3,"{""2020"": 1, ""2021"": 1, ""2026"": 1}",0,
eat,3,"{""2020"": 1, ""2024"": 2}",2,The researchers first established what kinds of plant the elephants preferred either to eat or avoid when foraging freely.
millions,3,"{""2020"": 1, ""2021"": 1, ""2023"": 1}",1,"Each year researchers publish millions of papers in more than 30,000 journals."
roast,3,"{""2020"": 3}",2,"This means that people should avoid crisping their roast potatoes, reject thin-crust pizzas and only partially toast their bread."
fsa,3,"{""2020"": 3}",3,The Food Standards Authority (FSA) has issued a public warning about the risks of a compound called acrylamide that forms in some foods cooked at high temperatures.
warning,3,"{""2020"": 2, ""2022"": 1}",1,The Food Standards Authority (FSA) has issued a public warning about the risks of a compound called acrylamide that forms in some foods cooked at high temperatures.
risks,3,"{""2020"": 2, ""2022"": 1}",2,The Food Standards Authority (FSA) has issued a public warning about the risks of a compound called acrylamide that forms in some foods cooked at high temperatures.
forms,3,"{""2020"": 1, ""2021"": 1, ""2023"": 1}",3,High growth rates increased the chances for academic innovation; they also weakened the forms and processes by which teachers and students are admitted into a community of scholars during periods of stability or slow growth.
foods,3,"{""2020"": 2, ""2021"": 1}",3,The Food Standards Authority (FSA) has issued a public warning about the risks of a compound called acrylamide that forms in some foods cooked at high temperatures.
piece,3,"{""2020"": 1, ""2024"": 2}",2,Then he tried searching for his name to see if a piece he had worked on had been published.
alongside,3,"{""2020"": 2, ""2025"": 1}",3,"The proposal is that it should sit alongside the existing city of culture title, which was held by Hull in 2017, and has been awarded to Coventry for 2021."
telling,3,"{""2020"": 1, ""2024"": 1, ""2026"": 1}",2,"Through their DNA, the animals are telling their history themselves, co-author Samantha Brooks, an equine researcher at the University of Florida, says in a statement."
coming,3,"{""2020"": 1, ""2023"": 1, ""2025"": 1}",1,"However, its campaign risks coming a cross as being pushy and overprotective."
express,3,"{""2020"": 1, ""2025"": 1, ""2026"": 1}",0,
received,3,"{""2020"": 1, ""2021"": 1, ""2022"": 1}",1,"Equally, there is a sense that the travails of commuters in the South East, many of whom will face among the biggest rises, have received too much attention compared to those who must endure the relatively poor infrastructure of the Midlands and the North."
forget,3,"{""2020"": 1, ""2024"": 1, ""2026"": 1}",1,Forget self-help books; reading is self-help in action.
initially,3,"{""2020"": 1, ""2024"": 1, ""2025"": 1}",2,Rutkowski was initially surprised but thought it might be a good way to reach new audiences.
addition,3,"{""2020"": 1, ""2021"": 1, ""2023"": 1}",1,"In addition to the entourage of scientists, the team also included artists: Painter Thomas Moran and photographer Jackson were charged with capturing this astounding natural beauty and sharing it with the world."
interesting,3,"{""2020"": 1, ""2023"": 1, ""2025"": 1}",2,"After all, many of the most interesting books in recent years have come from small publishers."
urgent,3,"{""2020"": 1, ""2023"": 1, ""2026"": 1}",0,
connection,3,"{""2020"": 2, ""2024"": 1}",2,"Specifically, a 5-4 majority decided that wetlands protected by the EPA under its Clean Water Act authority must have a continuous surface connection to bodies of water."
brief,3,"{""2020"": 3}",1,Neuroscientist Bonnie Auyeung found that the hormone oxytocin increased the amount of eye contact from men toward the interviewer during a brief interview when the direction of their gaze was recorded.
fair,3,"{""2020"": 1, ""2022"": 1, ""2025"": 1}",2,Employers must both show cause and act in a procedurally fair way.
entirely,3,"{""2020"": 2, ""2023"": 1}",3,"Last Thursday, the French Senate passed a digital services tax, which would impose an entirely new tax on large multinationals that provide digital services to consumers or users in France."
cooper,3,"{""2020"": 3}",1,"A group of Labour MPs, among them Yvette Cooper, are bringing in the new year with a call to institute a UK town of culture award."
bringing,3,"{""2020"": 2, ""2024"": 1}",3,"A group of Labour MPs, among them Yvette Cooper, are bringing in the new year with a call to institute a UK town of culture award."
existing,3,"{""2020"": 1, ""2021"": 1, ""2023"": 1}",2,"The proposal is that it should sit alongside the existing city of culture title, which was held by Hull in 2017, and has been awarded to Coventry for 2021."
brought,3,"{""2020"": 1, ""2024"": 1, ""2026"": 1}",1,"True: for more than 80 pre-digital years, linear speech broadcasting brought the gift of serendipity, random enlivening of a car journey or dull manual task."
cities,3,"{""2020"": 1, ""2023"": 1, ""2024"": 1}",2,"Hom said similar registration requirements could benefit struggling cities and towns, but if we want to make a change in the housing market, the main one is we have to build a lot more."
generally,3,"{""2020"": 1, ""2021"": 2}",1,"It peaks in young adulthood, levels out for a period of time, and then generally starts to slowly decline as we age."
lack,3,"{""2020"": 1, ""2022"": 1, ""2024"": 1}",1,"Though plants lack brains, the firing of electrical signals in their stems and leaves nonetheless triggered responses that hinted at consciousness, researchers previously reported."
creating,3,"{""2020"": 1, ""2023"": 2}",2,"A town of culture award could, it is argued, become an annual event, attracting funding and creating jobs."
apply,3,"{""2020"": 2, ""2026"": 1}",3,"Some might see the proposal as a booby prize for the fact that Britain is no longer able to apply for the much more prestigious title of European capital of culture, a sought-after award bagged by Glasgow in 1990 and Liverpool in 2008."
glasgow,3,"{""2020"": 2, ""2022"": 1}",1,"Some might see the proposal as a booby prize for the fact that Britain is no longer able to apply for the much more prestigious title of European capital of culture, a sought-after award bagged by Glasgow in 1990 and Liverpool in 2008."
leaving,3,"{""2020"": 1, ""2022"": 1, ""2026"": 1}",3,"A badly run year of culture washes in and out of a place like the tide, bringing prominence for a spell but leaving no lasting benefits to the community."
events,3,"{""2020"": 2, ""2026"": 1}",1,The really successful holders of such titles are those that do a great deal more than fill hotel bedrooms and bring in high-profile arts events and good press for a year.
turned,3,"{""2020"": 2, ""2025"": 1}",1,It turned from God and the authority of the Roman Catholic Church and instead favoured a more humanistic approach to being.
related,3,"{""2020"": 1, ""2022"": 1, ""2025"": 1}",2,"While animals in captivity deserve sympathy, zoos play a significant role in starting young people down the path of related sciences."
print,3,"{""2020"": 2, ""2023"": 1}",1,Scientific publishing has long been a licence to print money.
review,3,"{""2020"": 2, ""2021"": 1}",2,"Other scientists perform the specialised work of peer review also for free, because it is a central element in the acquisition of status and the production of scientific knowledge."
central,3,"{""2020"": 1, ""2026"": 2}",3,"Other scientists perform the specialised work of peer review also for free, because it is a central element in the acquisition of status and the production of scientific knowledge."
publisher,3,"{""2020"": 1, ""2023"": 2}",3,"With the content of papers secured for free, the publisher needs only to find a market for its journal."
sensitive,3,"{""2020"": 1, ""2022"": 1, ""2023"": 1}",2,"Until this century, university libraries were not very price sensitive."
operations,3,"{""2020"": 1, ""2021"": 1, ""2025"": 1}",2,"Scientific publishers routinely report profit margins approaching 40% on their operations, at a time when the rest of the publishing industry is in an existential crisis."
rest,3,"{""2020"": 1, ""2023"": 1, ""2026"": 1}",3,"Scientific publishers routinely report profit margins approaching 40% on their operations, at a time when the rest of the publishing industry is in an existential crisis."
profits,3,"{""2020"": 3}",1,"In some ways the scientific publishing model resembles the economy of the social internet: labour is provided free in exchange for the hope of status, while huge profits are made by a few big firms who run the market places."
alone,3,"{""2020"": 1, ""2021"": 1, ""2024"": 1}",1,"This abrupt shift to an intensive mothering narrative, which suggests that mothers should manage childcare alone, was likely to have been harmful."
sci-hub,3,"{""2020"": 3}",2,"The most drastic, and thoroughly illegal, reaction has been the emergence of Sci-Hub, a kind of global photocopier for scientific papers, set up in 2012, which now claims to offer access to every paywalled article published since 2015."
kind,3,"{""2020"": 2, ""2026"": 1}",3,"The most drastic, and thoroughly illegal, reaction has been the emergence of Sci-Hub, a kind of global photocopier for scientific papers, set up in 2012, which now claims to offer access to every paywalled article published since 2015."
copies,3,"{""2020"": 1, ""2023"": 1, ""2024"": 1}",1,"The success of Sci-Hub, which relies on researchers passing on copies they have themselves legally accessed, shows the legal ecosystem has lost legitimacy among its users and must be transformed so that it works for all participants."
driven,3,"{""2020"": 1, ""2022"": 1, ""2024"": 1}",3,In Britain the move towards open access publishing has been driven by funding bodies.
moment,3,"{""2020"": 1, ""2025"": 2}",2,"More than half of all British scientific research is now published under open access terms: either freely available from the moment of publication, or paywalled for a year or more so that the publishers can make a profit before being placed on general release."
publication,3,"{""2020"": 2, ""2026"": 1}",2,"More than half of all British scientific research is now published under open access terms: either freely available from the moment of publication, or paywalled for a year or more so that the publishers can make a profit before being placed on general release."
cheaper,3,"{""2020"": 1, ""2024"": 2}",2,Yet the new system has not worked out any cheaper for the universities.
responded,3,"{""2020"": 1, ""2022"": 2}",3,Publishers have responded to the demand that they make their product free to readers by charging their writers fees to cover the costs of preparing an article.
product,3,"{""2020"": 1, ""2024"": 1, ""2026"": 1}",2,Publishers have responded to the demand that they make their product free to readers by charging their writers fees to cover the costs of preparing an article.
readers,3,"{""2020"": 1, ""2022"": 1, ""2026"": 1}",3,Publishers have responded to the demand that they make their product free to readers by charging their writers fees to cover the costs of preparing an article.
steadily,3,"{""2020"": 2, ""2026"": 1}",3,A report last year pointed out that the costs both of subscriptions and of these article preparation costs had been steadily rising at a rate above inflation.
inflation,3,"{""2020"": 1, ""2021"": 2}",1,A report last year pointed out that the costs both of subscriptions and of these article preparation costs had been steadily rising at a rate above inflation.
places,3,"{""2020"": 1, ""2026"": 2}",2,"In some ways the scientific publishing model resembles the economy of the social internet: labour is provided free in exchange for the hope of status, while huge profits are made by a few big firms who run the market places."
cases,3,"{""2020"": 1, ""2022"": 1, ""2024"": 1}",3,"In both cases, we need a rebalancing of power."
strategy,3,"{""2020"": 1, ""2022"": 1, ""2024"": 1}",0,
mainly,3,"{""2020"": 1, ""2024"": 1, ""2026"": 1}",0,
gone,3,"{""2020"": 1, ""2022"": 2}",2,"She is proud that several sculptures have even gone on display again, albeit sometimes beneath protective cases."
encouraged,3,"{""2020"": 2, ""2024"": 1}",1,"Scientific method, reductionism and the questioning of Church ideals was to be encouraged, as were ideas of liberty, tolerance and progress."
diversity,3,"{""2020"": 1, ""2022"": 1, ""2023"": 1}",3,Progressives often support diversity mandates as a path to equality and a way to level the playing field.
mandates,3,"{""2020"": 2, ""2023"": 1}",3,Progressives often support diversity mandates as a path to equality and a way to level the playing field.
sponsored,3,"{""2020"": 2, ""2023"": 1}",2,"A pair of bills sponsored by Massachusetts state Senator Jason Lewis and House Speaker Pro Tempore Patricia Haddad, to ensure gender parity on boards and commissions, provide a case in point."
massachusetts,3,"{""2020"": 1, ""2022"": 1, ""2023"": 1}",3,"A pair of bills sponsored by Massachusetts state Senator Jason Lewis and House Speaker Pro Tempore Patricia Haddad, to ensure gender parity on boards and commissions, provide a case in point."
patricia,3,"{""2020"": 1, ""2021"": 2}",2,"A pair of bills sponsored by Massachusetts state Senator Jason Lewis and House Speaker Pro Tempore Patricia Haddad, to ensure gender parity on boards and commissions, provide a case in point."
haddad,3,"{""2020"": 3}",2,"A pair of bills sponsored by Massachusetts state Senator Jason Lewis and House Speaker Pro Tempore Patricia Haddad, to ensure gender parity on boards and commissions, provide a case in point."
female,3,"{""2020"": 3}",2,Haddad and Lewis are concerned that more than half the state-government boards are less than 40 percent female.
elite,3,"{""2020"": 3}",2,"In order to ensure that elite women have more such opportunities, they have proposed imposing government quotas."
opportunities,3,"{""2020"": 2, ""2022"": 1}",3,"In order to ensure that elite women have more such opportunities, they have proposed imposing government quotas."
quotas,3,"{""2020"": 3}",3,"In order to ensure that elite women have more such opportunities, they have proposed imposing government quotas."
prior,3,"{""2020"": 2, ""2026"": 1}",1,"The US Supreme Court frowns on sex-based classifications unless they are designed to address an important policy interest, Because the California law applies to all boards, even where there is no history of prior discrimination, courts are likely to rule that the law violates the constitutional guarantee of equal protection."
mirror,3,"{""2020"": 1, ""2021"": 1, ""2024"": 1}",2,"Female participation on corporate boards may not currently mirror the percentage of women in the general population, but so what?"
requiring,3,"{""2020"": 1, ""2021"": 1, ""2023"": 1}",2,Requiring companies to make gender the primary qualification for board membership will inevitably lead to less experienced private sector boards.
primary,3,"{""2020"": 1, ""2025"": 2}",2,Requiring companies to make gender the primary qualification for board membership will inevitably lead to less experienced private sector boards.
experienced,3,"{""2020"": 1, ""2021"": 1, ""2026"": 1}",3,Requiring companies to make gender the primary qualification for board membership will inevitably lead to less experienced private sector boards.
exactly,3,"{""2020"": 1, ""2024"": 1, ""2026"": 1}",2,That is exactly what happened when Norway adopted a nationwide corporate gender quota.
notes,3,"{""2020"": 1, ""2022"": 2}",2,"Writing in The New Republic, Alice Lee notes that increasing the number of opportunities for board membership without increasing the pool of qualified women to serve on such boards has led to a golden skirt phenomenon, where the same elite women scoop up multiple seats on a variety of boards."
golden,3,"{""2020"": 1, ""2026"": 2}",3,"Writing in The New Republic, Alice Lee notes that increasing the number of opportunities for board membership without increasing the pool of qualified women to serve on such boards has led to a golden skirt phenomenon, where the same elite women scoop up multiple seats on a variety of boards."
remember,3,"{""2020"": 1, ""2023"": 1, ""2026"": 1}",3,"Next time somebody pushes corporate quotas as a way to promote gender equity, remember that such policies are largely self-serving measures that make their sponsors feelgood but do little to help average women."
women's,3,"{""2020"": 3}",0,
position,3,"{""2020"": 1, ""2021"": 1, ""2026"": 1}",0,
greatly,3,"{""2020"": 1, ""2022"": 1, ""2023"": 1}",2,"Plant biology is complex and fascinating, but it differs so greatly from that of animals that so-called evidence of plants' intelligence is inconclusive, the authors wrote."
options,3,"{""2020"": 1, ""2022"": 2}",1,"This is not to say that there is no point in getting a degree, but rather stress that a degree is not for everyone, that the switch from classroom to lecture hall is not an inevitable one and that other options are available."
mentions,3,"{""2020"": 1, ""2023"": 1, ""2025"": 1}",0,
tension,3,"{""2020"": 2, ""2021"": 1}",1,"Offering up such a theory during a time of high tension between scientific and religious minds was branded as heresy, and any such heretics that continued to spread these lies were to be punished by imprisonment or even death."
labor,3,"{""2020"": 1, ""2026"": 2}",1,"If that sounds melodramatic, consider this: The Art Directors Guild, a labor union representing about 3,000 film workers, has suspended a training program and issued a statement explaining that we cannot in good conscience encourage you to pursue our profession."
everyone,3,"{""2020"": 1, ""2022"": 1, ""2026"": 1}",1,"This is not to say that there is no point in getting a degree, but rather stress that a degree is not for everyone, that the switch from classroom to lecture hall is not an inevitable one and that other options are available."
justice,3,"{""2020"": 1, ""2021"": 1, ""2024"": 1}",1,"And it carries significant repercussions for water quality and flood control throughout the United States, as Justice Brett Kavanaugh observed."
senate,3,"{""2020"": 2, ""2023"": 1}",2,"Last Thursday, the French Senate passed a digital services tax, which would impose an entirely new tax on large multinationals that provide digital services to consumers or users in France."
goods,3,"{""2020"": 1, ""2023"": 1, ""2026"": 1}",3,"Digital services include everything from providing a platform for selling goods and services online to targeting advertising based on user data, and the tax applies to gross revenue from such services."
user,3,"{""2020"": 1, ""2024"": 1, ""2026"": 1}",2,"Digital services include everything from providing a platform for selling goods and services online to targeting advertising based on user data, and the tax applies to gross revenue from such services."
apple,3,"{""2020"": 1, ""2021"": 1, ""2026"": 1}",2,"Many French politicians and media outlets have referred to this as a GAFA tax, meaning that it is designed to apply primarily to companies such as Google, Apple, Facebook and Amazon—in other words, multinational tech companies based in the United States."
signature,3,"{""2020"": 1, ""2024"": 1, ""2025"": 1}",3,"The digital services tax now awaits the signature of President Emmanuel Macron, who has expressed support for the measure, and it could go into effect within the next few weeks."
president,3,"{""2020"": 1, ""2023"": 1, ""2026"": 1}",2,"The digital services tax now awaits the signature of President Emmanuel Macron, who has expressed support for the measure, and it could go into effect within the next few weeks."
weeks,3,"{""2020"": 1, ""2023"": 1, ""2024"": 1}",2,"The digital services tax now awaits the signature of President Emmanuel Macron, who has expressed support for the measure, and it could go into effect within the next few weeks."
test,3,"{""2020"": 2, ""2026"": 1}",1,"In people who score high in a test of neuroticism, a personality dimension associated with self-consciousness and anxiety, eye contact triggered more activity associated with avoidance, according to the Finnish researcher Jari Hietanen and colleagues."
union,3,"{""2020"": 2, ""2026"": 1}",2,"At the same time, the European Union, Spain, Britain and several other countries have all seriously contemplated digital services taxes."
differ,3,"{""2020"": 2, ""2024"": 1}",3,"These unilateral developments differ in their specifics, but they are all designed to tax multinationals on income and revenue that countries believe they should have a right to tax, even if international tax rules do not grant them that right."
organization,3,"{""2020"": 1, ""2025"": 2}",3,"In response to these many unilateral measures, the Organization for Economic Cooperation and Development (OECD) is currently working with 131 countries to reach a consensus by the end of 2020 on an international solution."
solution,3,"{""2020"": 1, ""2023"": 1, ""2025"": 1}",1,"In response to these many unilateral measures, the Organization for Economic Cooperation and Development (OECD) is currently working with 131 countries to reach a consensus by the end of 2020 on an international solution."
reached,3,"{""2020"": 1, ""2023"": 1, ""2026"": 1}",0,
costly,3,"{""2020"": 1, ""2022"": 1, ""2024"": 1}",1,"The idea that one might burn down an entire house just to reclaim the nails underlines how scarce, costly and valuable the simple-seeming technology was."
curb,3,"{""2020"": 1, ""2023"": 1, ""2025"": 1}",1,"Initially the rise of legitimate online businesses such as Netflix actually helped curb digital piracy, which had largely been based on file uploads."
prompt,3,"{""2020"": 1, ""2022"": 1, ""2024"": 1}",1,Such an approach can both prompt new research as well as result in powerful art.
aims,3,"{""2020"": 1, ""2025"": 1, ""2026"": 1}",0,
criticism,3,"{""2020"": 1, ""2022"": 1, ""2023"": 1}",1,Zoos which spare no effort to take care of animals should not be subjected to unfair criticism.
rights,3,"{""2020"": 1, ""2022"": 1, ""2024"": 1}",1,"It is too easy, and misleading, to see such court rulings as merely standing up for the rights of land owners when the consequences can be so dire for their neighbors."
involve,3,"{""2020"": 1, ""2021"": 1, ""2024"": 1}",1,"The group is in its early days of mobilization, which could involve pushing for new policies or regulation."
charge,3,"{""2020"": 1, ""2021"": 2}",1,"Before, they might not insure the ones who felt like a high risk or charge them too much, or they would charge them too little and then it would cost the company money."
friendly,3,"{""2020"": 3}",1,"In a social situation, eye contact with another person can show that you are paying attention in a friendly way."
biological,3,"{""2020"": 1, ""2022"": 1, ""2026"": 1}",2,The zoology program at my university attracts students for whom zoo visits were the crucial formative experience that led them to major in biological sciences.
holding,3,"{""2020"": 1, ""2021"": 1, ""2025"": 1}",1,"The thought of holding a fixed grin as the camera performed its magical duties was too much to contemplate, and so non-committal blank stare became the norm."
situation,3,"{""2020"": 2, ""2026"": 1}",2,"In a social situation, eye contact with another person can show that you are paying attention in a friendly way."
paying,3,"{""2020"": 2, ""2021"": 1}",3,"In a social situation, eye contact with another person can show that you are paying attention in a friendly way."
reveals,3,"{""2020"": 1, ""2022"": 1, ""2026"": 1}",0,
smiles,3,"{""2020"": 1, ""2021"": 2}",0,
notion,3,"{""2020"": 1, ""2021"": 1, ""2022"": 1}",0,
supported,3,"{""2020"": 1, ""2021"": 2}",1,"The only previous study analyzing causality, based on an area in Mexico that had instituted CCTs, supported the traditional view."
recorded,3,"{""2020"": 1, ""2026"": 2}",3,Neuroscientist Bonnie Auyeung found that the hormone oxytocin increased the amount of eye contact from men toward the interviewer during a brief interview when the direction of their gaze was recorded.
respond,3,"{""2020"": 1, ""2023"": 2}",1,"The main disadvantage of using AI to respond to customers is that there are concerns about trusting personal interactions to machines, which could lead not only to the subsequent loss of interpersonal connections, but also to a decrease in marketing personnel."
concluded,3,"{""2020"": 1, ""2022"": 1, ""2023"": 1}",2,"With the use of eye-tracking technology, Minson of the Harvard Kennedy School of Government concluded that eye contact can signal very different kinds of messages, depending on the situation."
situations,3,"{""2020"": 2, ""2025"": 1}",1,Concentrating on real-life situations.
mind,3,"{""2020"": 1, ""2025"": 2}",1,"Whether you're a politician or a parent, it might be helpful to keep in mind that trying to maintain eye contact may backfire if you're trying to convince someone who has a different set of beliefs than you, said Minson."
beliefs,3,"{""2020"": 1, ""2023"": 1, ""2026"": 1}",3,"Whether you're a politician or a parent, it might be helpful to keep in mind that trying to maintain eye contact may backfire if you're trying to convince someone who has a different set of beliefs than you, said Minson."
perceived,3,"{""2020"": 1, ""2023"": 1, ""2026"": 1}",1,How the whole image is then assembled and perceived is still a mystery although it is the subject of current research.
triggered,3,"{""2020"": 1, ""2022"": 1, ""2024"": 1}",2,"In people who score high in a test of neuroticism, a personality dimension associated with self-consciousness and anxiety, eye contact triggered more activity associated with avoidance, according to the Finnish researcher Jari Hietanen and colleagues."
activity,3,"{""2020"": 1, ""2025"": 2}",2,"In people who score high in a test of neuroticism, a personality dimension associated with self-consciousness and anxiety, eye contact triggered more activity associated with avoidance, according to the Finnish researcher Jari Hietanen and colleagues."
centre,3,"{""2020"": 2, ""2022"": 1}",3,Our findings indicate that people do not only feel different when they are the centre of attention but that their brain reactions also differ.
translation,3,"{""2020"": 1, ""2021"": 1, ""2026"": 1}",1,"We are living through a golden age of translation too, so you can go anywhere in time or place."
saw,3,"{""2020"": 1, ""2021"": 1, ""2026"": 1}",1,The pioneers of wireless saw it as a gift to all the people.
church,3,"{""2020"": 3}",3,It turned from God and the authority of the Roman Catholic Church and instead favoured a more humanistic approach to being.
earth,3,"{""2020"": 2, ""2023"": 1}",3,"Before each of their revelations, many thinkers at the time had sustained more ancient ways of thinking, including the geocentric view that the Earth was at the centre of our universe."
upheld,3,"{""2020"": 1, ""2021"": 2}",2,"Copernicus theorized in 1543 that all of the planets that we knew of revolved not around the Earth, but the Sun, a system that was later upheld by Galileo at his own expense."
battle,3,"{""2020"": 1, ""2022"": 2}",1,"It was also, and this is unknown even to many people well read about the period, a battle between those who made codes and those who broke them."
reasoning,3,"{""2020"": 1, ""2024"": 1, ""2026"": 1}",2,"As many took on the duty of trying to integrate reasoning and scientific philosophies into the world, the Renaissance was over and it was time for a new era - the Age of Reason."
progress,3,"{""2020"": 1, ""2023"": 1, ""2026"": 1}",2,"Scientific method, reductionism and the questioning of Church ideals was to be encouraged, as were ideas of liberty, tolerance and progress."
responsibility,3,"{""2020"": 1, ""2021"": 1, ""2025"": 1}",3,"It was the purpose and responsibility of great minds to go forth and seek out the truth, which they believed to be founded in knowledge."
inevitable,3,"{""2021"": 1, ""2022"": 1, ""2025"": 1}",3,"This is not to say that there is no point in getting a degree, but rather stress that a degree is not for everyone, that the switch from classroom to lecture hall is not an inevitable one and that other options are available."
function,3,"{""2021"": 1, ""2023"": 2}",3,The function of the milk cow journals is to boost citation counts for certain authors. help scholars publish articles at low cost. instruct first-time contributors in citation. increase the readership of new journals.
muscle,3,"{""2021"": 3}",3,One study found that muscle loss and the accumulation of body fat around the abdomen are associated with a decline in fluid intelligence.
lifestyle,3,"{""2021"": 2, ""2023"": 1}",3,"AI can also be used to identify the lifestyle choices of customers regarding their hobbies, favourite celebrities, and fashions to provide unique content in marketing messages put out through social media."
resulted,3,"{""2021"": 2, ""2023"": 1}",2,The advent of electronic publishing and authors' need to find outlets for their papers resulted in thousands of new journals.
immune,3,"{""2021"": 1, ""2022"": 2}",1,"For women, the association may be attributable to changes in immunity that resulted from excess abdominal fat; in men, the immune system did not appear to be involved."
mass,3,"{""2021"": 2, ""2022"": 1}",2,"Meanwhile, there are steps you can take to help reduce abdominal fat and maintain lean muscle mass as you age in order to protect both your physical and mental wellbeing The two highly recommended lifestyle approaches are maintaining or increasing your level of aerobic exercise and following a Mediterranean-style diet that is high in fiber and eliminates highly processed foods."
maintaining,3,"{""2021"": 2, ""2022"": 1}",1,"Meanwhile, there are steps you can take to help reduce abdominal fat and maintain lean muscle mass as you age in order to protect both your physical and mental wellbeing The two highly recommended lifestyle approaches are maintaining or increasing your level of aerobic exercise and following a Mediterranean-style diet that is high in fiber and eliminates highly processed foods."
accidentally,3,"{""2021"": 1, ""2025"": 1, ""2026"": 1}",0,
lived,3,"{""2021"": 1, ""2026"": 2}",2,"Looking at these DNA sequences, we get a biological testimony to the environment these animals lived in and the experiences they survived."
isolated,3,"{""2021"": 1, ""2025"": 2}",0,
coordination,3,"{""2021"": 1, ""2024"": 1, ""2026"": 1}",0,
space,3,"{""2021"": 1, ""2023"": 1, ""2024"": 1}",2,"Another issue is that while climate change is well integrated into some subjects and at some ages—such as earth and space sciences in high schools—it is not as well represented in curricula for younger children and in subjects that are more widely taught, such as biology and chemistry."
fares,3,"{""2021"": 3}",0,
burden,3,"{""2021"": 2, ""2022"": 1}",2,"It has become a grimly reliable annual ritual: every January the cost of travelling by train rises, imposing a significant extra burden on those who have no option but to use the rail network to get to work or otherwise."
cent,3,"{""2021"": 1, ""2022"": 2}",2,"Today, 28 per cent of graduates in the UK are in non-graduate roles, a percentage which is double the average among the OECD countries."
goes,3,"{""2021"": 1, ""2022"": 1, ""2024"": 1}",2,"Why, the argument goes, should a car-driving pensioner from Lincolnshire have to subsidise the daily commute of a stockbroker from Surrey?"
south,3,"{""2021"": 1, ""2025"": 1, ""2026"": 1}",2,"Equally, there is a sense that the travails of commuters in the South East, many of whom will face among the biggest rises, have received too much attention compared to those who must endure the relatively poor infrastructure of the Midlands and the North."
east,3,"{""2021"": 1, ""2023"": 1, ""2026"": 1}",2,"Equally, there is a sense that the travails of commuters in the South East, many of whom will face among the biggest rises, have received too much attention compared to those who must endure the relatively poor infrastructure of the Midlands and the North."
relatively,3,"{""2021"": 2, ""2025"": 1}",2,"Equally, there is a sense that the travails of commuters in the South East, many of whom will face among the biggest rises, have received too much attention compared to those who must endure the relatively poor infrastructure of the Midlands and the North."
infrastructure,3,"{""2021"": 3}",1,"Equally, there is a sense that the travails of commuters in the South East, many of whom will face among the biggest rises, have received too much attention compared to those who must endure the relatively poor infrastructure of the Midlands and the North."
months,3,"{""2021"": 1, ""2023"": 1, ""2024"": 1}",3,"However, over the past 12 months, those commuters have also experienced some of the worst rail strikes in years."
worst,3,"{""2021"": 2, ""2023"": 1}",2,"However, over the past 12 months, those commuters have also experienced some of the worst rail strikes in years."
improvements,3,"{""2021"": 1, ""2024"": 1, ""2026"": 1}",1,"It is all very well train operators trumpeting the improvements they are making to the network, but passengers should be able to expect a basic level of service for the substantial sums they are now paying to travel."
introduce,3,"{""2021"": 1, ""2025"": 1, ""2026"": 1}",1,"The Government has pledged to change the law to introduce a minimum service requirement so that, even when strikes occur, services can continue to operate."
willing,3,"{""2021"": 1, ""2022"": 1, ""2023"": 1}",2,"Yes, more investment is needed, but passengers will not be willing to pay more indefinitely if they must also endure cramped, unreliable services, interrupted by regular chaos when timetables are changed, or planned maintenance is managed incompetently."
pay,3,"{""2021"": 1, ""2022"": 1, ""2025"": 1}",3,"Yes, more investment is needed, but passengers will not be willing to pay more indefinitely if they must also endure cramped, unreliable services, interrupted by regular chaos when timetables are changed, or planned maintenance is managed incompetently."
short,3,"{""2021"": 1, ""2023"": 1, ""2024"": 1}",1,"The threat of nationalisation may have been seen off for now, but it will return with a vengeance if the justified anger of passengers is not addressed in short order."
stand,3,"{""2021"": 1, ""2023"": 1, ""2026"": 1}",1,"Stand in the shoes of scientists and witness the degree to which breakthroughs emerge from accidents, conflict and sheer mental stamina."
car,3,"{""2021"": 1, ""2026"": 2}",2,"True: for more than 80 pre-digital years, linear speech broadcasting brought the gift of serendipity, random enlivening of a car journey or dull manual task."
doesn't,3,"{""2021"": 1, ""2026"": 2}",0,
marked,3,"{""2021"": 2, ""2023"": 1}",0,
third,3,"{""2021"": 2, ""2022"": 1}",1,"And third, growth was reflected in changes in the proportion of the relevant age group enrolled in institutions of higher education."
indonesia's,3,"{""2021"": 3}",0,
antipoverty,3,"{""2021"": 3}",0,
started,3,"{""2021"": 2, ""2024"": 1}",3,"In 2007, Indonesia started phasing in a program that gives money to its poorest residents under certain conditions, such as requiring people to keep kids in school or get regular medical care."
residents,3,"{""2021"": 1, ""2024"": 2}",2,"In 2007, Indonesia started phasing in a program that gives money to its poorest residents under certain conditions, such as requiring people to keep kids in school or get regular medical care."
goals,3,"{""2021"": 1, ""2025"": 1, ""2026"": 1}",2,"In fact, poverty alleviation and environmental protection are often viewed as conflicting goals, says Paul Ferraro, an economist at Johns Hopkins University."
economist,3,"{""2021"": 1, ""2024"": 2}",2,"In fact, poverty alleviation and environmental protection are often viewed as conflicting goals, says Paul Ferraro, an economist at Johns Hopkins University."
analyzed,3,"{""2021"": 1, ""2022"": 1, ""2026"": 1}",1,Some of the trees he analyzed bore more than 20 fire scars among their rings.
insurance,3,"{""2021"": 2, ""2023"": 1}",2,"Insurance companies, meanwhile, can base their premiums on AI models that more accurately assess risk."
individuals,3,"{""2021"": 1, ""2023"": 1, ""2026"": 1}",2,"With the CCTs, individuals instead can use the money to supplement their harvests."
parts,3,"{""2021"": 2, ""2026"": 1}",3,"Ferraro suggests the results may transfer to other parts of Asia, due to commonalities such as the importance of growing rice and market access."
regardless,3,"{""2021"": 1, ""2025"": 1, ""2026"": 1}",1,"Anyone can be a citizen scientist, regardless of age, nationality or academic experience."
what's,3,"{""2021"": 1, ""2022"": 1, ""2025"": 1}",0,
didn't,3,"{""2021"": 1, ""2022"": 1, ""2024"": 1}",0,
cited,3,"{""2021"": 1, ""2023"": 1, ""2025"": 1}",1,how many times their papers are cited. the prestige of the people they work with. the status they have in scientific circles.
intends,3,"{""2021"": 2, ""2026"": 1}",0,
forests,3,"{""2021"": 1, ""2024"": 1, ""2026"": 1}",2,"They move between a variety of habitats, including forests, grasslands, woodlands, wetlands and agricultural land."
relation,3,"{""2021"": 2, ""2024"": 1}",1,"The researchers are convinced that the elephants always know precisely where they are in relation to all the resources they need, and can therefore take shortcuts, as well as following familiar routes."
who's,3,"{""2021"": 1, ""2023"": 1, ""2025"": 1}",0,
searching,3,"{""2021"": 1, ""2024"": 2}",1,Then he tried searching for his name to see if a piece he had worked on had been published.
tiny,3,"{""2021"": 1, ""2025"": 2}",3,"Of course, I need to concede that my collection of 'Smiling Victorians' makes up only a tiny percentage of the vast catalogue of photographic portraiture created between 1840 and 1900, the majority of which show sitters posing miserably and stiffly in front of painted backdrops, or staring absently into the middle distance."
vast,3,"{""2021"": 1, ""2022"": 1, ""2026"": 1}",3,"Of course, I need to concede that my collection of 'Smiling Victorians' makes up only a tiny percentage of the vast catalogue of photographic portraiture created between 1840 and 1900, the majority of which show sitters posing miserably and stiffly in front of painted backdrops, or staring absently into the middle distance."
photographic,3,"{""2021"": 3}",2,"Of course, I need to concede that my collection of 'Smiling Victorians' makes up only a tiny percentage of the vast catalogue of photographic portraiture created between 1840 and 1900, the majority of which show sitters posing miserably and stiffly in front of painted backdrops, or staring absently into the middle distance."
resulting,3,"{""2021"": 1, ""2023"": 1, ""2026"": 1}",2,"Throughout the trip, Jackson juggled multiple cameras and plate sizes using the collodion process that involved coating the plates with a chemical mixture, exposing them and developing the resulting images with a portable darkroom."
duties,3,"{""2021"": 1, ""2022"": 1, ""2023"": 1}",1,"The thought of holding a fixed grin as the camera performed its magical duties was too much to contemplate, and so non-committal blank stare became the norm."
meant,3,"{""2021"": 1, ""2022"": 1, ""2026"": 1}",0,
smile,3,"{""2021"": 3}",1,"Even Mark Twain, a man who enjoyed a hearty laugh, said that when it came to photographic portraits there could be nothing more damning than a silly, foolish smile fixed forever."
birth,3,"{""2021"": 1, ""2022"": 1, ""2023"": 1}",1,"Nature gave us lips to conceal our teeth, ran one popular Victorian saying, alluding to the fact that before the birth of proper dentistry, mouths were often in a shocking state of hygiene."
proper,3,"{""2021"": 1, ""2023"": 1, ""2024"": 1}",2,"Nature gave us lips to conceal our teeth, ran one popular Victorian saying, alluding to the fact that before the birth of proper dentistry, mouths were often in a shocking state of hygiene."
healthy,3,"{""2021"": 1, ""2026"": 2}",2,"A flashing set of healthy and clean, regular 'pearly whites' was a rare sight in Victorian society, the preserve of the super-rich (and even then, dental hygiene was not guaranteed)."
class,3,"{""2021"": 1, ""2022"": 1, ""2024"": 1}",0,
properly,3,"{""2021"": 1, ""2022"": 2}",1,"A distressed animal in a zoo will get as good or better treatment than most of us at our local hospital.: As a fellow environmentalist, animal-protection advocate and longtime vegetarian, I could properly be in the same camp as Emma Marris on the issue of zoos."
portraits,3,"{""2021"": 2, ""2023"": 1}",2,"Even Mark Twain, a man who enjoyed a hearty laugh, said that when it came to photographic portraits there could be nothing more damning than a silly, foolish smile fixed forever."
posts,3,"{""2021"": 1, ""2023"": 2}",2,At the same time Al can also be used to generate content for social media posts and chat sites.
collected,3,"{""2021"": 1, ""2022"": 1, ""2023"": 1}",0,
belief,3,"{""2021"": 1, ""2026"": 2}",1,Educators advanced the idea of having students complete detailed laboratory exercises in high schools in the belief that such work was beneficial primarily as a way to enhance logical reasoning and observational skills.
misguided,3,"{""2021"": 1, ""2022"": 1, ""2023"": 1}",1,"Board members like her casually dismiss the career work of scholars and scientists as just another misguided opinion, says Dan Quinn, senior communications strategist at the Texas Freedom Network, a non-profit group that monitors public education."
start,3,"{""2021"": 1, ""2022"": 1, ""2024"": 1}",1,Artists say they risk losing income as people start using AI-generated images based on copyrighted material for commercial purposes.
worried,3,"{""2021"": 1, ""2023"": 1, ""2024"": 1}",2,"From the early days of broadband, advocates for consumers and web-based companies worried that the cable and phone companies selling broadband connections had the power and incentive to favor affiliated websites over their rivals'."
cable,3,"{""2021"": 1, ""2025"": 2}",2,"From the early days of broadband, advocates for consumers and web-based companies worried that the cable and phone companies selling broadband connections had the power and incentive to favor affiliated websites over their rivals'."
rivals,3,"{""2021"": 3}",2,"From the early days of broadband, advocates for consumers and web-based companies worried that the cable and phone companies selling broadband connections had the power and incentive to favor affiliated websites over their rivals'."
winners,3,"{""2021"": 1, ""2025"": 2}",1,"But the age of streaming has been a boon for some unintended winners: pirates that use software to rip a film or television show in seconds from legitimate online video platforms and host the titles on their own, illegitimate services, which rake in about $2 billion annually from ads and subscriptions."
freedom,3,"{""2021"": 1, ""2022"": 1, ""2023"": 1}",2,"No matter how you enhance enclosures, they do not allow for freedom, a natural diet or adequate exercise."
impossible,3,"{""2021"": 1, ""2025"": 2}",2,"Yet that demand has been almost impossible to fill—in part because of pushback from broadband providers, anti-regulatory conservatives and the courts."
federal,3,"{""2021"": 2, ""2025"": 1}",2,"A federal appeals court weighed in again Tuesday, but instead of providing a badly needed resolution, it only prolonged the fight."
fight,3,"{""2021"": 1, ""2023"": 1, ""2025"": 1}",1,"A federal appeals court weighed in again Tuesday, but instead of providing a badly needed resolution, it only prolonged the fight."
agencies,3,"{""2021"": 1, ""2023"": 1, ""2026"": 1}",1,These agencies and other government bodies should dramatically improve incentives to keep our current shows and attract new productions to Los Angeles.
behavior,3,"{""2021"": 1, ""2022"": 1, ""2023"": 1}",1,"Recently, another expression of this predatory behavior has emerged: so-called support service consultancies that provide language and other editorial support to individual authors and to journals sometimes advise contributors to add a number of citations to their articles."
ruling,3,"{""2021"": 1, ""2024"": 2}",1,"On Tuesday, the appeals court unanimously upheld the 2017 order deregulating broadband providers, citing a Supreme Court ruling from 2005 that upheld a similarly deregulatory move."
fcc's,3,"{""2021"": 3}",0,
undermine,3,"{""2021"": 1, ""2022"": 2}",1,She uses outdated research and decades-old examples to undermine the noble mission of organizations committed to connecting children to a world beyond their own.
battles,3,"{""2021"": 2, ""2026"": 1}",2,The endless legal battles and back-and-forth at the FCC cry out for Congress to act.
clients,3,"{""2021"": 1, ""2023"": 2}",1,The support service consultancies tend to recommend journals to their clients. list citation patterns for their clients. ask authors to include extra citations. advise contributors to cite each other.
special,3,"{""2021"": 1, ""2024"": 1, ""2025"": 1}",0,
unfair,3,"{""2021"": 1, ""2022"": 2}",2,"Across the Tasman Sea, Australia deals with the unjustified dismissal paradox by excluding employees earning above a specified high-income threshold from the protection of its unfair dismissal laws."
movies,3,"{""2021"": 1, ""2025"": 1, ""2026"": 1}",2,"The people who are stealing our movies and our television shows and operating piracy sites are not mom and pop operations, says Charlie Rivkin, chief executive officer of the MPA."
television,3,"{""2021"": 1, ""2025"": 2}",2,"But the age of streaming has been a boon for some unintended winners: pirates that use software to rip a film or television show in seconds from legitimate online video platforms and host the titles on their own, illegitimate services, which rake in about $2 billion annually from ads and subscriptions."
hear,3,"{""2021"": 1, ""2025"": 1, ""2026"": 1}",1,"With multiple networks and countless podcasts, a smartphone user selects what to hear and when."
domingos,3,"{""2021"": 3}",2,"There are experiments that show that, naturally, the results of interviews are much more biased than what AI does, says Pedro Domingos, author of The Master Algorithm: How the Quest for the Ultimate Learning Machine Will Remake Our World and a computer science professor at the University of Washington."
machine,3,"{""2021"": 2, ""2023"": 1}",3,"There are experiments that show that, naturally, the results of interviews are much more biased than what AI does, says Pedro Domingos, author of The Master Algorithm: How the Quest for the Ultimate Learning Machine Will Remake Our World and a computer science professor at the University of Washington."
computer,3,"{""2021"": 2, ""2026"": 1}",3,"There are experiments that show that, naturally, the results of interviews are much more biased than what AI does, says Pedro Domingos, author of The Master Algorithm: How the Quest for the Ultimate Learning Machine Will Remake Our World and a computer science professor at the University of Washington."
washington,3,"{""2021"": 1, ""2023"": 1, ""2026"": 1}",1,"There are experiments that show that, naturally, the results of interviews are much more biased than what AI does, says Pedro Domingos, author of The Master Algorithm: How the Quest for the Ultimate Learning Machine Will Remake Our World and a computer science professor at the University of Washington."
software,3,"{""2021"": 2, ""2025"": 1}",3,More effective marketing Some AI software can analyze and optimize marketing email subject lines to increase open rates.
mean,3,"{""2021"": 1, ""2023"": 1, ""2026"": 1}",2,"Even if a state is considered a high performer in its science standards, that does not mean it will be taught, he says."
saving,3,"{""2021"": 2, ""2024"": 1}",1,"Saving customers money Energy companies can use AI to help customers reduce their electricity bills, saving them money while helping the environment."
assess,3,"{""2021"": 1, ""2024"": 1, ""2026"": 1}",2,"Insurance companies, meanwhile, can base their premiums on AI models that more accurately assess risk."
failure,3,"{""2021"": 1, ""2022"": 2}",0,
happen,3,"{""2021"": 1, ""2026"": 2}",2,"Whatever we do, innovation will happen."
sources,3,"{""2021"": 1, ""2024"": 1, ""2025"": 1}",1,"Every day, scientists, technologists and engineers are discovering new ways to exploit renewable energy sources and develop techniques not just to use power more intelligently but to power our intelligence."
performance,3,"{""2021"": 1, ""2022"": 2}",2,"There are also companies like Acquisio, which analyzes advertising performance across multiple channels like Adwords, Bing and social media and makes adjustments or suggestions about where advertising funds will yield best results."
firm,3,"{""2021"": 1, ""2022"": 1, ""2025"": 1}",3,"One accounting firm, BY, uses an AI system that helps review contracts during an audit."
reviewing,3,"{""2021"": 1, ""2024"": 1, ""2026"": 1}",2,"This process, along with employees reviewing the contracts, is faster and more accurate."
looks,3,"{""2021"": 1, ""2024"": 1, ""2026"": 1}",1,"AI looks at resumes in greater numbers than humans would be able to, and selects the more promising candidates."
roughly,3,"{""2021"": 1, ""2022"": 1, ""2024"": 1}",3,Those societies came out of the war with levels of enrollment that had been roughly constant at 3-5% of the relevant age groups during the decades before the war.
extended,3,"{""2021"": 1, ""2022"": 1, ""2024"": 1}",2,And the demand that rose in those societies for entry to higher education extended to groups and social classes that had not thought of attending a university before the war.
turn,3,"{""2021"": 1, ""2024"": 1, ""2025"": 1}",3,"The growth of higher education manifests itself in at least three quite different ways, and these in turn have given rise to different sets of problems."
sets,3,"{""2021"": 1, ""2025"": 1, ""2026"": 1}",3,"The growth of higher education manifests itself in at least three quite different ways, and these in turn have given rise to different sets of problems."
carried,3,"{""2021"": 1, ""2024"": 2}",3,Each of these manifestations of growth carried its own peculiar problems in its wake.
postgraduate,3,"{""2021"": 3}",2,"When a faculty or department grows from, say, five to 20 members within three or four years, and when the new staff are predominantly young men and women fresh from postgraduate study, they largely define the norms of academic life in that faculty."
define,3,"{""2021"": 1, ""2022"": 2}",1,"When a faculty or department grows from, say, five to 20 members within three or four years, and when the new staff are predominantly young men and women fresh from postgraduate study, they largely define the norms of academic life in that faculty."
becomes,3,"{""2021"": 1, ""2025"": 2}",3,"And if the postgraduate student population also grows rapidly and there is loss of a close apprenticeship relationship between faculty members and students, the student culture becomes the chief socializing force for new postgraduate students, with consequences for the intellectual and academic life of the institution—this was seen in America as well as in France, Italy, West Germany, and Japan."
chief,3,"{""2021"": 1, ""2025"": 1, ""2026"": 1}",3,"And if the postgraduate student population also grows rapidly and there is loss of a close apprenticeship relationship between faculty members and students, the student culture becomes the chief socializing force for new postgraduate students, with consequences for the intellectual and academic life of the institution—this was seen in America as well as in France, Italy, West Germany, and Japan."
force,3,"{""2021"": 1, ""2025"": 2}",2,"And if the postgraduate student population also grows rapidly and there is loss of a close apprenticeship relationship between faculty members and students, the student culture becomes the chief socializing force for new postgraduate students, with consequences for the intellectual and academic life of the institution—this was seen in America as well as in France, Italy, West Germany, and Japan."
germany,3,"{""2021"": 1, ""2024"": 2}",1,"And if the postgraduate student population also grows rapidly and there is loss of a close apprenticeship relationship between faculty members and students, the student culture becomes the chief socializing force for new postgraduate students, with consequences for the intellectual and academic life of the institution—this was seen in America as well as in France, Italy, West Germany, and Japan."
scholars,3,"{""2021"": 1, ""2023"": 2}",3,High growth rates increased the chances for academic innovation; they also weakened the forms and processes by which teachers and students are admitted into a community of scholars during periods of stability or slow growth.
college,3,"{""2021"": 1, ""2022"": 2}",0,
electrical,3,"{""2022"": 3}",2,"Though plants lack brains, the firing of electrical signals in their stems and leaves nonetheless triggered responses that hinted at consciousness, researchers previously reported."
responses,3,"{""2022"": 2, ""2024"": 1}",1,"Though plants lack brains, the firing of electrical signals in their stems and leaves nonetheless triggered responses that hinted at consciousness, researchers previously reported."
previously,3,"{""2022"": 1, ""2024"": 1, ""2025"": 1}",3,The randomised control trial involved hundreds of year 5 pupils — aged nine and ten — at 45 state primary schools that had not been previously exposed to RSC pedagogy.
wrote,3,"{""2022"": 1, ""2024"": 1, ""2025"": 1}",3,"Such narratives can lead to maternal exhaustion and have dangerous consequences, they wrote."
communicate,3,"{""2022"": 3}",3,Scientists are increasingly seeking out visual artists to help them communicate their work to new audiences.
threshold,3,"{""2022"": 3}",2,"Across the Tasman Sea, Australia deals with the unjustified dismissal paradox by excluding employees earning above a specified high-income threshold from the protection of its unfair dismissal laws."
complexity,3,"{""2022"": 1, ""2024"": 1, ""2025"": 1}",2,"The miracle of the Chesapeake Bay lies not in its depths, but in the complexity of its natural construction, the interaction of fresh and saline waters, and the mix of land and water."
effectively,3,"{""2022"": 1, ""2023"": 1, ""2026"": 1}",1,"If customers are not willing to share data, AI will be starved of essential information and will not be able to function effectively or employ machine learning to improve its marketing content and communication."
can't,3,"{""2022"": 1, ""2023"": 1, ""2025"": 1}",0,
denied,3,"{""2022"": 1, ""2024"": 1, ""2025"": 1}",0,
temporarily,3,"{""2022"": 1, ""2024"": 1, ""2025"": 1}",0,
recalled,3,"{""2022"": 1, ""2023"": 1, ""2026"": 1}",0,
represents,3,"{""2022"": 2, ""2023"": 1}",1,"His tale of self-improvement and hard work would make a fascinating biography in its own right, but represents something more than that."
includes,3,"{""2022"": 1, ""2023"": 1, ""2026"": 1}",2,"The problem is rampant in Scopus, a citation database, which includes a high number of the new international journals."
durable,3,"{""2022"": 3}",2,People often complain that plastics are too durable.
sculptures,3,"{""2022"": 3}",2,"The variety of plastic objects at risk is dizzying: early radios, avant-garde sculptures, celluloid animation stills from Disney films, the first artificial heart."
pioneers,3,"{""2022"": 1, ""2026"": 2}",1,The pioneers of wireless saw it as a gift to all the people.
heritage,3,"{""2022"": 1, ""2023"": 1, ""2024"": 1}",1,These should be available to them as part of their cultural heritage and history and as a source of national pride.
agency,3,"{""2022"": 1, ""2024"": 1, ""2025"": 1}",1,Environmental Protection Agency (EPA) far less authority to regulate wetlands and waterways.
exact,3,"{""2022"": 1, ""2024"": 2}",2,We know very exact reproductions of artwork can be and are regularly produced.
artist,3,"{""2022"": 1, ""2024"": 2}",1,"There is a coalition growing within artist industries to figure out how to tackle or mitigate this, says Ortiz."
foam,3,"{""2022"": 3}",2,"Thosepieces included small beds of roses and other items as well as a few dozen nature carpets — large rectangles decorated with foam pumpkins, cabbages, and watermelons."
gilardi's,3,"{""2022"": 3}",0,
chemicals,3,"{""2022"": 2, ""2024"": 1}",3,They infused some with stabilizing and consolidating chemicals.
harder,3,"{""2022"": 2, ""2026"": 1}",2,This makes it harder for the marginal manager to gain employment.
ages,3,"{""2022"": 2, ""2023"": 1}",2,"Joana Lia Ferreira, an assistant professor of conservation and restoration at the NOVA School of Science and Technology, notes that archaeologists first defined the great material ages of human history—Stone Age, Iron Age, and so on—after examining artifacts in museums."
iron,3,"{""2022"": 1, ""2024"": 2}",2,"Joana Lia Ferreira, an assistant professor of conservation and restoration at the NOVA School of Science and Technology, notes that archaeologists first defined the great material ages of human history—Stone Age, Iron Age, and so on—after examining artifacts in museums."
decide,3,"{""2022"": 2, ""2024"": 1}",1,"We now live in an age of plastic, she says, and what we decide to collect today, what we decide to preserve... will have a strong impact on how in the future we'll be seen."
collect,3,"{""2022"": 1, ""2024"": 1, ""2026"": 1}",1,"We now live in an age of plastic, she says, and what we decide to collect today, what we decide to preserve... will have a strong impact on how in the future we'll be seen."
difficulties,3,"{""2022"": 3}",1,But these provisions create difficulties for businesses when applied to highly paid managers and executives.
journey,3,"{""2022"": 1, ""2023"": 1, ""2026"": 1}",2,"The journey officially began in Ogden, Utah, on June 8, 1871."
decent,3,"{""2022"": 2, ""2024"": 1}",1,"Millennials were told that if you did well in school, got a decent degree, you would be set up for life."
route,3,"{""2022"": 3}",2,Education was no longer a secure route of social mobility.
getting,3,"{""2022"": 1, ""2024"": 1, ""2026"": 1}",1,"This is not to say that there is no point in getting a degree, but rather stress that a degree is not for everyone, that the switch from classroom to lecture hall is not an inevitable one and that other options are available."
stress,3,"{""2022"": 1, ""2023"": 1, ""2024"": 1}",1,"This is not to say that there is no point in getting a degree, but rather stress that a degree is not for everyone, that the switch from classroom to lecture hall is not an inevitable one and that other options are available."
advantages,3,"{""2022"": 2, ""2026"": 1}",2,Employers have long seen the advantages of hiring school leavers who often prove themselves to be more committed and loyal employees than graduates.
skills,3,"{""2022"": 1, ""2024"": 1, ""2026"": 1}",2,"In this age of generalists, it pays to have specific knowledge or skills."
unlikely,3,"{""2022"": 1, ""2024"": 1, ""2025"": 1}",0,
careers,3,"{""2022"": 1, ""2023"": 2}",2,"It has been estimated that this generation, due to the pressures of technology, the wish for personal fulfilment and desire for diversity, will work for 17 different employers over the course of their working life and have five different careers."
campus,3,"{""2022"": 1, ""2023"": 1, ""2025"": 1}",0,
older,3,"{""2022"": 1, ""2024"": 2}",2,Older generations often talk about their degree in the present and personal tense: 'I am a geographer' or 'I am a classicist'.
won't,3,"{""2022"": 1, ""2024"": 1, ""2025"": 1}",0,
appeal,3,"{""2022"": 1, ""2025"": 1, ""2026"": 1}",0,
poll,3,"{""2022"": 3}",2,"Nearly 40% of the roughly 350 people who responded to an accompanying poll said, they had collaborated with artists; and almost all said they would consider doing so in future."
audience,3,"{""2022"": 1, ""2026"": 2}",2,"Artists help scientists reach a broader audience and make emotional connections that enhance learning, one respondent said."
version,3,"{""2022"": 2, ""2026"": 1}",1,"A return to that version of scientific literacy, which focused more on teaching what science is and how it works and less on memorizing scientific facts, seems like something society today desperately needs."
seasons,3,"{""2022"": 2, ""2025"": 1}",0,
genuine,3,"{""2022"": 1, ""2025"": 1, ""2026"": 1}",1,But a genuine partnership must be a two-way street.
fewer,3,"{""2022"": 1, ""2023"": 1, ""2026"": 1}",3,"Fewer artists than scientists responded to the Nature poll, however, several respondents noted that artists do not simply assist scientists with their communication requirements."
project,3,"{""2022"": 1, ""2023"": 1, ""2026"": 1}",1,"Georgia offers up to 30% in transferable tax credits on film and TV production costs, plus an additional 10% increase on the base tax credit if the project includes a Georgia promotional logo."
focused,3,"{""2022"": 2, ""2026"": 1}",3,The founders deliberately focused their projects around light—hence the visual studies in the name.
invention,3,"{""2022"": 1, ""2024"": 1, ""2025"": 1}",2,"Artists and scientists alike are immersed in discovery and invention, and challenge and critique are core to both, too."
expression,3,"{""2022"": 1, ""2023"": 1, ""2026"": 1}",1,"Recently, another expression of this predatory behavior has emerged: so-called support service consultancies that provide language and other editorial support to individual authors and to journals sometimes advise contributors to add a number of citations to their articles."
worry,3,"{""2022"": 1, ""2023"": 1, ""2026"": 1}",1,"Some will say the audiobook boom revives it, though I suppose you can then worry about the decline of reading."
grievance,3,"{""2022"": 3}",1,Personal grievance procedures were designed to guard the jobs of ordinary workers from unjustified dismissals.
businesses,3,"{""2022"": 1, ""2025"": 1, ""2026"": 1}",2,But these provisions create difficulties for businesses when applied to highly paid managers and executives.
paid,3,"{""2022"": 3}",2,But these provisions create difficulties for businesses when applied to highly paid managers and executives.
indeed,3,"{""2022"": 2, ""2023"": 1}",1,"Indeed, it was frequently the first stop for merchants looking to sell their wares and stock up on supplies for their own journeys."
carry,3,"{""2022"": 1, ""2023"": 1, ""2026"": 1}",3,And firms pay staff less because firms carry the burden of the employment arrangement going wrong.
regulations,3,"{""2022"": 1, ""2023"": 1, ""2024"": 1}",3,Stringent job dismissal regulations adversely affect productivity growth and hamper both prosperity and overall well-being.
australia,3,"{""2022"": 2, ""2025"": 1}",1,"Across the Tasman Sea, Australia deals with the unjustified dismissal paradox by excluding employees earning above a specified high-income threshold from the protection of its unfair dismissal laws."
high-income,3,"{""2022"": 3}",2,"Across the Tasman Sea, Australia deals with the unjustified dismissal paradox by excluding employees earning above a specified high-income threshold from the protection of its unfair dismissal laws."
tried,3,"{""2022"": 1, ""2024"": 2}",3,"In New Zealand, a 2016 private members' Bill tried to permit firms and high-income employees to contract out of the unjustified dismissal regime."
operating,3,"{""2022"": 1, ""2023"": 1, ""2025"": 1}",3,Both the wildlife park and zoo claimed to be operating for the benefit of the animals and for conservation purposes.
opportunity,3,"{""2022"": 2, ""2025"": 1}",3,"These are mostly students who had no opportunity as children to travel to wilderness areas, wildlife refuges or national parks."
replace,3,"{""2022"": 1, ""2025"": 1, ""2026"": 1}",1,"Without constant migration of digital assets, a nightmare about the foreseeable future is what keeps historians up at night: a historical record that abruptly stops when digital replace analog."
treatment,3,"{""2022"": 2, ""2026"": 1}",1,"A distressed animal in a zoo will get as good or better treatment than most of us at our local hospital.: As a fellow environmentalist, animal-protection advocate and longtime vegetarian, I could properly be in the same camp as Emma Marris on the issue of zoos."
greg,3,"{""2022"": 1, ""2024"": 2}",0,
habitat,3,"{""2022"": 1, ""2025"": 2}",2,Zoos are at the forefront of conservation and constantly evolving to improve how they care for animals and protect each species in its natural habitat.
beautiful,3,"{""2022"": 1, ""2025"": 1, ""2026"": 1}",2,"Were it not for opportunities to observe these beautiful, wild creatures close to home, many more people would be driven by their fascination to travel to wild areas to seek out, disturb and even hunt them down."
creatures,3,"{""2022"": 3}",3,"Were it not for opportunities to observe these beautiful, wild creatures close to home, many more people would be driven by their fascination to travel to wild areas to seek out, disturb and even hunt them down."
hunt,3,"{""2022"": 1, ""2023"": 1, ""2026"": 1}",2,"Were it not for opportunities to observe these beautiful, wild creatures close to home, many more people would be driven by their fascination to travel to wild areas to seek out, disturb and even hunt them down."
john,3,"{""2022"": 1, ""2026"": 2}",1,"Sir John Reith said that it would end isolation of the spirit and rejoiced: It does not matter how many thousands may be listening, there is always enough for others... the genius and the fool, the wealthy and the poor listen simultaneously."
effort,3,"{""2022"": 1, ""2025"": 1, ""2026"": 1}",3,Zoos which spare no effort to take care of animals should not be subjected to unfair criticism.
thus,3,"{""2022"": 1, ""2025"": 2}",2,Zoos save people trips to wilderness areas and thus contribute to wildlife conservation.
contribute,3,"{""2022"": 1, ""2024"": 1, ""2026"": 1}",2,Zoos save people trips to wilderness areas and thus contribute to wildlife conservation.
habitats,3,"{""2022"": 1, ""2024"": 1, ""2026"": 1}",2,"For wild animals that cannot be returned to their natural habitats, zoos offer the best alternative."
peninsula,3,"{""2022"": 2, ""2025"": 1}",0,
army,3,"{""2022"": 3}",1,"It listed many documents in code that had been captured from the French army of Spain, and whose secrets had been revealed by the work of one George Scovell, an officer in British headquarters."
sir,3,"{""2022"": 1, ""2026"": 2}",1,"Sir John Reith said that it would end isolation of the spirit and rejoiced: It does not matter how many thousands may be listening, there is always enough for others... the genius and the fool, the wealthy and the poor listen simultaneously."
officer,3,"{""2022"": 2, ""2025"": 1}",2,"It listed many documents in code that had been captured from the French army of Spain, and whose secrets had been revealed by the work of one George Scovell, an officer in British headquarters."
scovell's,3,"{""2022"": 3}",0,
breaking,3,"{""2022"": 2, ""2023"": 1}",2,I became convinced that this story was every bit as exciting and significant as that of Enigma and the breaking of German codes in the Second World War.
london,3,"{""2022"": 1, ""2024"": 1, ""2025"": 1}",1,"There are around 40 official do-it-yourself biology centres across the globe in locations including Paris, London, Sydney, and Tel Aviv."
left,3,"{""2022"": 1, ""2024"": 2}",2,"Nearly 2,000 years ago, as the Romans began to pull out of Scotland, they left behind a curious treasure: 10 tons of nails, nearly a million of the things."
wars,3,"{""2022"": 1, ""2023"": 1, ""2026"": 1}",3,"There may have been many spies and intelligence officers during the Napoleonic Wars, but it is usually extremely difficult to find the material they actually provided or worked on."
usually,3,"{""2022"": 1, ""2023"": 1, ""2026"": 1}",2,"There may have been many spies and intelligence officers during the Napoleonic Wars, but it is usually extremely difficult to find the material they actually provided or worked on."
outside,3,"{""2023"": 1, ""2025"": 1, ""2026"": 1}",3,"They pool resources, collaborate, think outside the box, and find solutions and ways around obstacles to explore science for the sake of science without the traditional boundaries of working inside a formal setting."
building,3,"{""2023"": 2, ""2026"": 1}",1,"The word caravanserai is a combination of the Persian words karvan, which means a group of travellers or a caravan, and sardy, a palace or enclosed building."
travelled,3,"{""2023"": 2, ""2025"": 1}",3,"In recent summers, he has travelled the length and breadth of Britain to photograph all 58 native species of butterfly."
developed,3,"{""2023"": 2, ""2026"": 1}",2,"In 2016, researchers developed an algorithm to recognize suspicious citation patterns, including groups of authors that disproportionately cite one another and groups of journals that cite each other frequently to increase the impact factors of their publications."
night,3,"{""2023"": 1, ""2025"": 2}",2,"Without constant migration of digital assets, a nightmare about the foreseeable future is what keeps historians up at night: a historical record that abruptly stops when digital replace analog."
centres,3,"{""2023"": 1, ""2025"": 2}",2,"There are around 40 official do-it-yourself biology centres across the globe in locations including Paris, London, Sydney, and Tel Aviv."
civilisations,3,"{""2023"": 1, ""2024"": 2}",1,"As a result, these structures became important centres for cultural exchange and interaction, with travellers sharing their cultures, ideas and beliefs, as well as taking knowledge with them, greatly influencing the development of several civilisations."
remain,3,"{""2023"": 2, ""2024"": 1}",2,"It is believed that around 12,000 to 15,000 caravanserais were built along the Silk Road, although only about 3,000 are known to remain today, many of which are in ruins."
located,3,"{""2023"": 1, ""2025"": 1, ""2026"": 1}",2,"The animals could benefit from more research: Currently, there are no published genomes from donkeys located south of the Equator in Africa."
construction,3,"{""2023"": 1, ""2024"": 1, ""2025"": 1}",2,"The miracle of the Chesapeake Bay lies not in its depths, but in the complexity of its natural construction, the interaction of fresh and saline waters, and the mix of land and water."
meeting,3,"{""2023"": 3}",1,Caravanserais served as an informal meeting point for the various people who travelled the Silk Road.
stock,3,"{""2023"": 3}",2,We are not boycotting PRH titles but we are doing our utmost to ensure that availability for customers remains good despite the lower overall levels of stock.
officials,3,"{""2023"": 2, ""2026"": 1}",2,"Perhaps most importantly, these images provided documentary evidence that later made its way to government officials."
taught,3,"{""2023"": 3}",2,"Even if a state is considered a high performer in its science standards, that does not mean it will be taught, he says."
experts,3,"{""2023"": 1, ""2024"": 1, ""2026"": 1}",2,In many cases the experts have a hard time agreeing on what is the real object and what is a forgery.
dispute,3,"{""2023"": 3}",0,
reflect,3,"{""2023"": 2, ""2026"": 1}",2,"Such debates reflect fierce discussions across the US, as researchers, policymakers, teachers and students step up demands for a greater focus on teaching about the facts of climate change in schools."
policymakers,3,"{""2023"": 2, ""2026"": 1}",2,"Such debates reflect fierce discussions across the US, as researchers, policymakers, teachers and students step up demands for a greater focus on teaching about the facts of climate change in schools."
textbooks,3,"{""2023"": 3}",1,"Branch points out that, even if a growing number of official guidelines and textbooks reflect scientific consensus on climate change, unofficial educational materials that convey more slanted perspectives are being distributed to teachers."
widely,3,"{""2023"": 2, ""2026"": 1}",1,"Another issue is that while climate change is well integrated into some subjects and at some ages—such as earth and space sciences in high schools—it is not as well represented in curricula for younger children and in subjects that are more widely taught, such as biology and chemistry."
convey,3,"{""2023"": 2, ""2025"": 1}",1,"Branch points out that, even if a growing number of official guidelines and textbooks reflect scientific consensus on climate change, unofficial educational materials that convey more slanted perspectives are being distributed to teachers."
distributed,3,"{""2023"": 2, ""2024"": 1}",2,"Branch points out that, even if a growing number of official guidelines and textbooks reflect scientific consensus on climate change, unofficial educational materials that convey more slanted perspectives are being distributed to teachers."
prices,3,"{""2023"": 2, ""2026"": 1}",0,
urgency,3,"{""2023"": 2, ""2025"": 1}",0,
come,3,"{""2023"": 2, ""2024"": 1}",1,"After all, many of the most interesting books in recent years have come from small publishers."
taylor,3,"{""2023"": 3}",2,"We are at a crisis level on the supply of rental housing, said Nick Taylor, executive director of the Workforce Housing Coalition of the Greater Seacoast."
executive,3,"{""2023"": 1, ""2025"": 1, ""2026"": 1}",3,"We are at a crisis level on the supply of rental housing, said Nick Taylor, executive director of the Workforce Housing Coalition of the Greater Seacoast."
affordable,3,"{""2023"": 3}",2,"Without enough affordable housing in southern New Hampshire towns, employers are having a hard time attracting employees, and workers are having a hard time finding a place to live, Taylor said."
castle,3,"{""2023"": 3}",1,"However, short-term rentals also provide housing for tourists, pointed out Ryan Castle, CEO of a local association of realtors."
things,3,"{""2023"": 1, ""2024"": 1, ""2026"": 1}",1,"Nearly 2,000 years ago, as the Romans began to pull out of Scotland, they left behind a curious treasure: 10 tons of nails, nearly a million of the things."
build,3,"{""2023"": 1, ""2025"": 1, ""2026"": 1}",2,"Hom said similar registration requirements could benefit struggling cities and towns, but if we want to make a change in the housing market, the main one is we have to build a lot more."
operation,3,"{""2023"": 1, ""2025"": 2}",1,It swiftly became an obsession as he recovered from a successful operation to remove the cancer.
week,3,"{""2023"": 1, ""2025"": 1, ""2026"": 1}",2,"Both of these books are published next week by Penguin Random House (PRH), a company currently involved in a stand-off with Waterstones."
problem,3,"{""2023"": 2, ""2024"": 1}",2,"The problem began late last year, when PRH confirmed that it had introduced a credit limit with Waterstones at a very significant level."
limit,3,"{""2023"": 2, ""2024"": 1}",1,"The problem began late last year, when PRH confirmed that it had introduced a credit limit with Waterstones at a very significant level."
shops,3,"{""2023"": 3}",2,We are hopeful with our shops now open again that normality will return and that we will be allowed to buy appropriately.
busy,3,"{""2023"": 1, ""2024"": 2}",3,"Certainly, our shops are exceptionally busy."
delivering,3,"{""2023"": 2, ""2025"": 1}",2,"The publishing industry talks about diversity in terms of authors and staff but it also needs a plurality of ways of delivering intellectual contact, choice and different voices."
concept,3,"{""2023"": 1, ""2026"": 2}",1,"This concept has served as a central goal for curriculum developers, local school boards, business and community leaders, and policymakers ever since its introduction nearly 80 years ago."
contributors,3,"{""2023"": 3}",3,"Recently, another expression of this predatory behavior has emerged: so-called support service consultancies that provide language and other editorial support to individual authors and to journals sometimes advise contributors to add a number of citations to their articles."
wasn't,3,"{""2023"": 1, ""2024"": 1, ""2026"": 1}",0,
single,3,"{""2023"": 1, ""2026"": 2}",3,These journals can act as milk cows where every single article in an issue may cite a specific paper or a series of papers.
editor,3,"{""2023"": 3}",3,The peculiar part is that the journal that the editor is supposedly working for is not profiting at all—it is just providing citations to other journals.
manipulation,3,"{""2023"": 3}",3,How insidious is this type of citation manipulation?
reorganize,3,"{""2023"": 1, ""2025"": 1, ""2026"": 1}",0,
coherent,3,"{""2023"": 1, ""2025"": 1, ""2026"": 1}",0,
a-h,3,"{""2023"": 1, ""2025"": 1, ""2026"": 1}",0,
filling,3,"{""2023"": 1, ""2025"": 1, ""2026"": 1}",0,
boxes,3,"{""2023"": 1, ""2025"": 1, ""2026"": 1}",0,
correctly,3,"{""2023"": 1, ""2025"": 1, ""2026"": 1}",0,
photographer,3,"{""2023"": 2, ""2025"": 1}",1,"In addition to the entourage of scientists, the team also included artists: Painter Thomas Moran and photographer Jackson were charged with capturing this astounding natural beauty and sharing it with the world."
hayden,3,"{""2023"": 3}",0,
region,3,"{""2023"": 2, ""2026"": 1}",2,One of the turning points in public support for land conservation efforts—and recognizing the magnificence of the Yellowstone region in particular—came in the form of vivid photographs.
asked,3,"{""2023"": 1, ""2024"": 1, ""2025"": 1}",2,"While hunter-gatherer children learnt from observation and imitation in mixed-age playgroups, researchers said that western instructive teaching, where pupils are asked to sit still, may contribute to conditions such as attention deficit hyperactivity disorder."
casual,3,"{""2023"": 1, ""2025"": 1, ""2026"": 1}",1,"Despite these challenges, Jackson captured dozens of striking photos, ranging from majestic images like his now-famous snapshot of Old Faithful, to casual portraits of expedition members at the camp."
length,3,"{""2023"": 1, ""2025"": 2}",3,"While veterans of previous expeditions had written at length about stunning sights, these vivid photographs were another thing entirely."
river,3,"{""2023"": 2, ""2025"": 1}",2,"Over nearly four months, dozens of men made their way on horseback into Montana and traversed along the Yellowstone River and around Yellowstone Lake."
recognized,3,"{""2023"": 1, ""2024"": 1, ""2025"": 1}",1,Contributions of librarians should be recognized.
key,3,"{""2023"": 1, ""2024"": 1, ""2026"": 1}",1,"Parenting tips obtained from hunter-gatherers in Africa may be the key to bringing up more contented children, researchers have suggested."
preferences,3,"{""2023"": 1, ""2026"": 2}",1,"For example, AI can be used to analyse what type of advertising content or copy would be appropriate to speak to a specific target customer group by revealing information about trends and preferences through the analysis of big data."
analysis,3,"{""2023"": 1, ""2025"": 1, ""2026"": 1}",2,"For example, AI can be used to analyse what type of advertising content or copy would be appropriate to speak to a specific target customer group by revealing information about trends and preferences through the analysis of big data."
generate,3,"{""2023"": 1, ""2025"": 1, ""2026"": 1}",2,At the same time Al can also be used to generate content for social media posts and chat sites.
interactions,3,"{""2023"": 3}",3,"The main disadvantage of using AI to respond to customers is that there are concerns about trusting personal interactions to machines, which could lead not only to the subsequent loss of interpersonal connections, but also to a decrease in marketing personnel."
decrease,3,"{""2023"": 1, ""2025"": 2}",2,"The main disadvantage of using AI to respond to customers is that there are concerns about trusting personal interactions to machines, which could lead not only to the subsequent loss of interpersonal connections, but also to a decrease in marketing personnel."
narrative,3,"{""2023"": 1, ""2024"": 2}",2,By allowing AI to develop content some brand marketers may find that they are losing control over the brand narrative.
devices,3,"{""2023"": 1, ""2024"": 1, ""2025"": 1}",2,"Data can be gathered on where the customer can be engaged, such as location, devices used, website interactions, and sites visited, to display marketing messages in appropriate forms, including emails, social media posts, pop-up advertisements, and banners at an appropriate frequency."
sports,3,"{""2023"": 1, ""2024"": 2}",2,"Roman lamps and Roman chariots are very different from LED strips and sports cars, but Roman nails are still clearly nails."
locations,3,"{""2024"": 1, ""2025"": 1, ""2026"": 1}",3,"There are around 40 official do-it-yourself biology centres across the globe in locations including Paris, London, Sydney, and Tel Aviv."
panels,3,"{""2024"": 2, ""2025"": 1}",1,Solar panels had few niche uses until they became cheap; now they are transforming the global energy system.
types,3,"{""2024"": 2, ""2026"": 1}",2,"There are many different types of automatic door, with each relying on specific signals to tell them when to open."
tracing,3,"{""2024"": 2, ""2026"": 1}",0,
adopt,3,"{""2024"": 2, ""2026"": 1}",0,
nail,3,"{""2024"": 3}",2,The nail hoard was discovered in 1960 in a four-metre-deep pit covered by two metres of gravel.
buried,3,"{""2024"": 3}",2,Why had the Romans buried a million nails?
millennia,3,"{""2024"": 1, ""2025"": 2}",2,The Romans buried the nails so deep that they would not be discovered for almost two millennia.
sichel,3,"{""2024"": 3}",1,"According to Sichel, although the falling price of nails was driven partly by cheaper iron and cheaper energy, most of the credit goes to nail manufacturers who simply found more efficient ways to turn steel into nails."
keeping,3,"{""2024"": 1, ""2025"": 2}",2,Keeping digital historical records is a challenge.
obtained,3,"{""2024"": 3}",2,"Parenting tips obtained from hunter-gatherers in Africa may be the key to bringing up more contented children, researchers have suggested."
infants,3,"{""2024"": 3}",2,"Kung children as young as four will help to look after younger ones and baby-wearing, in which infants are carried in slings, is considered the norm."
chaudhary,3,"{""2024"": 3}",2,"According to Dr Nikhil Chaudhary, an evolutionary anthropologist at Cambridge University, these practices, known as alloparenting, could lead to less anxiety for children and parents."
mixed-age,3,"{""2024"": 3}",2,"Another measure could be encouraging friendships between children in different school years, to mirror the unsupervised mixed-age playgroups in hunter-gatherer communities."
intensive,3,"{""2024"": 2, ""2025"": 1}",2,"This abrupt shift to an intensive mothering narrative, which suggests that mothers should manage childcare alone, was likely to have been harmful."
childcare,3,"{""2024"": 3}",1,"This abrupt shift to an intensive mothering narrative, which suggests that mothers should manage childcare alone, was likely to have been harmful."
dangerous,3,"{""2024"": 1, ""2026"": 2}",2,"Such narratives can lead to maternal exhaustion and have dangerous consequences, they wrote."
open-source,3,"{""2024"": 3}",2,His distinctive style is now one of the most commonly used prompts in the new open-source AI art generator Stable Diffusion.
anyone,3,"{""2024"": 1, ""2025"": 2}",3,"The tool, along with other popular image-generation AI models, allows anyone to create impressive images based on text prompts."
miles,3,"{""2024"": 3}",2,"They sometimes travel more than sixty miles to find food or water, and are very good at working out where other elephants are—even when they are out of sight."
raising,3,"{""2024"": 2, ""2026"": 1}",1,"As a result, they are raising tricky questions about ethics and copyright."
epa,3,"{""2024"": 3}",2,Environmental Protection Agency (EPA) far less authority to regulate wetlands and waterways.
news,3,"{""2024"": 1, ""2026"": 2}",2,"In Maryland, the good news is that there are many state laws in place that provide wetlands protections."
draws,3,"{""2024"": 1, ""2026"": 2}",3,"The Chesapeake draws from a 64,000-square-mile watershed that extends into Virginia, Pennsylvania, New York, West Virginia, the District of Columbia and Delaware."
virginia,3,"{""2024"": 2, ""2026"": 1}",1,"The Chesapeake draws from a 64,000-square-mile watershed that extends into Virginia, Pennsylvania, New York, West Virginia, the District of Columbia and Delaware."
epa's,3,"{""2024"": 3}",0,
enormous,3,"{""2024"": 2, ""2026"": 1}",1,And so we would call on state lawmakers from Richmond to Albany to consider reviewing their own wetlands protections and see for themselves the enormous stakes involved.
hand,3,"{""2024"": 2, ""2026"": 1}",2,They cannot be compared to works of art produced for sale which can be passed from hand to hand and place to place by purchase.
exhibit,3,"{""2024"": 2, ""2025"": 1}",2,The context of any exhibit is more important to me than whether the object being displayed is 2000 years old or 2 months old.
reply,3,"{""2024"": 1, ""2025"": 1, ""2026"": 1}",0,
island,3,"{""2025"": 3}",1,They were covered by a thick layer of sand off the island of Laconia.
rehearsal,3,"{""2025"": 3}",1,She added The emotional understanding was very evident and it is probably related to the [rehearsal room process] where you are used to trying to imagine your way through.
vocabulary,3,"{""2025"": 3}",1,"The peer-reviewed results showed that the target group of pupils drew on a wider vocabulary, used words classed as more sophisticated or rarer, and wrote at greater length."
identifying,3,"{""2025"": 3}",2,Identifying with literary characters.
energy-intensive,3,"{""2025"": 3}",2,"The crisis is here, they said, and we need to cut back on our energy-intensive modelling."
ingenuity,3,"{""2025"": 2, ""2026"": 1}",1,"Recognising the hope that science and engineering can bring was the impetus behind the creation of the Millennium Technology Prize, which is now entering its 20th year as a celebration of human ingenuity."
meet,3,"{""2025"": 2, ""2026"": 1}",3,"If the world is to meet its net-zero ambitions, we must think hard about how we can deliver sustainable computing and deliver more LUMIs."
pirates,3,"{""2025"": 3}",2,"But the age of streaming has been a boon for some unintended winners: pirates that use software to rip a film or television show in seconds from legitimate online video platforms and host the titles on their own, illegitimate services, which rake in about $2 billion annually from ads and subscriptions."
entertainment,3,"{""2025"": 1, ""2026"": 2}",1,"In 2017 the association formed the Alliance for Creativity and Entertainment (ACE), an enforcement task force of about 100 detectives circling the globe to help local authorities arrest streaming pirates."
task,3,"{""2025"": 2, ""2026"": 1}",2,"In 2017 the association formed the Alliance for Creativity and Entertainment (ACE), an enforcement task force of about 100 detectives circling the globe to help local authorities arrest streaming pirates."
globe,3,"{""2025"": 2, ""2026"": 1}",3,"In 2017 the association formed the Alliance for Creativity and Entertainment (ACE), an enforcement task force of about 100 detectives circling the globe to help local authorities arrest streaming pirates."
letters,3,"{""2025"": 1, ""2026"": 2}",1,"She draws on letters, diaries and fiction, and a 1939 field notebook of verbatim audience research by Winifred Gill."
tangible,3,"{""2025"": 3}",1,"Thus, librarians digitize the tangible so that researchers the world over can quickly search and access their holdings."
survived,3,"{""2025"": 1, ""2026"": 2}",2,"For millennia, we've known what we've known due to artifacts that have survived, often despite their original creators' neglect."
possible,3,"{""2025"": 2, ""2026"": 1}",2,"Yet how was that universality of access made possible and, perhaps more importantly, how is it maintained?"
assets,3,"{""2025"": 3}",1,"Without constant migration of digital assets, a nightmare about the foreseeable future is what keeps historians up at night: a historical record that abruptly stops when digital replace analog."
i'd,3,"{""2025"": 2, ""2026"": 1}",0,
habits,3,"{""2025"": 1, ""2026"": 2}",1,"But inventions shape all of us and it is worth noticing when techno-social habits do change, and asking whether to control them a bit or shield the youngest."
smartphone,3,"{""2025"": 1, ""2026"": 2}",2,"Scientists have employed a variety of ways to engage the general public in their research, such as making data analysis into an online game or sample collection into a smartphone application."
laboratory,3,"{""2025"": 1, ""2026"": 2}",2,So is it time to take the Petri dish out of the laboratory and into the garage?
offers,3,"{""2026"": 3}",1,"Georgia offers up to 30% in transferable tax credits on film and TV production costs, plus an additional 10% increase on the base tax credit if the project includes a Georgia promotional logo."
dna,3,"{""2026"": 3}",2,"Through their DNA, the animals are telling their history themselves, co-author Samantha Brooks, an equine researcher at the University of Florida, says in a statement."
continent,3,"{""2026"": 3}",2,"They then traced how the animals spread across the rest of the continent into Europe and Asia about 2,500 years later."
sahara,3,"{""2026"": 3}",1,Prehistoric humans may have tamed donkeys to help navigate the expanding Sahara.
incentives,3,"{""2026"": 3}",2,"Other regions in the United States, Canada and Europe have steadily increased incentives to attract TV shows and movies, leaving California in the dust."
georgia,3,"{""2026"": 3}",1,"Georgia offers up to 30% in transferable tax credits on film and TV production costs, plus an additional 10% increase on the base tax credit if the project includes a Georgia promotional logo."
subscribers,3,"{""2026"": 3}",1,"Back then platforms such as Netflix, Amazon and Apple TV hemorrhaged billions of dollars to generate content to attract new subscribers, resulting in 633 scripted series being released that year."
talent,3,"{""2026"": 3}",0,
reith,3,"{""2026"": 3}",2,"Sir John Reith said that it would end isolation of the spirit and rejoiced: It does not matter how many thousands may be listening, there is always enough for others... the genius and the fool, the wealthy and the poor listen simultaneously."
oxford,3,"{""2026"": 3}",2,"Opening this week, a book and exhibition curated by Beatty Rubens at the Bodleian in Oxford records how radio changed everyday life from 1922 to 1939."
brush,3,"{""2026"": 3}",2,A woman says there have been fewer street fights since the arrival of the wireless but also less stopping and talking on the brush handle.
tree-ring,3,"{""2026"": 3}",1,Their North American tree-ring fire-scar network (NAFSN) provided the basis for a study published last month.
blazes,3,"{""2026"": 3}",0,
ecosystems,3,"{""2026"": 3}",2,"Instead, a growing body of research showed that frequent, low-severity fires made many ecosystems healthier."
firefighting,3,"{""2026"": 3}",2,"This deficit is a testament to the effectiveness of modern firefighting, said Kelly Martin, a past president of the International Association of Wildland Fire."
prescribed,3,"{""2026"": 3}",2,"At Yosemite National Park, Martin oversaw the use of what is known as prescribed burns to make the landscape more resilient."
charts,3,"{""2026"": 3}",1,"In your essay, you should 1) describe the charts briefly, 2) interpret the charts, and 3) give your comments."
nonetheless,2,"{""2020"": 1, ""2022"": 1}",1,"Though plants lack brains, the firing of electrical signals in their stems and leaves nonetheless triggered responses that hinted at consciousness, researchers previously reported."
sunday,2,"{""2020"": 2}",1,"Doubtless a piece of boiled beef can always be served up on Sunday alongside some steamed vegetables, without the Yorkshire pudding and no wine."
determined,2,"{""2020"": 1, ""2023"": 1}",1,"Yet as we report now, the food police are determined that this enjoyment should be rendered yet another guilty pleasure guaranteed to damage our health."
pleasure,2,"{""2020"": 1, ""2026"": 1}",1,"Yet as we report now, the food police are determined that this enjoyment should be rendered yet another guilty pleasure guaranteed to damage our health."
health,2,"{""2020"": 2}",2,"Yet as we report now, the food police are determined that this enjoyment should be rendered yet another guilty pleasure guaranteed to damage our health."
compound,2,"{""2020"": 2}",2,The Food Standards Authority (FSA) has issued a public warning about the risks of a compound called acrylamide that forms in some foods cooked at high temperatures.
acrylamide,2,"{""2020"": 2}",2,The Food Standards Authority (FSA) has issued a public warning about the risks of a compound called acrylamide that forms in some foods cooked at high temperatures.
bread,2,"{""2020"": 1, ""2023"": 1}",2,You need to remember where your bread is buttered.
shown,2,"{""2020"": 1, ""2024"": 1}",2,"Using tracking devices, researchers have shown that they have remarkable spatial acuity."
causes,2,"{""2020"": 1, ""2026"": 1}",1,"While studies have shown that acrylamide can cause neurological damage in mice, there is no conclusive evidence that it causes cancer in humans."
satisfy,2,"{""2020"": 1, ""2022"": 1}",1,"Zoos are, in that sense, similar to natural history and archeology museums, serving to satisfy our need for contact with these living creatures while leaving the vast majority undisturbed in their natural environments.: Emma Marris selectively describes and misrepresents the findings of our research."
patience,2,"{""2020"": 1, ""2025"": 1}",0,
guaranteed,2,"{""2020"": 1, ""2021"": 1}",2,"A flashing set of healthy and clean, regular 'pearly whites' was a rare sight in Victorian society, the preserve of the super-rich (and even then, dental hygiene was not guaranteed)."
privileged,2,"{""2020"": 2}",1,But all too often such policies are an insincere form of virtue-signaling that benefits only the most privileged and does little to help average people.
external,2,"{""2020"": 1, ""2023"": 1}",0,
secondary,2,"{""2020"": 1, ""2021"": 1}",1,"But after the war, great social and political changes arising out of the successful war against Fascism created a growing demand in European and American economies for increasing numbers of graduates with more than a secondary school education."
negative,2,"{""2020"": 2}",1,A more direct finding is that people who scored high for negative emotions like anxiety looked at others for shorter periods of time and reported more comfortable feelings when others did not look directly at them.
bound,2,"{""2020"": 1, ""2022"": 1}",0,
insufficient,2,"{""2020"": 1, ""2023"": 1}",0,
combination,2,"{""2020"": 1, ""2023"": 1}",1,"The word caravanserai is a combination of the Persian words karvan, which means a group of travellers or a caravan, and sardy, a palace or enclosed building."
saved,2,"{""2020"": 1, ""2025"": 1}",0,
instance,2,"{""2020"": 1, ""2026"": 1}",0,
gradually,2,"{""2020"": 1, ""2025"": 1}",1,"This area of the Aegean Sea is prone to earthquakes and tsunamis, which caused the city to gradually sink."
promise,2,"{""2020"": 1, ""2022"": 1}",1,But that promise has been found wanting.
campaign,2,"{""2020"": 1, ""2024"": 1}",1,"However, its campaign risks coming a cross as being pushy and overprotective."
pick,2,"{""2020"": 1, ""2026"": 1}",0,
sectionii,2,"{""2020"": 1, ""2021"": 1}",0,
comprehension,2,"{""2020"": 1, ""2021"": 1}",0,
institute,2,"{""2020"": 1, ""2022"": 1}",2,"A group of Labour MPs, among them Yvette Cooper, are bringing in the new year with a call to institute a UK town of culture award."
hull,2,"{""2020"": 2}",1,"The proposal is that it should sit alongside the existing city of culture title, which was held by Hull in 2017, and has been awarded to Coventry for 2021."
confined,2,"{""2020"": 1, ""2022"": 1}",0,
prevented,2,"{""2020"": 2}",0,
attracting,2,"{""2020"": 1, ""2023"": 1}",2,"A town of culture award could, it is argued, become an annual event, attracting funding and creating jobs."
prize,2,"{""2020"": 1, ""2025"": 1}",2,"Some might see the proposal as a booby prize for the fact that Britain is no longer able to apply for the much more prestigious title of European capital of culture, a sought-after award bagged by Glasgow in 1990 and Liverpool in 2008."
capital,2,"{""2020"": 2}",1,"Some might see the proposal as a booby prize for the fact that Britain is no longer able to apply for the much more prestigious title of European capital of culture, a sought-after award bagged by Glasgow in 1990 and Liverpool in 2008."
endless,2,"{""2020"": 1, ""2021"": 1}",2,"A cynic might speculate that the UK is on the verge of disappearing into an endless fever of self-celebration in its desperation to reinvent itself for the post-Brexit world: after town of culture, who knows what will follow—village of culture?"
village,2,"{""2020"": 1, ""2023"": 1}",2,"A cynic might speculate that the UK is on the verge of disappearing into an endless fever of self-celebration in its desperation to reinvent itself for the post-Brexit world: after town of culture, who knows what will follow—village of culture?"
recall,2,"{""2020"": 1, ""2026"": 1}",1,It is also wise to recall that such titles are not a cure-all.
badly,2,"{""2020"": 1, ""2021"": 1}",2,"A badly run year of culture washes in and out of a place like the tide, bringing prominence for a spell but leaving no lasting benefits to the community."
prominence,2,"{""2020"": 2}",1,"A badly run year of culture washes in and out of a place like the tide, bringing prominence for a spell but leaving no lasting benefits to the community."
fill,2,"{""2020"": 1, ""2021"": 1}",2,The really successful holders of such titles are those that do a great deal more than fill hotel bedrooms and bring in high-profile arts events and good press for a year.
press,2,"{""2020"": 1, ""2024"": 1}",2,The really successful holders of such titles are those that do a great deal more than fill hotel bedrooms and bring in high-profile arts events and good press for a year.
aspirations,2,"{""2020"": 2}",1,They transform the aspirations of the people who live there; they nudge the self-image of the city into a bolder and more optimistic light.
remarkable,2,"{""2020"": 1, ""2024"": 1}",2,"It is hard to get right, and requires a remarkable degree of vision, as well as cooperation between city authorities, the private sector, community groups and cultural organisations."
vision,2,"{""2020"": 1, ""2025"": 1}",2,"It is hard to get right, and requires a remarkable degree of vision, as well as cooperation between city authorities, the private sector, community groups and cultural organisations."
certainly,2,"{""2020"": 1, ""2023"": 1}",1,"Certainly, our shops are exceptionally busy."
supporting,2,"{""2020"": 2}",0,
celebrating,2,"{""2020"": 1, ""2025"": 1}",1,"Peters likes to photograph butterflies in a landscape, celebrating the beauty of their surroundings as well as the insects themselves."
welcome,2,"{""2020"": 1, ""2026"": 1}",2,"Jeremy Wright, the culture secretary, should welcome this positive, hope-filled proposal, and tum it into action."
tum,2,"{""2020"": 2}",2,"Jeremy Wright, the culture secretary, should welcome this positive, hope-filled proposal, and tum it into action."
sensible,2,"{""2020"": 1, ""2026"": 1}",0,
endeavours,2,"{""2020"": 1, ""2025"": 1}",0,
brings,2,"{""2020"": 1, ""2025"": 1}",1,"The result is an embarrassment of historical riches, which brings its own needle-and-haystack problems."
long-term,2,"{""2020"": 1, ""2025"": 1}",1,"Have you pondered the life cycle of intangible formats, digital information, given that those who produce these artifacts seldom make provision for their long-term preservation?"
author's,2,"{""2020"": 1, ""2021"": 1}",0,
licence,2,"{""2020"": 2}",1,Scientific publishing has long been a licence to print money.
monetary,2,"{""2020"": 1, ""2024"": 1}",2,"Scientists need journals in which to publish their research, so they will supply the articles without monetary reward."
peer,2,"{""2020"": 2}",1,"Other scientists perform the specialised work of peer review also for free, because it is a central element in the acquisition of status and the production of scientific knowledge."
acquisition,2,"{""2020"": 2}",1,"Other scientists perform the specialised work of peer review also for free, because it is a central element in the acquisition of status and the production of scientific knowledge."
secured,2,"{""2020"": 1, ""2022"": 1}",1,"With the content of papers secured for free, the publisher needs only to find a market for its journal."
margins,2,"{""2020"": 1, ""2025"": 1}",1,"Scientific publishers routinely report profit margins approaching 40% on their operations, at a time when the rest of the publishing industry is in an existential crisis."
approaching,2,"{""2020"": 1, ""2025"": 1}",1,"Scientific publishers routinely report profit margins approaching 40% on their operations, at a time when the rest of the publishing industry is in an existential crisis."
existential,2,"{""2020"": 2}",1,"Scientific publishers routinely report profit margins approaching 40% on their operations, at a time when the rest of the publishing industry is in an existential crisis."
elsevier,2,"{""2020"": 2}",0,
spent,2,"{""2020"": 1, ""2025"": 1}",1,The carbon emissions from technological research are well spent: ultimately this research will safeguard the future of our planet.
enable,2,"{""2020"": 1, ""2024"": 1}",1,"Their well-developed hippocampal structures may enable elephants, like rats and people, to construct cognitive maps."
publicly,2,"{""2020"": 1, ""2024"": 1}",1,And now Climate Change agitators are attacking publicly displayed works in European museums.
funded,2,"{""2020"": 1, ""2023"": 1}",1,They were typically located outside the walls of a city or village and were usually funded by local governments or privately.
figures,2,"{""2020"": 1, ""2022"": 1}",0,
reaction,2,"{""2020"": 1, ""2026"": 1}",1,"The most drastic, and thoroughly illegal, reaction has been the emergence of Sci-Hub, a kind of global photocopier for scientific papers, set up in 2012, which now claims to offer access to every paywalled article published since 2015."
paywalled,2,"{""2020"": 2}",2,"The most drastic, and thoroughly illegal, reaction has been the emergence of Sci-Hub, a kind of global photocopier for scientific papers, set up in 2012, which now claims to offer access to every paywalled article published since 2015."
legally,2,"{""2020"": 1, ""2024"": 1}",2,"The success of Sci-Hub, which relies on researchers passing on copies they have themselves legally accessed, shows the legal ecosystem has lost legitimacy among its users and must be transformed so that it works for all participants."
transformed,2,"{""2020"": 1, ""2024"": 1}",2,"The success of Sci-Hub, which relies on researchers passing on copies they have themselves legally accessed, shows the legal ecosystem has lost legitimacy among its users and must be transformed so that it works for all participants."
participants,2,"{""2020"": 1, ""2022"": 1}",2,"The success of Sci-Hub, which relies on researchers passing on copies they have themselves legally accessed, shows the legal ecosystem has lost legitimacy among its users and must be transformed so that it works for all participants."
freely,2,"{""2020"": 1, ""2024"": 1}",2,"More than half of all British scientific research is now published under open access terms: either freely available from the moment of publication, or paywalled for a year or more so that the publishers can make a profit before being placed on general release."
release,2,"{""2020"": 1, ""2023"": 1}",2,"More than half of all British scientific research is now published under open access terms: either freely available from the moment of publication, or paywalled for a year or more so that the publishers can make a profit before being placed on general release."
pointed,2,"{""2020"": 1, ""2023"": 1}",2,A report last year pointed out that the costs both of subscriptions and of these article preparation costs had been steadily rising at a rate above inflation.
subscriptions,2,"{""2020"": 1, ""2025"": 1}",2,A report last year pointed out that the costs both of subscriptions and of these article preparation costs had been steadily rising at a rate above inflation.
preparation,2,"{""2020"": 1, ""2025"": 1}",1,A report last year pointed out that the costs both of subscriptions and of these article preparation costs had been steadily rising at a rate above inflation.
rising,2,"{""2020"": 1, ""2025"": 1}",2,A report last year pointed out that the costs both of subscriptions and of these article preparation costs had been steadily rising at a rate above inflation.
exchange,2,"{""2020"": 1, ""2023"": 1}",2,"In some ways the scientific publishing model resembles the economy of the social internet: labour is provided free in exchange for the hope of status, while huge profits are made by a few big firms who run the market places."
partly,2,"{""2020"": 1, ""2024"": 1}",1,"According to Sichel, although the falling price of nails was driven partly by cheaper iron and cheaper energy, most of the credit goes to nail manufacturers who simply found more efficient ways to turn steel into nails."
enjoyed,2,"{""2020"": 1, ""2021"": 1}",1,"Even Mark Twain, a man who enjoyed a hearty laugh, said that when it came to photographic portraits there could be nothing more damning than a silly, foolish smile fixed forever."
relieved,2,"{""2020"": 1, ""2024"": 1}",0,
puzzled,2,"{""2020"": 1, ""2024"": 1}",0,
concerned,2,"{""2020"": 2}",1,Haddad and Lewis are concerned that more than half the state-government boards are less than 40 percent female.
render,2,"{""2020"": 1, ""2026"": 1}",1,It may render traditional tactics useless.
easier,2,"{""2020"": 1, ""2024"": 1}",1,"As well as making access both in and out of buildings easier for people, the difference in the way many of these doors open helps reduce the total area occupied by them."
substantially,2,"{""2020"": 1, ""2021"": 1}",1,"In Indonesia, the program has provided enough food and medicine to substantially reduce severe growth problems among children."
financial,2,"{""2020"": 1, ""2025"": 1}",1,"In the information era, large data sets, small teams and financial restrictions have slowed scientific process."
trial,2,"{""2020"": 1, ""2025"": 1}",1,The randomised control trial involved hundreds of year 5 pupils — aged nine and ten — at 45 state primary schools that had not been previously exposed to RSC pedagogy.
offered,2,"{""2020"": 1, ""2026"": 1}",0,
controlled,2,"{""2020"": 1, ""2021"": 1}",0,
path,2,"{""2020"": 1, ""2022"": 1}",2,Progressives often support diversity mandates as a path to equality and a way to level the playing field.
commissions,2,"{""2020"": 2}",2,"A pair of bills sponsored by Massachusetts state Senator Jason Lewis and House Speaker Pro Tempore Patricia Haddad, to ensure gender parity on boards and commissions, provide a case in point."
seats,2,"{""2020"": 2}",2,"If the bills become law, state boards and commissions will be required to set aside 50 percent of board seats for women by 2022."
governor,2,"{""2020"": 1, ""2023"": 1}",2,"In signing the measure, California Governor Jerry Brown admitted that the law, which expressly classifies people on the basis of sex, is probably unconstitutional."
admitted,2,"{""2020"": 1, ""2021"": 1}",2,"In signing the measure, California Governor Jerry Brown admitted that the law, which expressly classifies people on the basis of sex, is probably unconstitutional."
applies,2,"{""2020"": 2}",2,"The US Supreme Court frowns on sex-based classifications unless they are designed to address an important policy interest, Because the California law applies to all boards, even where there is no history of prior discrimination, courts are likely to rule that the law violates the constitutional guarantee of equal protection."
courts,2,"{""2020"": 1, ""2021"": 1}",2,"The US Supreme Court frowns on sex-based classifications unless they are designed to address an important policy interest, Because the California law applies to all boards, even where there is no history of prior discrimination, courts are likely to rule that the law violates the constitutional guarantee of equal protection."
constitutional,2,"{""2020"": 2}",1,"The US Supreme Court frowns on sex-based classifications unless they are designed to address an important policy interest, Because the California law applies to all boards, even where there is no history of prior discrimination, courts are likely to rule that the law violates the constitutional guarantee of equal protection."
equal,2,"{""2020"": 2}",1,"The US Supreme Court frowns on sex-based classifications unless they are designed to address an important policy interest, Because the California law applies to all boards, even where there is no history of prior discrimination, courts are likely to rule that the law violates the constitutional guarantee of equal protection."
population,2,"{""2020"": 1, ""2021"": 1}",2,"Female participation on corporate boards may not currently mirror the percentage of women in the general population, but so what?"
catalyst,2,"{""2020"": 2}",1,"According to a study by Catalyst, between 2010 and 2015 the share of women on the boards of global corporations increased by 54 percent."
corporations,2,"{""2020"": 2}",1,"According to a study by Catalyst, between 2010 and 2015 the share of women on the boards of global corporations increased by 54 percent."
membership,2,"{""2020"": 2}",2,Requiring companies to make gender the primary qualification for board membership will inevitably lead to less experienced private sector boards.
nationwide,2,"{""2020"": 2}",1,That is exactly what happened when Norway adopted a nationwide corporate gender quota.
quota,2,"{""2020"": 2}",1,That is exactly what happened when Norway adopted a nationwide corporate gender quota.
republic,2,"{""2020"": 1, ""2024"": 1}",2,"Writing in The New Republic, Alice Lee notes that increasing the number of opportunities for board membership without increasing the pool of qualified women to serve on such boards has led to a golden skirt phenomenon, where the same elite women scoop up multiple seats on a variety of boards."
pool,2,"{""2020"": 1, ""2025"": 1}",2,"Writing in The New Republic, Alice Lee notes that increasing the number of opportunities for board membership without increasing the pool of qualified women to serve on such boards has led to a golden skirt phenomenon, where the same elite women scoop up multiple seats on a variety of boards."
qualified,2,"{""2020"": 1, ""2022"": 1}",1,"Writing in The New Republic, Alice Lee notes that increasing the number of opportunities for board membership without increasing the pool of qualified women to serve on such boards has led to a golden skirt phenomenon, where the same elite women scoop up multiple seats on a variety of boards."
phenomenon,2,"{""2020"": 1, ""2023"": 1}",1,"Writing in The New Republic, Alice Lee notes that increasing the number of opportunities for board membership without increasing the pool of qualified women to serve on such boards has led to a golden skirt phenomenon, where the same elite women scoop up multiple seats on a variety of boards."
politics,2,"{""2020"": 1, ""2022"": 1}",0,
arbitrary,2,"{""2020"": 1, ""2022"": 1}",1,The premise was that the common law of contract lacked sufficient safeguards for workers against arbitrary conduct by management.
entry,2,"{""2020"": 1, ""2021"": 1}",1,And the demand that rose in those societies for entry to higher education extended to groups and social classes that had not thought of attending a university before the war.
candidates,2,"{""2020"": 1, ""2021"": 1}",1,"AI looks at resumes in greater numbers than humans would be able to, and selects the more promising candidates."
impose,2,"{""2020"": 2}",1,"Last Thursday, the French Senate passed a digital services tax, which would impose an entirely new tax on large multinationals that provide digital services to consumers or users in France."
consumers,2,"{""2020"": 1, ""2021"": 1}",2,"Last Thursday, the French Senate passed a digital services tax, which would impose an entirely new tax on large multinationals that provide digital services to consumers or users in France."
everything,2,"{""2020"": 1, ""2026"": 1}",1,"Digital services include everything from providing a platform for selling goods and services online to targeting advertising based on user data, and the tax applies to gross revenue from such services."
selling,2,"{""2020"": 1, ""2021"": 1}",2,"Digital services include everything from providing a platform for selling goods and services online to targeting advertising based on user data, and the tax applies to gross revenue from such services."
outlets,2,"{""2020"": 1, ""2023"": 1}",2,"Many French politicians and media outlets have referred to this as a GAFA tax, meaning that it is designed to apply primarily to companies such as Google, Apple, Facebook and Amazon—in other words, multinational tech companies based in the United States."
primarily,2,"{""2020"": 1, ""2026"": 1}",2,"Many French politicians and media outlets have referred to this as a GAFA tax, meaning that it is designed to apply primarily to companies such as Google, Apple, Facebook and Amazon—in other words, multinational tech companies based in the United States."
amazon,2,"{""2020"": 1, ""2026"": 1}",2,"Many French politicians and media outlets have referred to this as a GAFA tax, meaning that it is designed to apply primarily to companies such as Google, Apple, Facebook and Amazon—in other words, multinational tech companies based in the United States."
multinational,2,"{""2020"": 2}",1,"Many French politicians and media outlets have referred to this as a GAFA tax, meaning that it is designed to apply primarily to companies such as Google, Apple, Facebook and Amazon—in other words, multinational tech companies based in the United States."
awaits,2,"{""2020"": 1, ""2026"": 1}",2,"The digital services tax now awaits the signature of President Emmanuel Macron, who has expressed support for the measure, and it could go into effect within the next few weeks."
expressed,2,"{""2020"": 1, ""2025"": 1}",1,"The digital services tax now awaits the signature of President Emmanuel Macron, who has expressed support for the measure, and it could go into effect within the next few weeks."
sparked,2,"{""2020"": 1, ""2022"": 1}",1,"But it has already sparked significant controversy, with the United States trade representative opening an investigation into whether the tax discriminates against American companies, which in tum could lead to trade sanctions against France."
investigation,2,"{""2020"": 1, ""2021"": 1}",1,"But it has already sparked significant controversy, with the United States trade representative opening an investigation into whether the tax discriminates against American companies, which in tum could lead to trade sanctions against France."
sanctions,2,"{""2020"": 2}",1,"But it has already sparked significant controversy, with the United States trade representative opening an investigation into whether the tax discriminates against American companies, which in tum could lead to trade sanctions against France."
income,2,"{""2020"": 1, ""2024"": 1}",2,"These unilateral developments differ in their specifics, but they are all designed to tax multinationals on income and revenue that countries believe they should have a right to tax, even if international tax rules do not grant them that right."
grant,2,"{""2020"": 1, ""2023"": 1}",1,"These unilateral developments differ in their specifics, but they are all designed to tax multinationals on income and revenue that countries believe they should have a right to tax, even if international tax rules do not grant them that right."
response,2,"{""2020"": 2}",1,"In response to these many unilateral measures, the Organization for Economic Cooperation and Development (OECD) is currently working with 131 countries to reach a consensus by the end of 2020 on an international solution."
oecd,2,"{""2020"": 1, ""2022"": 1}",2,"In response to these many unilateral measures, the Organization for Economic Cooperation and Development (OECD) is currently working with 131 countries to reach a consensus by the end of 2020 on an international solution."
france's,2,"{""2020"": 2}",0,
suit,2,"{""2020"": 1, ""2024"": 1}",1,"For example, a busy street might not suit a motion-sensored door, as it would constantly be opening for passers-by."
levy,2,"{""2020"": 1, ""2023"": 1}",1,"The bill requires every rental host to register with the state, mandates they carry insurance, and opens the potential for local taxes on top of a new state levy."
giants,2,"{""2020"": 2}",0,
ease,2,"{""2020"": 1, ""2021"": 1}",0,
countermeasures,2,"{""2020"": 1, ""2025"": 1}",1,"While there is some optimism that emerging countermeasures and best practices may see piracy begin to plateau by 2027, there is no consensus among stakeholders as to when it may begin to decline, says analyst Steve Hawley."
ensured,2,"{""2020"": 1, ""2024"": 1}",0,
enjoy,2,"{""2020"": 1, ""2026"": 1}",1,"Reading has also been found to make us more helpful, to reduce bias, and even to increase longevity — something we will enjoy all the more if we have a good book in our hands. (And yes, all these benefits are more closely associated with physical books than digital ones.) Read fiction."
prospects,2,"{""2020"": 1, ""2026"": 1}",0,
confronted,2,"{""2020"": 1, ""2025"": 1}",0,
subheading,2,"{""2020"": 1, ""2021"": 1}",0,
subheadings,2,"{""2020"": 1, ""2021"": 1}",0,
instinctively,2,"{""2020"": 2}",0,
felt,2,"{""2020"": 1, ""2021"": 1}",1,"Before, they might not insure the ones who felt like a high risk or charge them too much, or they would charge them too little and then it would cost the company money."
personality,2,"{""2020"": 2}",1,"In people who score high in a test of neuroticism, a personality dimension associated with self-consciousness and anxiety, eye contact triggered more activity associated with avoidance, according to the Finnish researcher Jari Hietanen and colleagues."
investigated,2,"{""2020"": 1, ""2026"": 1}",0,
political,2,"{""2020"": 1, ""2021"": 1}",2,But it can also be antagonistic such as when a political candidate turns toward their competitor during a debate and makes eye contact that signals hostility.
toward,2,"{""2020"": 2}",2,But it can also be antagonistic such as when a political candidate turns toward their competitor during a debate and makes eye contact that signals hostility.
debate,2,"{""2020"": 1, ""2023"": 1}",1,But it can also be antagonistic such as when a political candidate turns toward their competitor during a debate and makes eye contact that signals hostility.
typical,2,"{""2020"": 1, ""2025"": 1}",1,A typical digital SLR camera shoots 20 frames a second.
infant,2,"{""2020"": 1, ""2024"": 1}",1,An infant born to a hunter-gatherer society could have more than ten caregivers—this contrasts starkly to nursery settings in the UK where regulations call for a ratio of one carer to four children aged two to three.
adulthood,2,"{""2020"": 1, ""2021"": 1}",2,"In adulthood, looking at someone else in a pleasant way can be a complimentary sign of paying attention."
someone,2,"{""2020"": 2}",2,"In adulthood, looking at someone else in a pleasant way can be a complimentary sign of paying attention."
else,2,"{""2020"": 1, ""2024"": 1}",1,"In adulthood, looking at someone else in a pleasant way can be a complimentary sign of paying attention."
catch,2,"{""2020"": 1, ""2025"": 1}",0,
availability,2,"{""2020"": 1, ""2023"": 1}",1,We are not boycotting PRH titles but we are doing our utmost to ensure that availability for customers remains good despite the lower overall levels of stock.
amount,2,"{""2020"": 1, ""2025"": 1}",1,Neuroscientist Bonnie Auyeung found that the hormone oxytocin increased the amount of eye contact from men toward the interviewer during a brief interview when the direction of their gaze was recorded.
symptoms,2,"{""2020"": 1, ""2021"": 1}",1,"This was also found in high-functioning men with some autistic spectrum symptoms, who may tend to avoid eye contact."
regions,2,"{""2020"": 1, ""2026"": 1}",1,"Other regions in the United States, Canada and Europe have steadily increased incentives to attract TV shows and movies, leaving California in the dust."
methods,2,"{""2020"": 1, ""2024"": 1}",1,"Although these methods differ, the main principles remain the same."
julia,2,"{""2020"": 1, ""2024"": 1}",0,
minson,2,"{""2020"": 2}",2,"With the use of eye-tracking technology, Minson of the Harvard Kennedy School of Government concluded that eye contact can signal very different kinds of messages, depending on the situation."
kinds,2,"{""2020"": 1, ""2024"": 1}",2,"With the use of eye-tracking technology, Minson of the Harvard Kennedy School of Government concluded that eye contact can signal very different kinds of messages, depending on the situation."
dominance,2,"{""2020"": 1, ""2023"": 1}",0,
helpful,2,"{""2020"": 1, ""2026"": 1}",2,"Whether you're a politician or a parent, it might be helpful to keep in mind that trying to maintain eye contact may backfire if you're trying to convince someone who has a different set of beliefs than you, said Minson."
spot,2,"{""2020"": 2}",2,"When we look at a face or a picture, our eyes pause on one spot at a time, often on the eyes or mouth."
pauses,2,"{""2020"": 1, ""2021"": 1}",1,"These pauses typically occur at about three per second, and the eyes then jump to another spot, until several important points in the image are registered like a series of snapshots."
occur,2,"{""2020"": 1, ""2021"": 1}",2,"These pauses typically occur at about three per second, and the eyes then jump to another spot, until several important points in the image are registered like a series of snapshots."
whole,2,"{""2020"": 1, ""2025"": 1}",1,How the whole image is then assembled and perceived is still a mystery although it is the subject of current research.
mystery,2,"{""2020"": 1, ""2026"": 1}",2,How the whole image is then assembled and perceived is still a mystery although it is the subject of current research.
score,2,"{""2020"": 1, ""2022"": 1}",1,"In people who score high in a test of neuroticism, a personality dimension associated with self-consciousness and anxiety, eye contact triggered more activity associated with avoidance, according to the Finnish researcher Jari Hietanen and colleagues."
researcher,2,"{""2020"": 1, ""2026"": 1}",2,"In people who score high in a test of neuroticism, a personality dimension associated with self-consciousness and anxiety, eye contact triggered more activity associated with avoidance, according to the Finnish researcher Jari Hietanen and colleagues."
indicate,2,"{""2020"": 1, ""2023"": 1}",1,Our findings indicate that people do not only feel different when they are the centre of attention but that their brain reactions also differ.
scored,2,"{""2020"": 1, ""2021"": 1}",2,A more direct finding is that people who scored high for negative emotions like anxiety looked at others for shorter periods of time and reported more comfortable feelings when others did not look directly at them.
feelings,2,"{""2020"": 1, ""2024"": 1}",2,A more direct finding is that people who scored high for negative emotions like anxiety looked at others for shorter periods of time and reported more comfortable feelings when others did not look directly at them.
directly,2,"{""2020"": 1, ""2025"": 1}",2,A more direct finding is that people who scored high for negative emotions like anxiety looked at others for shorter periods of time and reported more comfortable feelings when others did not look directly at them.
explosion,2,"{""2020"": 1, ""2026"": 1}",1,"We were kept afloat by peak TV, the glut of content that was required by the explosion of streaming services."
logical,2,"{""2020"": 1, ""2026"": 1}",1,Educators advanced the idea of having students complete detailed laboratory exercises in high schools in the belief that such work was beneficial primarily as a way to enhance logical reasoning and observational skills.
church's,2,"{""2020"": 2}",0,
leading,2,"{""2020"": 1, ""2022"": 1}",1,"As science and technology progressed, and divided into more sub-disciplines, the centre was simultaneously looking to a time when leading researchers could also be artists, writers and poets, and vice versa."
territories,2,"{""2020"": 1, ""2023"": 1}",0,
copernicus,2,"{""2020"": 2}",2,"During the Renaissance, the great minds of Nicolaus Copernicus, Johannes Kepler and Galileo Galilei demonstrated the power of scientific study and discovery."
galileo,2,"{""2020"": 2}",2,"During the Renaissance, the great minds of Nicolaus Copernicus, Johannes Kepler and Galileo Galilei demonstrated the power of scientific study and discovery."
revelations,2,"{""2020"": 2}",2,"Before each of their revelations, many thinkers at the time had sustained more ancient ways of thinking, including the geocentric view that the Earth was at the centre of our universe."
universe,2,"{""2020"": 2}",2,"Before each of their revelations, many thinkers at the time had sustained more ancient ways of thinking, including the geocentric view that the Earth was at the centre of our universe."
knew,2,"{""2020"": 2}",2,"Copernicus theorized in 1543 that all of the planets that we knew of revolved not around the Earth, but the Sun, a system that was later upheld by Galileo at his own expense."
expense,2,"{""2020"": 1, ""2021"": 1}",1,"Copernicus theorized in 1543 that all of the planets that we knew of revolved not around the Earth, but the Sun, a system that was later upheld by Galileo at his own expense."
offering,2,"{""2020"": 1, ""2021"": 1}",1,"Offering up such a theory during a time of high tension between scientific and religious minds was branded as heresy, and any such heretics that continued to spread these lies were to be punished by imprisonment or even death."
lies,2,"{""2020"": 1, ""2024"": 1}",2,"Offering up such a theory during a time of high tension between scientific and religious minds was branded as heresy, and any such heretics that continued to spread these lies were to be punished by imprisonment or even death."
suppress,2,"{""2020"": 1, ""2026"": 1}",1,"Despite attempts by the Church to suppress this new generation of logicians and rationalists, more explanations for how the universe functioned were being made at a rate that the people could no longer ignore."
rationalists,2,"{""2020"": 2}",1,"Despite attempts by the Church to suppress this new generation of logicians and rationalists, more explanations for how the universe functioned were being made at a rate that the people could no longer ignore."
founded,2,"{""2020"": 2}",2,It was with these great revelations that a new kind of philosophy founded in reason was born.
born,2,"{""2020"": 1, ""2024"": 1}",2,It was with these great revelations that a new kind of philosophy founded in reason was born.
truth,2,"{""2020"": 2}",1,"It was the purpose and responsibility of great minds to go forth and seek out the truth, which they believed to be founded in knowledge."
radical,2,"{""2020"": 1, ""2024"": 1}",1,The 17th and 18th centuries were times of radical change and curiosity.
curiosity,2,"{""2020"": 1, ""2025"": 1}",2,The 17th and 18th centuries were times of radical change and curiosity.
ideals,2,"{""2020"": 1, ""2026"": 1}",1,"Scientific method, reductionism and the questioning of Church ideals was to be encouraged, as were ideas of liberty, tolerance and progress."
actions,2,"{""2020"": 1, ""2026"": 1}",1,"Such actions to seek knowledge and to understand what information we already knew were captured by the Latin phrase 'sapere aude' or 'dare to know', after Immanuel Kant used it in his essay An Answer to the Question: What is Enlightenment?."
phrase,2,"{""2020"": 1, ""2026"": 1}",1,"Such actions to seek knowledge and to understand what information we already knew were captured by the Latin phrase 'sapere aude' or 'dare to know', after Immanuel Kant used it in his essay An Answer to the Question: What is Enlightenment?."
believed,2,"{""2020"": 1, ""2023"": 1}",2,"It was the purpose and responsibility of great minds to go forth and seek out the truth, which they believed to be founded in knowledge."
assigned,2,"{""2020"": 1, ""2023"": 1}",0,
inform,2,"{""2020"": 1, ""2025"": 1}",0,
contest,2,"{""2020"": 1, ""2022"": 1}",0,
solve,2,"{""2021"": 1, ""2025"": 1}",1,"Fluid intelligence is the type of intelligence that has to do with short-term memory and the ability to think quickly, logically, and abstractly in order to solve new problems."
lean,2,"{""2021"": 2}",2,"The researchers looked at data that included measurements of lean muscle and abdominal fat from more than 4,000 middle-to-older-aged men and women and compared that data to reported changes in fluid intelligence over a six-year period."
worse,2,"{""2021"": 1, ""2022"": 1}",2,"Worse, biodegradable plastics, designed to disintegrate, are increasingly common."
appear,2,"{""2021"": 1, ""2025"": 1}",1,"For women, the association may be attributable to changes in immunity that resulted from excess abdominal fat; in men, the immune system did not appear to be involved."
differences,2,"{""2021"": 1, ""2024"": 1}",1,It is hoped that future studies could explain these differences and perhaps lead to different treatments for men and women.
approaches,2,"{""2021"": 1, ""2026"": 1}",2,Science-based analytical approaches proved remarkably successful in the hunt for German submarines in the Atlantic Ocean.
exercise,2,"{""2021"": 1, ""2022"": 1}",2,"No matter how you enhance enclosures, they do not allow for freedom, a natural diet or adequate exercise."
alternatively,2,"{""2021"": 1, ""2026"": 1}",0,
detection,2,"{""2021"": 1, ""2026"": 1}",0,
consumption,2,"{""2021"": 1, ""2026"": 1}",0,
predicted,2,"{""2021"": 1, ""2023"": 1}",0,
devoted,2,"{""2021"": 1, ""2025"": 1}",1,"Yet researchers can take some comfort in the fact that there are a multitude of librarians devoted to discovering, organizing, and preserving digital information for researchers current and future."
applied,2,"{""2021"": 1, ""2022"": 1}",1,But these provisions create difficulties for businesses when applied to highly paid managers and executives.
managed,2,"{""2021"": 2}",1,"Yes, more investment is needed, but passengers will not be willing to pay more indefinitely if they must also endure cramped, unreliable services, interrupted by regular chaos when timetables are changed, or planned maintenance is managed incompetently."
ran,2,"{""2021"": 2}",1,"Nature gave us lips to conceal our teeth, ran one popular Victorian saying, alluding to the fact that before the birth of proper dentistry, mouths were often in a shocking state of hygiene."
drew,2,"{""2021"": 1, ""2025"": 1}",1,"The peer-reviewed results showed that the target group of pupils drew on a wider vocabulary, used words classed as more sophisticated or rarer, and wrote at greater length."
parallel,2,"{""2021"": 1, ""2024"": 1}",1,"The Gutenberg printing press transformed civilisation not by changing the nature of writing but by changing its cost—and it would have achieved little without a parallel collapse in the price of surfaces to write on, thanks to an often-overlooked technology called paper."
restored,2,"{""2021"": 1, ""2024"": 1}",0,
meanwhile,2,"{""2021"": 2}",2,"Insurance companies, meanwhile, can base their premiums on AI models that more accurately assess risk."
watch,2,"{""2021"": 1, ""2025"": 1}",0,
design,2,"{""2021"": 1, ""2022"": 1}",0,
diet,2,"{""2021"": 1, ""2022"": 1}",2,"No matter how you enhance enclosures, they do not allow for freedom, a natural diet or adequate exercise."
possibly,2,"{""2021"": 1, ""2025"": 1}",0,
justify,2,"{""2021"": 1, ""2022"": 1}",1,Yet mediocrity is no longer enough to justify a dismissal.
passenger,2,"{""2021"": 2}",0,
reliable,2,"{""2021"": 2}",2,"It has become a grimly reliable annual ritual: every January the cost of travelling by train rises, imposing a significant extra burden on those who have no option but to use the rail network to get to work or otherwise."
rises,2,"{""2021"": 2}",2,"It has become a grimly reliable annual ritual: every January the cost of travelling by train rises, imposing a significant extra burden on those who have no option but to use the rail network to get to work or otherwise."
investing,2,"{""2021"": 1, ""2022"": 1}",1,"Successive governments have permitted such increases on the grounds that the cost of investing in and running the rail network should be borne by those who use it, rather than the general taxpayer."
stockbroker,2,"{""2021"": 2}",1,"Why, the argument goes, should a car-driving pensioner from Lincolnshire have to subsidise the daily commute of a stockbroker from Surrey?"
equally,2,"{""2021"": 1, ""2025"": 1}",1,"Equally, there is a sense that the travails of commuters in the South East, many of whom will face among the biggest rises, have received too much attention compared to those who must endure the relatively poor infrastructure of the Midlands and the North."
biggest,2,"{""2021"": 1, ""2023"": 1}",1,"Equally, there is a sense that the travails of commuters in the South East, many of whom will face among the biggest rises, have received too much attention compared to those who must endure the relatively poor infrastructure of the Midlands and the North."
endure,2,"{""2021"": 2}",2,"Equally, there is a sense that the travails of commuters in the South East, many of whom will face among the biggest rises, have received too much attention compared to those who must endure the relatively poor infrastructure of the Midlands and the North."
expect,2,"{""2021"": 1, ""2024"": 1}",1,"It is all very well train operators trumpeting the improvements they are making to the network, but passengers should be able to expect a basic level of service for the substantial sums they are now paying to travel."
sums,2,"{""2021"": 1, ""2026"": 1}",1,"It is all very well train operators trumpeting the improvements they are making to the network, but passengers should be able to expect a basic level of service for the substantial sums they are now paying to travel."
unions,2,"{""2021"": 2}",1,The responsibility for the latest wave of strikes rests on the unions.
affected,2,"{""2021"": 2}",2,"However, there is a strong case that those who have been worst affected by industrial action should receive compensation for the disruption they have suffered."
compensation,2,"{""2021"": 2}",1,"However, there is a strong case that those who have been worst affected by industrial action should receive compensation for the disruption they have suffered."
suffered,2,"{""2021"": 2}",1,"However, there is a strong case that those who have been worst affected by industrial action should receive compensation for the disruption they have suffered."
continue,2,"{""2021"": 1, ""2022"": 1}",2,"The Government has pledged to change the law to introduce a minimum service requirement so that, even when strikes occur, services can continue to operate."
railways,2,"{""2021"": 2}",0,
nationalisation,2,"{""2021"": 2}",1,"The threat of nationalisation may have been seen off for now, but it will return with a vengeance if the justified anger of passengers is not addressed in short order."
justified,2,"{""2021"": 1, ""2022"": 1}",2,"The threat of nationalisation may have been seen off for now, but it will return with a vengeance if the justified anger of passengers is not addressed in short order."
pace,2,"{""2021"": 2}",0,
indicated,2,"{""2021"": 1, ""2026"": 1}",0,
adequate,2,"{""2021"": 1, ""2022"": 1}",1,"No matter how you enhance enclosures, they do not allow for freedom, a natural diet or adequate exercise."
collapse,2,"{""2021"": 1, ""2024"": 1}",1,"The Gutenberg printing press transformed civilisation not by changing the nature of writing but by changing its cost—and it would have achieved little without a parallel collapse in the price of surfaces to write on, thanks to an often-overlooked technology called paper."
slowed,2,"{""2021"": 1, ""2025"": 1}",1,"In the information era, large data sets, small teams and financial restrictions have slowed scientific process."
country's,2,"{""2021"": 1, ""2022"": 1}",0,
inequality,2,"{""2021"": 2}",1,"Called conditional cash transfers or CCTs, these social assistance programs are designed to reduce inequality and break the cycle of poverty."
break,2,"{""2021"": 1, ""2022"": 1}",1,"Called conditional cash transfers or CCTs, these social assistance programs are designed to reduce inequality and break the cycle of poverty."
cycle,2,"{""2021"": 1, ""2025"": 1}",2,"Called conditional cash transfers or CCTs, these social assistance programs are designed to reduce inequality and break the cycle of poverty."
alleviation,2,"{""2021"": 2}",1,"In fact, poverty alleviation and environmental protection are often viewed as conflicting goals, says Paul Ferraro, an economist at Johns Hopkins University."
correlated,2,"{""2021"": 2}",0,
degradation,2,"{""2021"": 2}",0,
mexico,2,"{""2021"": 2}",1,"The only previous study analyzing causality, based on an area in Mexico that had instituted CCTs, supported the traditional view."
cattle,2,"{""2021"": 2}",1,"There, as people got more money, some of them may have more cleared land for cattle to raise for meat, Ferraro says."
negatively,2,"{""2021"": 1, ""2023"": 1}",1,"Such programs do not have to negatively affect the environment, though."
wanted,2,"{""2021"": 1, ""2022"": 1}",1,He wanted viewers to walk around on the carpets—whichmeant they had to be durable.
showing,2,"{""2021"": 1, ""2025"": 1}",1,"Peters' signature shot is a butterfly take-off, showing the multiple wing-beats of one butterfly in one frame as it lifts off from a flower."
rice,2,"{""2021"": 2}",2,"Typically, if rains are delayed, people may clear land to plant more rice to supplement their harvests."
supplement,2,"{""2021"": 2}",2,"Typically, if rains are delayed, people may clear land to plant more rice to supplement their harvests."
harvests,2,"{""2021"": 2}",2,"Typically, if rains are delayed, people may clear land to plant more rice to supplement their harvests."
transfer,2,"{""2021"": 1, ""2024"": 1}",2,"Ferraro suggests the results may transfer to other parts of Asia, due to commonalities such as the importance of growing rice and market access."
asia,2,"{""2021"": 1, ""2026"": 1}",2,"Ferraro suggests the results may transfer to other parts of Asia, due to commonalities such as the importance of growing rice and market access."
transferability,2,"{""2021"": 2}",0,
dioxide,2,"{""2021"": 1, ""2025"": 1}",0,
facilitate,2,"{""2021"": 1, ""2024"": 1}",0,
reform,2,"{""2021"": 1, ""2024"": 1}",0,
farmers,2,"{""2021"": 1, ""2024"": 1}",0,
acceptance,2,"{""2021"": 1, ""2022"": 1}",0,
boost,2,"{""2021"": 1, ""2023"": 1}",1,The function of the milk cow journals is to boost citation counts for certain authors. help scholars publish articles at low cost. instruct first-time contributors in citation. increase the readership of new journals.
debates,2,"{""2021"": 1, ""2023"": 1}",1,"Such debates reflect fierce discussions across the US, as researchers, policymakers, teachers and students step up demands for a greater focus on teaching about the facts of climate change in schools."
historian,2,"{""2021"": 1, ""2023"": 1}",0,
ancestors,2,"{""2021"": 1, ""2026"": 1}",0,
twitter,2,"{""2021"": 2}",1,"I've found quite a few, and—since I started posting them on Twitter—they have been causing quite a stir."
stir,2,"{""2021"": 1, ""2022"": 1}",1,"I've found quite a few, and—since I started posting them on Twitter—they have been causing quite a stir."
laugh,2,"{""2021"": 2}",2,"People have been surprised to see evidence that Victorians had fun and could, and did, laugh."
suddenly,2,"{""2021"": 1, ""2026"": 1}",1,They are noting that the Victorians suddenly seem to become more human as the hundred-or-so years that separate us fade away through our common experience of laughter.
separate,2,"{""2021"": 1, ""2022"": 1}",1,They are noting that the Victorians suddenly seem to become more human as the hundred-or-so years that separate us fade away through our common experience of laughter.
created,2,"{""2021"": 2}",2,"Of course, I need to concede that my collection of 'Smiling Victorians' makes up only a tiny percentage of the vast catalogue of photographic portraiture created between 1840 and 1900, the majority of which show sitters posing miserably and stiffly in front of painted backdrops, or staring absently into the middle distance."
sitters,2,"{""2021"": 2}",1,"Of course, I need to concede that my collection of 'Smiling Victorians' makes up only a tiny percentage of the vast catalogue of photographic portraiture created between 1840 and 1900, the majority of which show sitters posing miserably and stiffly in front of painted backdrops, or staring absently into the middle distance."
front,2,"{""2021"": 1, ""2026"": 1}",1,"Of course, I need to concede that my collection of 'Smiling Victorians' makes up only a tiny percentage of the vast catalogue of photographic portraiture created between 1840 and 1900, the majority of which show sitters posing miserably and stiffly in front of painted backdrops, or staring absently into the middle distance."
painted,2,"{""2021"": 1, ""2025"": 1}",2,"Of course, I need to concede that my collection of 'Smiling Victorians' makes up only a tiny percentage of the vast catalogue of photographic portraiture created between 1840 and 1900, the majority of which show sitters posing miserably and stiffly in front of painted backdrops, or staring absently into the middle distance."
distance,2,"{""2021"": 1, ""2024"": 1}",2,"Of course, I need to concede that my collection of 'Smiling Victorians' makes up only a tiny percentage of the vast catalogue of photographic portraiture created between 1840 and 1900, the majority of which show sitters posing miserably and stiffly in front of painted backdrops, or staring absently into the middle distance."
producing,2,"{""2021"": 1, ""2025"": 1}",0,
copper,2,"{""2021"": 1, ""2025"": 1}",1,It was a musician who discovered the planet Uranus in the 18th century by making his own telescope with mirrors composed of copper and tin.
plate,2,"{""2021"": 1, ""2023"": 1}",1,"Throughout the trip, Jackson juggled multiple cameras and plate sizes using the collodion process that involved coating the plates with a chemical mixture, exposing them and developing the resulting images with a portable darkroom."
complete,2,"{""2021"": 1, ""2026"": 1}",1,Educators advanced the idea of having students complete detailed laboratory exercises in high schools in the belief that such work was beneficial primarily as a way to enhance logical reasoning and observational skills.
shifted,2,"{""2021"": 1, ""2026"": 1}",0,
adjusted,2,"{""2021"": 1, ""2025"": 1}",0,
fixed,2,"{""2021"": 2}",2,"The thought of holding a fixed grin as the camera performed its magical duties was too much to contemplate, and so non-committal blank stare became the norm."
performed,2,"{""2021"": 1, ""2022"": 1}",1,"The thought of holding a fixed grin as the camera performed its magical duties was too much to contemplate, and so non-committal blank stare became the norm."
introduction,2,"{""2021"": 1, ""2026"": 1}",1,"This concept has served as a central goal for curriculum developers, local school boards, business and community leaders, and policymakers ever since its introduction nearly 80 years ago."
box,2,"{""2021"": 1, ""2025"": 1}",1,"They pool resources, collaborate, think outside the box, and find solutions and ways around obstacles to explore science for the sake of science without the traditional boundaries of working inside a formal setting."
portable,2,"{""2021"": 1, ""2023"": 1}",1,"Throughout the trip, Jackson juggled multiple cameras and plate sizes using the collodion process that involved coating the plates with a chemical mixture, exposing them and developing the resulting images with a portable darkroom."
cameras,2,"{""2021"": 1, ""2023"": 1}",1,"Throughout the trip, Jackson juggled multiple cameras and plate sizes using the collodion process that involved coating the plates with a chemical mixture, exposing them and developing the resulting images with a portable darkroom."
today's,2,"{""2021"": 1, ""2022"": 1}",0,
dignity,2,"{""2021"": 1, ""2024"": 1}",2,One explanation might be the loss of dignity displayed through a cheesy grin.
teeth,2,"{""2021"": 2}",1,"Nature gave us lips to conceal our teeth, ran one popular Victorian saying, alluding to the fact that before the birth of proper dentistry, mouths were often in a shocking state of hygiene."
saying,2,"{""2021"": 1, ""2025"": 1}",1,"Nature gave us lips to conceal our teeth, ran one popular Victorian saying, alluding to the fact that before the birth of proper dentistry, mouths were often in a shocking state of hygiene."
hygiene,2,"{""2021"": 2}",2,"Nature gave us lips to conceal our teeth, ran one popular Victorian saying, alluding to the fact that before the birth of proper dentistry, mouths were often in a shocking state of hygiene."
clean,2,"{""2021"": 1, ""2024"": 1}",2,"A flashing set of healthy and clean, regular 'pearly whites' was a rare sight in Victorian society, the preserve of the super-rich (and even then, dental hygiene was not guaranteed)."
rare,2,"{""2021"": 2}",1,"A flashing set of healthy and clean, regular 'pearly whites' was a rare sight in Victorian society, the preserve of the super-rich (and even then, dental hygiene was not guaranteed)."
sight,2,"{""2021"": 1, ""2024"": 1}",2,"A flashing set of healthy and clean, regular 'pearly whites' was a rare sight in Victorian society, the preserve of the super-rich (and even then, dental hygiene was not guaranteed)."
dental,2,"{""2021"": 2}",1,"A flashing set of healthy and clean, regular 'pearly whites' was a rare sight in Victorian society, the preserve of the super-rich (and even then, dental hygiene was not guaranteed)."
lacked,2,"{""2021"": 1, ""2022"": 1}",1,The premise was that the common law of contract lacked sufficient safeguards for workers against arbitrary conduct by management.
hall,2,"{""2021"": 1, ""2022"": 1}",1,"This is not to say that there is no point in getting a degree, but rather stress that a degree is not for everyone, that the switch from classroom to lecture hall is not an inevitable one and that other options are available."
performers,2,"{""2021"": 1, ""2023"": 1}",0,
wide,2,"{""2021"": 1, ""2026"": 1}",0,
twain,2,"{""2021"": 2}",1,"Even Mark Twain, a man who enjoyed a hearty laugh, said that when it came to photographic portraits there could be nothing more damning than a silly, foolish smile fixed forever."
impression,2,"{""2021"": 1, ""2023"": 1}",0,
unhealthy,2,"{""2021"": 1, ""2022"": 1}",1,Animals end up stressed and unhealthy or dead.
condition,2,"{""2021"": 1, ""2022"": 1}",1,They are profitable institutions whose bottom line is much more important than the condition of the animals.
controversial,2,"{""2021"": 1, ""2024"": 1}",0,
advocates,2,"{""2021"": 1, ""2023"": 1}",2,"From the early days of broadband, advocates for consumers and web-based companies worried that the cable and phone companies selling broadband connections had the power and incentive to favor affiliated websites over their rivals'."
web-based,2,"{""2021"": 2}",1,"From the early days of broadband, advocates for consumers and web-based companies worried that the cable and phone companies selling broadband connections had the power and incentive to favor affiliated websites over their rivals'."
phone,2,"{""2021"": 2}",2,"From the early days of broadband, advocates for consumers and web-based companies worried that the cable and phone companies selling broadband connections had the power and incentive to favor affiliated websites over their rivals'."
favor,2,"{""2021"": 1, ""2023"": 1}",2,"From the early days of broadband, advocates for consumers and web-based companies worried that the cable and phone companies selling broadband connections had the power and incentive to favor affiliated websites over their rivals'."
picking,2,"{""2021"": 2}",1,We're also giving our customers better channels versus picking up the phone to accomplish something beyond human scale.
losers,2,"{""2021"": 1, ""2023"": 1}",1,"In the meantime, PRH authors have been the losers."
anti-regulatory,2,"{""2021"": 2}",1,"Yet that demand has been almost impossible to fill—in part because of pushback from broadband providers, anti-regulatory conservatives and the courts."
tuesday,2,"{""2021"": 2}",2,"A federal appeals court weighed in again Tuesday, but instead of providing a badly needed resolution, it only prolonged the fight."
resolution,2,"{""2021"": 2}",1,"A federal appeals court weighed in again Tuesday, but instead of providing a badly needed resolution, it only prolonged the fight."
district,2,"{""2021"": 1, ""2024"": 1}",2,"Court of Appeals for the District of Columbia Circuit was the latest take of the Federal Communications Commission (FCC) on net neutrality, adopted on a party-line vote in 2017."
columbia,2,"{""2021"": 1, ""2024"": 1}",2,"Court of Appeals for the District of Columbia Circuit was the latest take of the Federal Communications Commission (FCC) on net neutrality, adopted on a party-line vote in 2017."
communications,2,"{""2021"": 1, ""2023"": 1}",2,"Court of Appeals for the District of Columbia Circuit was the latest take of the Federal Communications Commission (FCC) on net neutrality, adopted on a party-line vote in 2017."
democratic,2,"{""2021"": 1, ""2024"": 1}",1,One previous study looked at the Efé people of the Democratic Republic of Congo.
commission's,2,"{""2021"": 2}",0,
anti-competitive,2,"{""2021"": 2}",0,
judge,2,"{""2021"": 2}",1,"But Judge Patricia Millett rightly argued in a concurring opinion that the result is unhinged from the realities of modern broadband service, and said Congress or the Supreme Court could intervene to avoid trapping Internet regulation in technological anachronism."
millett,2,"{""2021"": 2}",1,"But Judge Patricia Millett rightly argued in a concurring opinion that the result is unhinged from the realities of modern broadband service, and said Congress or the Supreme Court could intervene to avoid trapping Internet regulation in technological anachronism."
intervene,2,"{""2021"": 2}",1,"But Judge Patricia Millett rightly argued in a concurring opinion that the result is unhinged from the realities of modern broadband service, and said Congress or the Supreme Court could intervene to avoid trapping Internet regulation in technological anachronism."
meantime,2,"{""2021"": 1, ""2023"": 1}",1,"In the meantime, PRH authors have been the losers."
wake,2,"{""2021"": 2}",1,Each of these manifestations of growth carried its own peculiar problems in its wake.
traffic,2,"{""2021"": 2}",1,It needs to give the commission explicit authority once and for all to bar broadband providers from meddling in the traffic on their network and to create clear rules protecting openness and innovation online.
intensify,2,"{""2021"": 1, ""2022"": 1}",0,
allowed,2,"{""2021"": 1, ""2023"": 1}",1,We are hopeful with our shops now open again that normality will return and that we will be allowed to buy appropriately.
pursuit,2,"{""2021"": 1, ""2025"": 1}",0,
court's,2,"{""2021"": 1, ""2024"": 1}",0,
odds,2,"{""2021"": 1, ""2024"": 1}",1,"This narrowing of the regulatory scope was a victory for builders, mining operators and other commercial interests often at odds with environmental rules."
rulings,2,"{""2021"": 1, ""2024"": 1}",1,"It is too easy, and misleading, to see such court rulings as merely standing up for the rights of land owners when the consequences can be so dire for their neighbors."
focuses,2,"{""2021"": 1, ""2026"": 1}",0,
supervision,2,"{""2021"": 1, ""2023"": 1}",0,
industries,2,"{""2021"": 1, ""2024"": 1}",2,A recent survey of manufacturing and service industries from Tata Consultancy Services found that companies currently use AI more often in computer-to-computer activities than in automating human activities.
replacing,2,"{""2021"": 1, ""2024"": 1}",2,Here are a few ways AI is aiding companies without replacing employees: Better hiring practices Companies are using artificial intelligence to remove some of the unconscious bias from hiring decisions.
algorithm,2,"{""2021"": 1, ""2023"": 1}",2,"There are experiments that show that, naturally, the results of interviews are much more biased than what AI does, says Pedro Domingos, author of The Master Algorithm: How the Quest for the Ultimate Learning Machine Will Remake Our World and a computer science professor at the University of Washington."
optimize,2,"{""2021"": 2}",2,More effective marketing Some AI software can analyze and optimize marketing email subject lines to increase open rates.
lines,2,"{""2021"": 1, ""2025"": 1}",1,More effective marketing Some AI software can analyze and optimize marketing email subject lines to increase open rates.
winston,2,"{""2021"": 2}",2,"Winston, a professor of artificial intelligence and computer science at MIT."
base,2,"{""2021"": 1, ""2026"": 1}",2,"Insurance companies, meanwhile, can base their premiums on AI models that more accurately assess risk."
improved,2,"{""2021"": 1, ""2026"": 1}",1,"Domingos says, Improved accuracy Machine learning often provides a more reliable form of statistics which makes data more valuable, says Winston."
transportation,2,"{""2021"": 1, ""2023"": 1}",1,"The crude technique required educated guesses on exposure times, and involved heavy, awkward equipment—several men had to assist in its transportation."
equipment,2,"{""2021"": 1, ""2023"": 1}",1,"The crude technique required educated guesses on exposure times, and involved heavy, awkward equipment—several men had to assist in its transportation."
channels,2,"{""2021"": 2}",2,"There are also companies like Acquisio, which analyzes advertising performance across multiple channels like Adwords, Bing and social media and makes adjustments or suggestions about where advertising funds will yield best results."
suggestions,2,"{""2021"": 2}",1,"There are also companies like Acquisio, which analyzes advertising performance across multiple channels like Adwords, Bing and social media and makes adjustments or suggestions about where advertising funds will yield best results."
funds,2,"{""2021"": 1, ""2026"": 1}",1,"There are also companies like Acquisio, which analyzes advertising performance across multiple channels like Adwords, Bing and social media and makes adjustments or suggestions about where advertising funds will yield best results."
yield,2,"{""2021"": 1, ""2024"": 1}",1,"There are also companies like Acquisio, which analyzes advertising performance across multiple channels like Adwords, Bing and social media and makes adjustments or suggestions about where advertising funds will yield best results."
giving,2,"{""2021"": 1, ""2025"": 1}",1,We're also giving our customers better channels versus picking up the phone to accomplish something beyond human scale.
scale,2,"{""2021"": 1, ""2025"": 1}",2,We're also giving our customers better channels versus picking up the phone to accomplish something beyond human scale.
contracts,2,"{""2021"": 2}",2,"One accounting firm, BY, uses an AI system that helps review contracts during an audit."
faster,2,"{""2021"": 1, ""2025"": 1}",2,"This process, along with employees reviewing the contracts, is faster and more accurate."
selects,2,"{""2021"": 1, ""2026"": 1}",2,"AI looks at resumes in greater numbers than humans would be able to, and selects the more promising candidates."
promising,2,"{""2021"": 1, ""2022"": 1}",1,"AI looks at resumes in greater numbers than humans would be able to, and selects the more promising candidates."
predict,2,"{""2021"": 1, ""2026"": 1}",0,
watershed,2,"{""2021"": 1, ""2024"": 1}",1,"The Chesapeake draws from a 64,000-square-mile watershed that extends into Virginia, Pennsylvania, New York, West Virginia, the District of Columbia and Delaware."
classes,2,"{""2021"": 1, ""2023"": 1}",1,And the demand that rose in those societies for entry to higher education extended to groups and social classes that had not thought of attending a university before the war.
expansion,2,"{""2021"": 1, ""2025"": 1}",0,
beginning,2,"{""2021"": 1, ""2022"": 1}",1,"Beginning in 2006, some scientists have argued that plants possess neuron-like cells that interact with hormones and neurotransmitters, forming a plant nervous system, analogous to that in animals, said lead study author Lincoln Taiz."
developing,2,"{""2021"": 1, ""2023"": 1}",1,"Throughout the trip, Jackson juggled multiple cameras and plate sizes using the collodion process that involved coating the plates with a chemical mixture, exposing them and developing the resulting images with a portable darkroom."
doubled,2,"{""2021"": 2}",0,
eight,2,"{""2021"": 1, ""2024"": 1}",1,"It found that infants had an average of 14 alloparents a day by the time they were 18 weeks old, and were passed between caregivers eight times an hour."
reflected,2,"{""2021"": 1, ""2023"": 1}",1,"And third, growth was reflected in changes in the proportion of the relevant age group enrolled in institutions of higher education."
enrolled,2,"{""2021"": 1, ""2026"": 1}",1,"And third, growth was reflected in changes in the proportion of the relevant age group enrolled in institutions of higher education."
peculiar,2,"{""2021"": 1, ""2023"": 1}",2,Each of these manifestations of growth carried its own peculiar problems in its wake.
governance,2,"{""2021"": 2}",1,"For example, a high growth rate placed great strains on the existing structures of governance, of administration, and above all of socialization."
grows,2,"{""2021"": 2}",2,"When a faculty or department grows from, say, five to 20 members within three or four years, and when the new staff are predominantly young men and women fresh from postgraduate study, they largely define the norms of academic life in that faculty."
fresh,2,"{""2021"": 1, ""2024"": 1}",2,"When a faculty or department grows from, say, five to 20 members within three or four years, and when the new staff are predominantly young men and women fresh from postgraduate study, they largely define the norms of academic life in that faculty."
relationship,2,"{""2021"": 1, ""2023"": 1}",2,"And if the postgraduate student population also grows rapidly and there is loss of a close apprenticeship relationship between faculty members and students, the student culture becomes the chief socializing force for new postgraduate students, with consequences for the intellectual and academic life of the institution—this was seen in America as well as in France, Italy, West Germany, and Japan."
institution,2,"{""2021"": 1, ""2024"": 1}",1,"And if the postgraduate student population also grows rapidly and there is loss of a close apprenticeship relationship between faculty members and students, the student culture becomes the chief socializing force for new postgraduate students, with consequences for the intellectual and academic life of the institution—this was seen in America as well as in France, Italy, West Germany, and Japan."
america,2,"{""2021"": 1, ""2025"": 1}",1,"And if the postgraduate student population also grows rapidly and there is loss of a close apprenticeship relationship between faculty members and students, the student culture becomes the chief socializing force for new postgraduate students, with consequences for the intellectual and academic life of the institution—this was seen in America as well as in France, Italy, West Germany, and Japan."
chances,2,"{""2021"": 1, ""2022"": 1}",1,High growth rates increased the chances for academic innovation; they also weakened the forms and processes by which teachers and students are admitted into a community of scholars during periods of stability or slow growth.
friend,2,"{""2021"": 1, ""2026"": 1}",0,
china,2,"{""2021"": 1, ""2023"": 1}",0,
root,2,"{""2022"": 2}",1,They even claimed that plants have 'brain-like command centers' at their root tips.
brains,2,"{""2022"": 1, ""2025"": 1}",2,"A citizen science-based approach can extend the field of vision and include different ideas and different brains to problem-solve and create, making innovation faster and more effective."
fascinating,2,"{""2022"": 2}",2,"His tale of self-improvement and hard work would make a fascinating biography in its own right, but represents something more than that."
so-called,2,"{""2022"": 1, ""2023"": 1}",2,"Recently, another expression of this predatory behavior has emerged: so-called support service consultancies that provide language and other editorial support to individual authors and to journals sometimes advise contributors to add a number of citations to their articles."
interact,2,"{""2022"": 1, ""2023"": 1}",2,"Algorithms used to simulate human interactions are creating many of these concerns, especially as no-one is quite sure what the outcomes of using AI to interact with customers will be."
nervous,2,"{""2022"": 2}",1,"Beginning in 2006, some scientists have argued that plants possess neuron-like cells that interact with hormones and neurotransmitters, forming a plant nervous system, analogous to that in animals, said lead study author Lincoln Taiz."
taiz,2,"{""2022"": 2}",2,"Beginning in 2006, some scientists have argued that plants possess neuron-like cells that interact with hormones and neurotransmitters, forming a plant nervous system, analogous to that in animals, said lead study author Lincoln Taiz."
claimed,2,"{""2022"": 2}",2,Both the wildlife park and zoo claimed to be operating for the benefit of the animals and for conservation purposes.
command,2,"{""2022"": 1, ""2026"": 1}",1,They even claimed that plants have 'brain-like command centers' at their root tips.
tips,2,"{""2022"": 1, ""2024"": 1}",2,"Parenting tips obtained from hunter-gatherers in Africa may be the key to bringing up more contented children, researchers have suggested."
simplify,2,"{""2022"": 1, ""2026"": 1}",1,"This perspective makes sense if you simplify the workings of a complex brain, reducing it to an array of electrical pulses; cells in plants also communicate through electrical signals."
anyway,2,"{""2022"": 1, ""2023"": 1}",0,
suffers,2,"{""2022"": 2}",1,Society also suffers from excessive employment protections.
doubted,2,"{""2022"": 1, ""2023"": 1}",0,
adapting,2,"{""2022"": 1, ""2024"": 1}",0,
perspective,2,"{""2022"": 2}",1,"This perspective makes sense if you simplify the workings of a complex brain, reducing it to an array of electrical pulses; cells in plants also communicate through electrical signals."
exposing,2,"{""2022"": 1, ""2023"": 1}",1,"Throughout the trip, Jackson juggled multiple cameras and plate sizes using the collodion process that involved coating the plates with a chemical mixture, exposing them and developing the resulting images with a portable darkroom."
questioned,2,"{""2022"": 1, ""2026"": 1}",1,Its effectiveness is questioned by the public.
added,2,"{""2022"": 1, ""2025"": 1}",2,She added The emotional understanding was very evident and it is probably related to the [rehearsal room process] where you are used to trying to imagine your way through.
everywhere,2,"{""2022"": 1, ""2025"": 1}",1,"It was amazing weather and there were painted lady butterflies everywhere, he says."
crack,2,"{""2022"": 1, ""2025"": 1}",1,They crack and frizzle.
disney,2,"{""2022"": 1, ""2025"": 1}",2,"The variety of plastic objects at risk is dizzying: early radios, avant-garde sculptures, celluloid animation stills from Disney films, the first artificial heart."
heart,2,"{""2022"": 1, ""2026"": 1}",2,"The variety of plastic objects at risk is dizzying: early radios, avant-garde sculptures, celluloid animation stills from Disney films, the first artificial heart."
vulnerable,2,"{""2022"": 2}",0,
mix,2,"{""2022"": 1, ""2024"": 1}",1,"The miracle of the Chesapeake Bay lies not in its depths, but in the complexity of its natural construction, the interaction of fresh and saline waters, and the mix of land and water."
ingredients,2,"{""2022"": 2}",0,
polymer,2,"{""2022"": 2}",1,Van Oosten callsthose chemicals sunscreens because their goal was to prevent further lightdamage and rebuild worn polymer fibers.
retiring,2,"{""2022"": 1, ""2023"": 1}",1,"The trade magazine The Bookseller reported that Waterstones branch managers were being told to remove PRH books from prominent areas such as tables, display spaces and windows, and were quietly retiring them to their relevant sections."
amounts,2,"{""2022"": 1, ""2025"": 1}",0,
bomb,2,"{""2022"": 1, ""2026"": 1}",1,The object you make is already a time bomb.
roses,2,"{""2022"": 2}",1,"Thosepieces included small beds of roses and other items as well as a few dozen nature carpets — large rectangles decorated with foam pumpkins, cabbages, and watermelons."
carpets,2,"{""2022"": 2}",2,"Thosepieces included small beds of roses and other items as well as a few dozen nature carpets — large rectangles decorated with foam pumpkins, cabbages, and watermelons."
pumpkins,2,"{""2022"": 2}",1,"Thosepieces included small beds of roses and other items as well as a few dozen nature carpets — large rectangles decorated with foam pumpkins, cabbages, and watermelons."
walk,2,"{""2022"": 1, ""2026"": 1}",2,He wanted viewers to walk around on the carpets—whichmeant they had to be durable.
inherently,2,"{""2022"": 2}",1,"Unfortunately, the polyurethane foam he used is inherently unstable."
mid,2,"{""2022"": 1, ""2024"": 1}",0,
stories,2,"{""2022"": 1, ""2026"": 1}",1,"Some are drawn to what I think of as business car crash books — the stories of Theranos, Purdue, or WeWork."
stake,2,"{""2022"": 2}",1,And more is at stake here than individual objects.
restoration,2,"{""2022"": 1, ""2023"": 1}",1,"Joana Lia Ferreira, an assistant professor of conservation and restoration at the NOVA School of Science and Technology, notes that archaeologists first defined the great material ages of human history—Stone Age, Iron Age, and so on—after examining artifacts in museums."
outdated,2,"{""2022"": 2}",1,She uses outdated research and decades-old examples to undermine the noble mission of organizations committed to connecting children to a world beyond their own.
collections,2,"{""2022"": 1, ""2025"": 1}",0,
flawed,2,"{""2022"": 1, ""2024"": 1}",0,
artworks,2,"{""2022"": 1, ""2024"": 1}",0,
visitors,2,"{""2022"": 1, ""2024"": 1}",0,
unpopular,2,"{""2022"": 1, ""2025"": 1}",0,
inspire,2,"{""2022"": 1, ""2024"": 1}",1,"Artifacts in museums have the power to inspire, and perhaps spark that need to learn and understand the nature of their creators."
significance,2,"{""2022"": 2}",0,
undergraduate,2,"{""2022"": 2}",0,
stage,2,"{""2022"": 2}",0,
degrees,2,"{""2022"": 2}",1,"As degrees became universal, they became devalued."
secure,2,"{""2022"": 1, ""2024"": 1}",1,Education was no longer a secure route of social mobility.
mobility,2,"{""2022"": 2}",1,Education was no longer a secure route of social mobility.
non-graduate,2,"{""2022"": 2}",1,"Today, 28 per cent of graduates in the UK are in non-graduate roles, a percentage which is double the average among the OECD countries."
double,2,"{""2022"": 1, ""2026"": 1}",1,"Today, 28 per cent of graduates in the UK are in non-graduate roles, a percentage which is double the average among the OECD countries."
classroom,2,"{""2022"": 1, ""2025"": 1}",1,"This is not to say that there is no point in getting a degree, but rather stress that a degree is not for everyone, that the switch from classroom to lecture hall is not an inevitable one and that other options are available."
leavers,2,"{""2022"": 2}",1,Employers have long seen the advantages of hiring school leavers who often prove themselves to be more committed and loyal employees than graduates.
committed,2,"{""2022"": 2}",2,Employers have long seen the advantages of hiring school leavers who often prove themselves to be more committed and loyal employees than graduates.
loyal,2,"{""2022"": 1, ""2023"": 1}",1,Employers have long seen the advantages of hiring school leavers who often prove themselves to be more committed and loyal employees than graduates.
seeing,2,"{""2022"": 1, ""2026"": 1}",1,Many too are seeing the advantages of scrapping a degree requirement for certain roles.
desired,2,"{""2022"": 2}",1,"For those for whom a degree is the desired route, consider that this may well be the first of many."
postgraduates,2,"{""2022"": 2}",1,Postgraduates now earn 40 per cent more than graduates.
earn,2,"{""2022"": 2}",1,Postgraduates now earn 40 per cent more than graduates.
stay,2,"{""2022"": 1, ""2026"": 1}",1,"If, like most business people, you spend your life dashing from office to plane, train to home, boardroom to washroom, what you really need to do is stay in more, sit down — and read a book."
pressures,2,"{""2022"": 1, ""2026"": 1}",1,"It has been estimated that this generation, due to the pressures of technology, the wish for personal fulfilment and desire for diversity, will work for 17 different employers over the course of their working life and have five different careers."
wish,2,"{""2022"": 1, ""2023"": 1}",2,"It has been estimated that this generation, due to the pressures of technology, the wish for personal fulfilment and desire for diversity, will work for 17 different employers over the course of their working life and have five different careers."
desire,2,"{""2022"": 1, ""2026"": 1}",1,"It has been estimated that this generation, due to the pressures of technology, the wish for personal fulfilment and desire for diversity, will work for 17 different employers over the course of their working life and have five different careers."
core,2,"{""2022"": 2}",1,"Artists and scientists alike are immersed in discovery and invention, and challenge and critique are core to both, too."
generations,2,"{""2022"": 1, ""2024"": 1}",2,Older generations often talk about their degree in the present and personal tense: 'I am a geographer' or 'I am a classicist'.
necessity,2,"{""2022"": 1, ""2023"": 1}",0,
reflects,2,"{""2022"": 1, ""2023"": 1}",0,
skilled,2,"{""2022"": 1, ""2024"": 1}",0,
realistic,2,"{""2022"": 1, ""2025"": 1}",1,The goals of researchers ought to be realistic.
advised,2,"{""2022"": 1, ""2024"": 1}",0,
educators,2,"{""2022"": 1, ""2026"": 1}",1,Educators advanced the idea of having students complete detailed laboratory exercises in high schools in the belief that such work was beneficial primarily as a way to enhance logical reasoning and observational skills.
partnerships,2,"{""2022"": 1, ""2024"": 1}",2,These were some of the words that Nature readers used to describe their experience of art-science collaborations in a series of articles on partnerships between artists and researchers.
encouraging,2,"{""2022"": 1, ""2024"": 1}",2,Such an encouraging result is not surprising.
broader,2,"{""2022"": 1, ""2025"": 1}",1,"Artists help scientists reach a broader audience and make emotional connections that enhance learning, one respondent said."
scenes,2,"{""2022"": 1, ""2026"": 1}",1,"Different parts of our brain engage as we simulate scenes, characters and mental states."
sydney,2,"{""2022"": 1, ""2025"": 1}",1,"There are around 40 official do-it-yourself biology centres across the globe in locations including Paris, London, Sydney, and Tel Aviv."
reworked,2,"{""2022"": 2}",0,
creative,2,"{""2022"": 1, ""2026"": 1}",0,
partnership,2,"{""2022"": 2}",1,But a genuine partnership must be a two-way street.
assist,2,"{""2022"": 1, ""2023"": 1}",2,"Fewer artists than scientists responded to the Nature poll, however, several respondents noted that artists do not simply assist scientists with their communication requirements."
nor,2,"{""2022"": 2}",1,Nor should their work be considered only as an object of study.
alliances,2,"{""2022"": 2}",0,
shared,2,"{""2022"": 1, ""2024"": 1}",0,
critique,2,"{""2022"": 2}",1,"Artists and scientists alike are immersed in discovery and invention, and challenge and critique are core to both, too."
founders,2,"{""2022"": 2}",1,The founders deliberately focused their projects around light—hence the visual studies in the name.
collaboration,2,"{""2022"": 2}",1,"Light was something that both artists and scientists had an interest in, and therefore could form the basis of collaboration."
divided,2,"{""2022"": 1, ""2025"": 1}",1,"As science and technology progressed, and divided into more sub-disciplines, the centre was simultaneously looking to a time when leading researchers could also be artists, writers and poets, and vice versa."
simultaneously,2,"{""2022"": 1, ""2026"": 1}",2,"As science and technology progressed, and divided into more sub-disciplines, the centre was simultaneously looking to a time when leading researchers could also be artists, writers and poets, and vice versa."
caught,2,"{""2022"": 1, ""2026"": 1}",1,"In my own book about radio I recorded how, on one drive: I caught up with the news, learnt some 17th-century history, and was startlingly educated by an unpretentious programme on the history of the stethoscope."
favorable,2,"{""2022"": 1, ""2023"": 1}",0,
heated,2,"{""2022"": 1, ""2024"": 1}",0,
disputes,2,"{""2022"": 1, ""2024"": 1}",0,
innovations,2,"{""2022"": 1, ""2026"": 1}",0,
reputation,2,"{""2022"": 1, ""2023"": 1}",1,"The careers of scientists and the reputation of their institutions depend on the number and prestige of the papers they produce, but even more so on the citations attracted by these papers."
headed,2,"{""2022"": 1, ""2024"": 1}",1,"When finding their way to waterholes, they headed off in exactly the right direction, on one occasion from a distance of roughly thirty miles."
expectations,2,"{""2022"": 1, ""2026"": 1}",0,
zealand's,2,"{""2022"": 2}",0,
dismissals,2,"{""2022"": 2}",2,"Instead, dismissals must be justified."
contract,2,"{""2022"": 2}",2,The premise was that the common law of contract lacked sufficient safeguards for workers against arbitrary conduct by management.
countless,2,"{""2022"": 1, ""2026"": 1}",2,"As countless boards and business owners will attest, constraining firms from firing poorly performing, high-earning managers is a handbrake on boosting productivity and overall performance."
poorly,2,"{""2022"": 2}",1,"As countless boards and business owners will attest, constraining firms from firing poorly performing, high-earning managers is a handbrake on boosting productivity and overall performance."
performing,2,"{""2022"": 2}",1,"As countless boards and business owners will attest, constraining firms from firing poorly performing, high-earning managers is a handbrake on boosting productivity and overall performance."
introduced,2,"{""2022"": 1, ""2023"": 1}",2,Consequently—and paradoxically—laws introduced to protect the jobs of ordinary workers may be placing those jobs at risk.
placing,2,"{""2022"": 2}",2,Consequently—and paradoxically—laws introduced to protect the jobs of ordinary workers may be placing those jobs at risk.
dismissing,2,"{""2022"": 2}",1,"If not placing jobs at risk, to the extent employment protection laws constrain business owners from dismissing under-performing managers, those laws act as a constraint on firm productivity and therefore on workers' wages."
paradox,2,"{""2022"": 2}",1,"Across the Tasman Sea, Australia deals with the unjustified dismissal paradox by excluding employees earning above a specified high-income threshold from the protection of its unfair dismissal laws."
era's,2,"{""2022"": 2}",0,
cautious,2,"{""2022"": 1, ""2024"": 1}",1,"Because employment protection laws make it costlier to fire an employee, employers are more cautious about hiring new staff."
marginal,2,"{""2022"": 1, ""2025"": 1}",1,This makes it harder for the marginal manager to gain employment.
arrangement,2,"{""2022"": 1, ""2024"": 1}",2,And firms pay staff less because firms carry the burden of the employment arrangement going wrong.
well-being,2,"{""2022"": 2}",2,Stringent job dismissal regulations adversely affect productivity growth and hamper both prosperity and overall well-being.
voted,2,"{""2022"": 1, ""2023"": 1}",2,"However, the mechanisms proposed were unwieldy and the Bill was voted down following the change in government later that year."
punish,2,"{""2022"": 1, ""2023"": 1}",0,
limiting,2,"{""2022"": 1, ""2025"": 1}",0,
lose,2,"{""2022"": 1, ""2023"": 1}",1,Highly paid managers lose their jobs.
beneficial,2,"{""2022"": 1, ""2026"": 1}",1,Educators advanced the idea of having students complete detailed laboratory exercises in high schools in the belief that such work was beneficial primarily as a way to enhance logical reasoning and observational skills.
practice,2,"{""2022"": 1, ""2024"": 1}",0,
person's,2,"{""2022"": 1, ""2026"": 1}",0,
purposes,2,"{""2022"": 1, ""2024"": 1}",2,Both the wildlife park and zoo claimed to be operating for the benefit of the animals and for conservation purposes.
contributions,2,"{""2022"": 1, ""2025"": 1}",2,Neither one of them actually participated in any contributions to animal research or conservation.
profitable,2,"{""2022"": 1, ""2025"": 1}",2,They are profitable institutions whose bottom line is much more important than the condition of the animals.
dead,2,"{""2022"": 1, ""2026"": 1}",2,Animals end up stressed and unhealthy or dead.
eliminate,2,"{""2022"": 1, ""2026"": 1}",0,
zoology,2,"{""2022"": 2}",1,The zoology program at my university attracts students for whom zoo visits were the crucial formative experience that led them to major in biological sciences.
attracts,2,"{""2022"": 1, ""2024"": 1}",1,The zoology program at my university attracts students for whom zoo visits were the crucial formative experience that led them to major in biological sciences.
mostly,2,"{""2022"": 1, ""2025"": 1}",2,"These are mostly students who had no opportunity as children to travel to wilderness areas, wildlife refuges or national parks."
wilderness,2,"{""2022"": 2}",2,"These are mostly students who had no opportunity as children to travel to wilderness areas, wildlife refuges or national parks."
refuges,2,"{""2022"": 1, ""2024"": 1}",1,"These are mostly students who had no opportunity as children to travel to wilderness areas, wildlife refuges or national parks."
parks,2,"{""2022"": 1, ""2025"": 1}",2,"These are mostly students who had no opportunity as children to travel to wilderness areas, wildlife refuges or national parks."
intense,2,"{""2022"": 1, ""2026"": 1}",0,
immersive,2,"{""2022"": 1, ""2026"": 1}",0,
connecting,2,"{""2022"": 2}",2,She uses outdated research and decades-old examples to undermine the noble mission of organizations committed to connecting children to a world beyond their own.
camp,2,"{""2022"": 1, ""2023"": 1}",2,"A distressed animal in a zoo will get as good or better treatment than most of us at our local hospital.: As a fellow environmentalist, animal-protection advocate and longtime vegetarian, I could properly be in the same camp as Emma Marris on the issue of zoos."
captivity,2,"{""2022"": 2}",2,"But I believe that well-run zoos, and the heroic animals that suffer their captivity, do serve a higher purpose."
serving,2,"{""2022"": 1, ""2025"": 1}",2,"Zoos are, in that sense, similar to natural history and archeology museums, serving to satisfy our need for contact with these living creatures while leaving the vast majority undisturbed in their natural environments.: Emma Marris selectively describes and misrepresents the findings of our research."
undisturbed,2,"{""2022"": 1, ""2025"": 1}",1,"Zoos are, in that sense, similar to natural history and archeology museums, serving to satisfy our need for contact with these living creatures while leaving the vast majority undisturbed in their natural environments.: Emma Marris selectively describes and misrepresents the findings of our research."
environments,2,"{""2022"": 1, ""2024"": 1}",2,"Zoos are, in that sense, similar to natural history and archeology museums, serving to satisfy our need for contact with these living creatures while leaving the vast majority undisturbed in their natural environments.: Emma Marris selectively describes and misrepresents the findings of our research."
encounter,2,"{""2022"": 1, ""2025"": 1}",1,"They afford an opportunity for people from all backgrounds to encounter a range of animals, from drone bees to springbok or salmon, to better understand the natural world we live in."
bees,2,"{""2022"": 1, ""2025"": 1}",2,"They afford an opportunity for people from all backgrounds to encounter a range of animals, from drone bees to springbok or salmon, to better understand the natural world we live in."
spare,2,"{""2022"": 1, ""2023"": 1}",1,Zoos which spare no effort to take care of animals should not be subjected to unfair criticism.
subjected,2,"{""2022"": 1, ""2023"": 1}",2,Zoos which spare no effort to take care of animals should not be subjected to unfair criticism.
spend,2,"{""2022"": 1, ""2026"": 1}",2,To pressure zoos to spend less on their animals would lead to inhumane outcomes for the precious creatures in their care.
save,2,"{""2022"": 1, ""2026"": 1}",1,Zoos save people trips to wilderness areas and thus contribute to wildlife conservation.
alternative,2,"{""2022"": 1, ""2026"": 1}",2,"For wild animals that cannot be returned to their natural habitats, zoos offer the best alternative."
closed,2,"{""2022"": 1, ""2025"": 1}",2,Zoos should have been closed down as they prioritize money making over animals' wellbeing.
link,2,"{""2022"": 1, ""2026"": 1}",1,Marris distorts our findings which actually prove that zoos serve as an indispensable link between man and nature.
paris,2,"{""2022"": 1, ""2025"": 1}",1,"There are around 40 official do-it-yourself biology centres across the globe in locations including Paris, London, Sydney, and Tel Aviv."
forces,2,"{""2022"": 1, ""2023"": 1}",0,
unknown,2,"{""2022"": 1, ""2025"": 1}",1,"It was also, and this is unknown even to many people well read about the period, a battle between those who made codes and those who broke them."
codes,2,"{""2022"": 2}",2,"It was also, and this is unknown even to many people well read about the period, a battle between those who made codes and those who broke them."
broke,2,"{""2022"": 1, ""2024"": 1}",2,"It was also, and this is unknown even to many people well read about the period, a battle between those who made codes and those who broke them."
napoleonic,2,"{""2022"": 2}",1,"There may have been many spies and intelligence officers during the Napoleonic Wars, but it is usually extremely difficult to find the material they actually provided or worked on."
oman's,2,"{""2022"": 2}",0,
volume,2,"{""2022"": 1, ""2026"": 1}",1,"Even as California lost a huge volume of production to other locations, there was still plenty of film production taking place in Los Angeles before this year."
attached,2,"{""2022"": 1, ""2024"": 1}",0,
appendix,2,"{""2022"": 2}",0,
scovell,2,"{""2022"": 2}",1,"It listed many documents in code that had been captured from the French army of Spain, and whose secrets had been revealed by the work of one George Scovell, an officer in British headquarters."
documents,2,"{""2022"": 1, ""2025"": 1}",1,"It listed many documents in code that had been captured from the French army of Spain, and whose secrets had been revealed by the work of one George Scovell, an officer in British headquarters."
code,2,"{""2022"": 2}",2,"It listed many documents in code that had been captured from the French army of Spain, and whose secrets had been revealed by the work of one George Scovell, an officer in British headquarters."
revealed,2,"{""2022"": 1, ""2025"": 1}",2,"It listed many documents in code that had been captured from the French army of Spain, and whose secrets had been revealed by the work of one George Scovell, an officer in British headquarters."
headquarters,2,"{""2022"": 2}",1,"It listed many documents in code that had been captured from the French army of Spain, and whose secrets had been revealed by the work of one George Scovell, an officer in British headquarters."
convinced,2,"{""2022"": 1, ""2024"": 1}",2,I became convinced that this story was every bit as exciting and significant as that of Enigma and the breaking of German codes in the Second World War.
german,2,"{""2022"": 1, ""2026"": 1}",2,I became convinced that this story was every bit as exciting and significant as that of Enigma and the breaking of German codes in the Second World War.
office,2,"{""2022"": 1, ""2026"": 1}",1,"If, like most business people, you spend your life dashing from office to plane, train to home, boardroom to washroom, what you really need to do is stay in more, sit down — and read a book."
extensive,2,"{""2022"": 1, ""2023"": 1}",0,
priceless,2,"{""2022"": 1, ""2026"": 1}",1,"What was more, many original French dispatches had been preserved in this collection, which I realized was priceless."
extremely,2,"{""2022"": 1, ""2025"": 1}",2,"There may have been many spies and intelligence officers during the Napoleonic Wars, but it is usually extremely difficult to find the material they actually provided or worked on."
speak,2,"{""2022"": 1, ""2023"": 1}",2,"Just as the code breaking has its wider relevance in the struggle for Spain, so his attempts to make his way up the promotion ladder speak volumes about British society."
volumes,2,"{""2022"": 1, ""2024"": 1}",1,"Just as the code breaking has its wider relevance in the struggle for Spain, so his attempts to make his way up the promotion ladder speak volumes about British society."
caravan,2,"{""2023"": 2}",2,"The word caravanserai is a combination of the Persian words karvan, which means a group of travellers or a caravan, and sardy, a palace or enclosed building."
reasons,2,"{""2023"": 1, ""2024"": 1}",1,"The term caravan was used to describe groups of people who travelled together across the ancient network for safety reasons, such as merchants, travellers or pilgrims."
merchants,2,"{""2023"": 2}",2,"The term caravan was used to describe groups of people who travelled together across the ancient network for safety reasons, such as merchants, travellers or pilgrims."
routes,2,"{""2023"": 1, ""2024"": 1}",2,"The researchers are convinced that the elephants always know precisely where they are in relation to all the resources they need, and can therefore take shortcuts, as well as following familiar routes."
safe,2,"{""2023"": 1, ""2024"": 1}",2,"Nothing is absolutely safe, nowhere."
extreme,2,"{""2023"": 2}",1,Travellers on the Silk Road faced the possibility of being attacked by thieves or being subjected to extreme weather conditions.
day's,2,"{""2023"": 1, ""2024"": 1}",0,
interaction,2,"{""2023"": 1, ""2024"": 1}",2,"The miracle of the Chesapeake Bay lies not in its depths, but in the complexity of its natural construction, the interaction of fresh and saline waters, and the mix of land and water."
cultures,2,"{""2023"": 1, ""2024"": 1}",2,"Stealing artifacts from other peoples' cultures is obscene; it robs not only the physical objects, but the dignity and spirit of their creators."
stop,2,"{""2023"": 2}",1,"Indeed, it was frequently the first stop for merchants looking to sell their wares and stock up on supplies for their own journeys."
occupied,2,"{""2023"": 1, ""2024"": 1}",1,"As well as making access both in and out of buildings easier for people, the difference in the way many of these doors open helps reduce the total area occupied by them."
apart,2,"{""2023"": 1, ""2026"": 1}",0,
accepted,2,"{""2023"": 2}",0,
opposed,2,"{""2023"": 2}",0,
occasion,2,"{""2023"": 1, ""2024"": 1}",1,"When finding their way to waterholes, they headed off in exactly the right direction, on one occasion from a distance of roughly thirty miles."
comparison,2,"{""2023"": 1, ""2026"": 1}",0,
spite,2,"{""2023"": 1, ""2025"": 1}",0,
completing,2,"{""2023"": 2}",0,
aided,2,"{""2023"": 1, ""2025"": 1}",1,Caravanserais were also an important marketplace for commodities and aided in the trade of goods along the Silk Road.
heat,2,"{""2023"": 1, ""2025"": 1}",1,"Established in an old paper mill, it is powered by a nearby river and its remote heat warms the people who live in the surrounding town of Kajaani."
hardy,2,"{""2023"": 2}",0,
panic,2,"{""2023"": 2}",1,"There are as many scientists working against all the panic of global climate change as there are those who are pushing it, she claims."
pushing,2,"{""2023"": 1, ""2024"": 1}",2,"There are as many scientists working against all the panic of global climate change as there are those who are pushing it, she claims."
quinn,2,"{""2023"": 2}",1,"Board members like her casually dismiss the career work of scholars and scientists as just another misguided opinion, says Dan Quinn, senior communications strategist at the Texas Freedom Network, a non-profit group that monitors public education."
non-profit,2,"{""2023"": 2}",1,"Board members like her casually dismiss the career work of scholars and scientists as just another misguided opinion, says Dan Quinn, senior communications strategist at the Texas Freedom Network, a non-profit group that monitors public education."
fierce,2,"{""2023"": 1, ""2024"": 1}",1,"Such debates reflect fierce discussions across the US, as researchers, policymakers, teachers and students step up demands for a greater focus on teaching about the facts of climate change in schools."
facts,2,"{""2023"": 1, ""2026"": 1}",2,"Such debates reflect fierce discussions across the US, as researchers, policymakers, teachers and students step up demands for a greater focus on teaching about the facts of climate change in schools."
grade,2,"{""2023"": 2}",0,
director,2,"{""2023"": 2}",1,"We are at a crisis level on the supply of rental housing, said Nick Taylor, executive director of the Workforce Housing Coalition of the Greater Seacoast."
setting,2,"{""2023"": 1, ""2025"": 1}",1,"They pool resources, collaborate, think outside the box, and find solutions and ways around obstacles to explore science for the sake of science without the traditional boundaries of working inside a formal setting."
state-level,2,"{""2023"": 2}",0,
subjects,2,"{""2023"": 2}",1,"Another issue is that while climate change is well integrated into some subjects and at some ages—such as earth and space sciences in high schools—it is not as well represented in curricula for younger children and in subjects that are more widely taught, such as biology and chemistry."
younger,2,"{""2023"": 1, ""2024"": 1}",2,"Another issue is that while climate change is well integrated into some subjects and at some ages—such as earth and space sciences in high schools—it is not as well represented in curricula for younger children and in subjects that are more widely taught, such as biology and chemistry."
prominent,2,"{""2023"": 2}",2,It is also less prominent in many social studies courses.
shift,2,"{""2023"": 1, ""2024"": 1}",1,"This abrupt shift to an intensive mothering narrative, which suggests that mothers should manage childcare alone, was likely to have been harmful."
atmosphere,2,"{""2023"": 1, ""2025"": 1}",0,
reluctant,2,"{""2023"": 1, ""2025"": 1}",0,
rewrite,2,"{""2023"": 1, ""2025"": 1}",0,
cater,2,"{""2023"": 1, ""2026"": 1}",0,
england,2,"{""2023"": 2}",0,
buy,2,"{""2023"": 2}",1,We are hopeful with our shops now open again that normality will return and that we will be allowed to buy appropriately.
hampshire,2,"{""2023"": 2}",2,"In New Hampshire, where the rental vacancy rate has dropped below 1 percent, housing advocates fear unchecked short-term rentals will put further pressure on an already strained market."
vacancy,2,"{""2023"": 2}",1,"In New Hampshire, where the rental vacancy rate has dropped below 1 percent, housing advocates fear unchecked short-term rentals will put further pressure on an already strained market."
workforce,2,"{""2023"": 1, ""2026"": 1}",2,"We are at a crisis level on the supply of rental housing, said Nick Taylor, executive director of the Workforce Housing Coalition of the Greater Seacoast."
coalition,2,"{""2023"": 1, ""2024"": 1}",2,"We are at a crisis level on the supply of rental housing, said Nick Taylor, executive director of the Workforce Housing Coalition of the Greater Seacoast."
tourism,2,"{""2023"": 2}",0,
large-scale,2,"{""2023"": 1, ""2025"": 1}",1,"Issues arise, however, when developers attempt to create large-scale short-term rental facilities—de facto hotels—to bypass taxes and regulations."
regulated,2,"{""2023"": 2}",1,"For AI to be successful, data needs to be accessible, but the use of personal data is becoming more regulated and the automated sharing of data is becoming more difficult."
charlie,2,"{""2023"": 1, ""2025"": 1}",2,"At the end of 2018, Governor Charlie Baker of Massachusetts signed a bill to rein in those potential investor-buyers."
signed,2,"{""2023"": 2}",1,"At the end of 2018, Governor Charlie Baker of Massachusetts signed a bill to rein in those potential investor-buyers."
host,2,"{""2023"": 1, ""2025"": 1}",2,"The bill requires every rental host to register with the state, mandates they carry insurance, and opens the potential for local taxes on top of a new state levy."
register,2,"{""2023"": 2}",1,"The bill requires every rental host to register with the state, mandates they carry insurance, and opens the potential for local taxes on top of a new state levy."
city's,2,"{""2023"": 1, ""2025"": 1}",0,
registration,2,"{""2023"": 2}",1,"Hom said similar registration requirements could benefit struggling cities and towns, but if we want to make a change in the housing market, the main one is we have to build a lot more."
efficient,2,"{""2023"": 1, ""2024"": 1}",1,"According to Sichel, although the falling price of nails was driven partly by cheaper iron and cheaper energy, most of the credit goes to nail manufacturers who simply found more efficient ways to turn steel into nails."
inadequate,2,"{""2023"": 1, ""2026"": 1}",0,
nearest,2,"{""2023"": 1, ""2024"": 1}",1,"What is more, they almost always seem to choose the nearest waterhole."
bench,2,"{""2023"": 1, ""2026"": 1}",0,
prepared,2,"{""2023"": 2}",1,"Therefore, unless customers are prepared to sign release agreements, the use of AI may become somewhat restricted in the future."
daughter,2,"{""2023"": 1, ""2025"": 1}",0,
james,2,"{""2023"": 1, ""2026"": 1}",0,
random,2,"{""2023"": 1, ""2026"": 1}",2,"Both of these books are published next week by Penguin Random House (PRH), a company currently involved in a stand-off with Waterstones."
sections,2,"{""2023"": 2}",1,"The trade magazine The Bookseller reported that Waterstones branch managers were being told to remove PRH books from prominent areas such as tables, display spaces and windows, and were quietly retiring them to their relevant sections."
comment,2,"{""2023"": 1, ""2025"": 1}",1,"PRH declined to comment on the issue, but a spokesperson for Waterstones told me: Waterstones are currently operating with reduced credit terms from PRH, the only publisher in the UK to place any limitations on our ability to trade."
spokesperson,2,"{""2023"": 2}",1,"PRH declined to comment on the issue, but a spokesperson for Waterstones told me: Waterstones are currently operating with reduced credit terms from PRH, the only publisher in the UK to place any limitations on our ability to trade."
hopeful,2,"{""2023"": 1, ""2025"": 1}",1,We are hopeful with our shops now open again that normality will return and that we will be allowed to buy appropriately.
sales,2,"{""2023"": 2}",1,The sales for our May Books of the Month surpassed any month since 2018.
surpassed,2,"{""2023"": 1, ""2025"": 1}",1,The sales for our May Books of the Month surpassed any month since 2018.
big-name,2,"{""2023"": 2}",0,
mid-list,2,"{""2023"": 2}",0,
rely,2,"{""2023"": 1, ""2025"": 1}",1,"At the time of creation, no attempts were made at intentional preservation, yet analog materials have a chance of surviving and serving as the historical record that biographers, historians, and novelists rely on."
lesser-known,2,"{""2023"": 2}",0,
merger,2,"{""2023"": 2}",1,"It comes at a time when authors are already worried about the consequences of the proposed merger between PRH and another big publisher, Simon & Schuster—the reduction in the number of unaligned UK publishers is likely to lead to fewer bidding wars, lower advances, and more conformity in terms of what is published."
andrew,2,"{""2023"": 1, ""2025"": 1}",1,"This is all part of a wider change towards concentration of power, says literary agent Andrew Lownie."
plurality,2,"{""2023"": 2}",2,"The publishing industry talks about diversity in terms of authors and staff but it also needs a plurality of ways of delivering intellectual contact, choice and different voices."
conflict,2,"{""2023"": 1, ""2026"": 1}",1,"Stand in the shoes of scientists and witness the degree to which breakthroughs emerge from accidents, conflict and sheer mental stamina."
prh's,2,"{""2023"": 2}",0,
arrange,2,"{""2023"": 1, ""2026"": 1}",0,
removed,2,"{""2023"": 1, ""2024"": 1}",1,"To those of you in the comments section who are having strong feelings about artifacts being removed from cities in the US and Britain and returned to their countries of origin, I would ask you to consider: why do you think Americans have more of a right to easily access the Benin Bronzes than the people of Nigeria?"
factor,2,"{""2023"": 1, ""2024"": 1}",1,New research suggests that smell is a crucial factor in guiding elephants—and probably other herbivores—to the best food resources.
prestige,2,"{""2023"": 2}",2,"The careers of scientists and the reputation of their institutions depend on the number and prestige of the papers they produce, but even more so on the citations attracted by these papers."
recognize,2,"{""2023"": 1, ""2024"": 1}",1,"In 2016, researchers developed an algorithm to recognize suspicious citation patterns, including groups of authors that disproportionately cite one another and groups of journals that cite each other frequently to increase the impact factors of their publications."
suspicious,2,"{""2023"": 2}",2,"In 2016, researchers developed an algorithm to recognize suspicious citation patterns, including groups of authors that disproportionately cite one another and groups of journals that cite each other frequently to increase the impact factors of their publications."
patterns,2,"{""2023"": 2}",2,"In 2016, researchers developed an algorithm to recognize suspicious citation patterns, including groups of authors that disproportionately cite one another and groups of journals that cite each other frequently to increase the impact factors of their publications."
predatory,2,"{""2023"": 2}",1,"Recently, another expression of this predatory behavior has emerged: so-called support service consultancies that provide language and other editorial support to individual authors and to journals sometimes advise contributors to add a number of citations to their articles."
emerged,2,"{""2023"": 1, ""2025"": 1}",1,"Recently, another expression of this predatory behavior has emerged: so-called support service consultancies that provide language and other editorial support to individual authors and to journals sometimes advise contributors to add a number of citations to their articles."
consultancies,2,"{""2023"": 2}",2,"Recently, another expression of this predatory behavior has emerged: so-called support service consultancies that provide language and other editorial support to individual authors and to journals sometimes advise contributors to add a number of citations to their articles."
advise,2,"{""2023"": 2}",2,"Recently, another expression of this predatory behavior has emerged: so-called support service consultancies that provide language and other editorial support to individual authors and to journals sometimes advise contributors to add a number of citations to their articles."
add,2,"{""2023"": 2}",2,"Recently, another expression of this predatory behavior has emerged: so-called support service consultancies that provide language and other editorial support to individual authors and to journals sometimes advise contributors to add a number of citations to their articles."
milk,2,"{""2023"": 2}",2,These journals can act as milk cows where every single article in an issue may cite a specific paper or a series of papers.
absolutely,2,"{""2023"": 1, ""2024"": 1}",2,"In some instances, there is absolutely no relationship between the content of the article and the citations."
database,2,"{""2023"": 1, ""2026"": 1}",2,"The problem is rampant in Scopus, a citation database, which includes a high number of the new international journals."
contain,2,"{""2023"": 1, ""2026"": 1}",0,
recommend,2,"{""2023"": 1, ""2026"": 1}",1,The support service consultancies tend to recommend journals to their clients. list citation patterns for their clients. ask authors to include extra citations. advise contributors to cite each other.
apology,2,"{""2023"": 1, ""2024"": 1}",1,I make no apology for being obsessed by a particular feature of these objects: their price.
professional,2,"{""2023"": 1, ""2025"": 1}",1,These groups of people are part of a rapidly expanding biotechnological social movement of citizen scientists and professional scientists seeking to take discovery out of institutions and put it into the hands of anyone with the enthusiasm.
reveal,2,"{""2023"": 1, ""2026"": 1}",0,
faithful,2,"{""2023"": 2}",1,"Despite these challenges, Jackson captured dozens of striking photos, ranging from majestic images like his now-famous snapshot of Old Faithful, to casual portraits of expedition members at the camp."
ferdinand,2,"{""2023"": 1, ""2025"": 1}",1,"They were split into target and control groups and asked to write, for example, a message in a bottle as Ferdinand following the shipwreck in The Tempest."
agricultural,2,"{""2023"": 1, ""2024"": 1}",2,"The team included a meteorologist, a zoologist, a mineralogist, and an agricultural statistician."
vivid,2,"{""2023"": 2}",2,One of the turning points in public support for land conservation efforts—and recognizing the magnificence of the Yellowstone region in particular—came in the form of vivid photographs.
stunning,2,"{""2023"": 2}",1,"While veterans of previous expeditions had written at length about stunning sights, these vivid photographs were another thing entirely."
hit,2,"{""2023"": 1, ""2024"": 1}",0,
chemical,2,"{""2023"": 1, ""2025"": 1}",2,"Throughout the trip, Jackson juggled multiple cameras and plate sizes using the collodion process that involved coating the plates with a chemical mixture, exposing them and developing the resulting images with a portable darkroom."
educated,2,"{""2023"": 1, ""2026"": 1}",2,"The crude technique required educated guesses on exposure times, and involved heavy, awkward equipment—several men had to assist in its transportation."
striking,2,"{""2023"": 1, ""2026"": 1}",2,"Despite these challenges, Jackson captured dozens of striking photos, ranging from majestic images like his now-famous snapshot of Old Faithful, to casual portraits of expedition members at the camp."
photos,2,"{""2023"": 2}",1,"Despite these challenges, Jackson captured dozens of striking photos, ranging from majestic images like his now-famous snapshot of Old Faithful, to casual portraits of expedition members at the camp."
native,2,"{""2023"": 1, ""2025"": 1}",1,"In recent summers, he has travelled the length and breadth of Britain to photograph all 58 native species of butterfly."
riches,2,"{""2023"": 1, ""2025"": 1}",1,"The result is an embarrassment of historical riches, which brings its own needle-and-haystack problems."
proved,2,"{""2023"": 1, ""2026"": 1}",2,The bill proved largely popular and sailed through Congress with large majorities in favor.
locals,2,"{""2023"": 1, ""2024"": 1}",0,
frame,2,"{""2023"": 1, ""2025"": 1}",1,"Peters' signature shot is a butterfly take-off, showing the multiple wing-beats of one butterfly in one frame as it lifts off from a flower."
importantly,2,"{""2023"": 1, ""2025"": 1}",2,"Perhaps most importantly, these images provided documentary evidence that later made its way to government officials."
copy,2,"{""2023"": 1, ""2026"": 1}",1,"For example, AI can be used to analyse what type of advertising content or copy would be appropriate to speak to a specific target customer group by revealing information about trends and preferences through the analysis of big data."
customer,2,"{""2023"": 2}",2,"For example, AI can be used to analyse what type of advertising content or copy would be appropriate to speak to a specific target customer group by revealing information about trends and preferences through the analysis of big data."
revealing,2,"{""2023"": 1, ""2024"": 1}",1,"For example, AI can be used to analyse what type of advertising content or copy would be appropriate to speak to a specific target customer group by revealing information about trends and preferences through the analysis of big data."
regarding,2,"{""2023"": 1, ""2024"": 1}",1,"AI can also be used to identify the lifestyle choices of customers regarding their hobbies, favourite celebrities, and fashions to provide unique content in marketing messages put out through social media."
chat,2,"{""2023"": 1, ""2026"": 1}",1,At the same time Al can also be used to generate content for social media posts and chat sites.
subsequent,2,"{""2023"": 1, ""2026"": 1}",2,"The main disadvantage of using AI to respond to customers is that there are concerns about trusting personal interactions to machines, which could lead not only to the subsequent loss of interpersonal connections, but also to a decrease in marketing personnel."
interpersonal,2,"{""2023"": 1, ""2026"": 1}",1,"The main disadvantage of using AI to respond to customers is that there are concerns about trusting personal interactions to machines, which could lead not only to the subsequent loss of interpersonal connections, but also to a decrease in marketing personnel."
brand,2,"{""2023"": 2}",1,By allowing AI to develop content some brand marketers may find that they are losing control over the brand narrative.
simulate,2,"{""2023"": 1, ""2026"": 1}",2,"Algorithms used to simulate human interactions are creating many of these concerns, especially as no-one is quite sure what the outcomes of using AI to interact with customers will be."
non-intrusive,2,"{""2023"": 2}",2,"Not only can AI help to create the marketing content, but it can also provide a non-intrusive way of delivering the content to the target customers."
location,2,"{""2023"": 1, ""2025"": 1}",2,"Data can be gathered on where the customer can be engaged, such as location, devices used, website interactions, and sites visited, to display marketing messages in appropriate forms, including emails, social media posts, pop-up advertisements, and banners at an appropriate frequency."
website,2,"{""2023"": 1, ""2024"": 1}",1,"Data can be gathered on where the customer can be engaged, such as location, devices used, website interactions, and sites visited, to display marketing messages in appropriate forms, including emails, social media posts, pop-up advertisements, and banners at an appropriate frequency."
frequency,2,"{""2023"": 1, ""2026"": 1}",2,"Data can be gathered on where the customer can be engaged, such as location, devices used, website interactions, and sites visited, to display marketing messages in appropriate forms, including emails, social media posts, pop-up advertisements, and banners at an appropriate frequency."
emerge,2,"{""2024"": 1, ""2026"": 1}",2,"Stand in the shoes of scientists and witness the degree to which breakthroughs emerge from accidents, conflict and sheer mental stamina."
feature,2,"{""2024"": 2}",2,I make no apology for being obsessed by a particular feature of these objects: their price.
grown,2,"{""2024"": 1, ""2025"": 1}",2,The rise of citizen science has grown alongside the rise of do-it-yourself biology laboratories around the world.
obstacles,2,"{""2024"": 1, ""2025"": 1}",2,"They pool resources, collaborate, think outside the box, and find solutions and ways around obstacles to explore science for the sake of science without the traditional boundaries of working inside a formal setting."
peoples,2,"{""2024"": 2}",2,"Stealing artifacts from other peoples' cultures is obscene; it robs not only the physical objects, but the dignity and spirit of their creators."
side,2,"{""2024"": 1, ""2026"": 1}",0,
inside,2,"{""2024"": 1, ""2025"": 1}",2,"They pool resources, collaborate, think outside the box, and find solutions and ways around obstacles to explore science for the sake of science without the traditional boundaries of working inside a formal setting."
sound,2,"{""2024"": 1, ""2025"": 1}",2,"That makes it sound easy, and artificial, but Peters insists it is still a massive challenge."
movement,2,"{""2024"": 1, ""2025"": 1}",2,These groups of people are part of a rapidly expanding biotechnological social movement of citizen scientists and professional scientists seeking to take discovery out of institutions and put it into the hands of anyone with the enthusiasm.
improving,2,"{""2024"": 1, ""2026"": 1}",1,"Without the need to be touched to open or close, automatic doors are essential in improving disabled access to buildings and helping provide general convenience to commercial buildings."
connected,2,"{""2024"": 1, ""2025"": 1}",0,
relying,2,"{""2024"": 1, ""2026"": 1}",1,"There are many different types of automatic door, with each relying on specific signals to tell them when to open."
principles,2,"{""2024"": 1, ""2026"": 1}",2,"The development in 1915 of the popular new subject general science was another effort to train students to apply the principles of science to everyday, nonscience problems."
conclusion,2,"{""2024"": 2}",0,
impressive,2,"{""2024"": 2}",1,"The tool, along with other popular image-generation AI models, allows anyone to create impressive images based on text prompts."
pull,2,"{""2024"": 1, ""2026"": 1}",2,"Nearly 2,000 years ago, as the Romans began to pull out of Scotland, they left behind a curious treasure: 10 tons of nails, nearly a million of the things."
curious,2,"{""2024"": 2}",2,"Nearly 2,000 years ago, as the Romans began to pull out of Scotland, they left behind a curious treasure: 10 tons of nails, nearly a million of the things."
tons,2,"{""2024"": 2}",1,"Nearly 2,000 years ago, as the Romans began to pull out of Scotland, they left behind a curious treasure: 10 tons of nails, nearly a million of the things."
covered,2,"{""2024"": 1, ""2025"": 1}",2,The nail hoard was discovered in 1960 in a four-metre-deep pit covered by two metres of gravel.
deep,2,"{""2024"": 1, ""2026"": 1}",1,The Romans buried the nails so deep that they would not be discovered for almost two millennia.
raw,2,"{""2024"": 2}",0,
virginians,2,"{""2024"": 2}",1,"As Roma Agrawal explains in her new delightful book Nuts and Bolts, early 17th-century Virginians would sometimes burn down their homes if they were planning to relocate."
burn,2,"{""2024"": 2}",2,"As Roma Agrawal explains in her new delightful book Nuts and Bolts, early 17th-century Virginians would sometimes burn down their homes if they were planning to relocate."
homes,2,"{""2024"": 2}",2,"As Roma Agrawal explains in her new delightful book Nuts and Bolts, early 17th-century Virginians would sometimes burn down their homes if they were planning to relocate."
recover,2,"{""2024"": 1, ""2026"": 1}",1,"This was an attempt to recover the valuable nails, which could be reused after sifting the ashes."
entire,2,"{""2024"": 1, ""2026"": 1}",2,"The idea that one might burn down an entire house just to reclaim the nails underlines how scarce, costly and valuable the simple-seeming technology was."
studied,2,"{""2024"": 2}",0,
cars,2,"{""2024"": 2}",2,"Roman lamps and Roman chariots are very different from LED strips and sports cars, but Roman nails are still clearly nails."
track,2,"{""2024"": 1, ""2025"": 1}",1,"It would be absurd to try to track the changing price of sports cars since 1695, but to ask the same question of nails makes perfect sense."
achieved,2,"{""2024"": 1, ""2025"": 1}",1,"The Gutenberg printing press transformed civilisation not by changing the nature of writing but by changing its cost—and it would have achieved little without a parallel collapse in the price of surfaces to write on, thanks to an often-overlooked technology called paper."
solar,2,"{""2024"": 1, ""2025"": 1}",1,Solar panels had few niche uses until they became cheap; now they are transforming the global energy system.
niche,2,"{""2024"": 1, ""2026"": 1}",2,Solar panels had few niche uses until they became cheap; now they are transforming the global energy system.
sake,2,"{""2024"": 1, ""2025"": 1}",1,"They pool resources, collaborate, think outside the box, and find solutions and ways around obstacles to explore science for the sake of science without the traditional boundaries of working inside a formal setting."
colonists,2,"{""2024"": 1, ""2026"": 1}",0,
products,2,"{""2024"": 1, ""2025"": 1}",0,
integral,2,"{""2024"": 1, ""2025"": 1}",0,
hunter-gatherers,2,"{""2024"": 2}",1,"Parenting tips obtained from hunter-gatherers in Africa may be the key to bringing up more contented children, researchers have suggested."
suggested,2,"{""2024"": 1, ""2025"": 1}",1,"Parenting tips obtained from hunter-gatherers in Africa may be the key to bringing up more contented children, researchers have suggested."
kung,2,"{""2024"": 2}",2,"The idea is based on studies of communities such as the Kung of Botswana, where each child is cared for by many adults."
adults,2,"{""2024"": 2}",1,"The idea is based on studies of communities such as the Kung of Botswana, where each child is cared for by many adults."
scheme,2,"{""2024"": 2}",0,
nursery,2,"{""2024"": 2}",1,An infant born to a hunter-gatherer society could have more than ten caregivers—this contrasts starkly to nursery settings in the UK where regulations call for a ratio of one carer to four children aged two to three.
playgroups,2,"{""2024"": 2}",2,"Another measure could be encouraging friendships between children in different school years, to mirror the unsupervised mixed-age playgroups in hunter-gatherer communities."
mothering,2,"{""2024"": 2}",1,"This abrupt shift to an intensive mothering narrative, which suggests that mothers should manage childcare alone, was likely to have been harmful."
narratives,2,"{""2024"": 1, ""2026"": 1}",1,"Such narratives can lead to maternal exhaustion and have dangerous consequences, they wrote."
maternal,2,"{""2024"": 2}",1,"Such narratives can lead to maternal exhaustion and have dangerous consequences, they wrote."
child's,2,"{""2024"": 2}",0,
networks,2,"{""2024"": 1, ""2026"": 1}",1,"With multiple networks and countless podcasts, a smartphone user selects what to hear and when."
introducing,2,"{""2024"": 1, ""2026"": 1}",0,
additional,2,"{""2024"": 1, ""2026"": 1}",1,"Georgia offers up to 30% in transferable tax credits on film and TV production costs, plus an additional 10% increase on the base tax credit if the project includes a Georgia promotional logo."
depression,2,"{""2024"": 2}",0,
ten,2,"{""2024"": 1, ""2025"": 1}",2,An infant born to a hunter-gatherer society could have more than ten caregivers—this contrasts starkly to nursery settings in the UK where regulations call for a ratio of one carer to four children aged two to three.
ratio,2,"{""2024"": 2}",1,An infant born to a hunter-gatherer society could have more than ten caregivers—this contrasts starkly to nursery settings in the UK where regulations call for a ratio of one carer to four children aged two to three.
aged,2,"{""2024"": 1, ""2025"": 1}",2,An infant born to a hunter-gatherer society could have more than ten caregivers—this contrasts starkly to nursery settings in the UK where regulations call for a ratio of one carer to four children aged two to three.
imitation,2,"{""2024"": 1, ""2026"": 1}",1,"While hunter-gatherer children learnt from observation and imitation in mixed-age playgroups, researchers said that western instructive teaching, where pupils are asked to sit still, may contribute to conditions such as attention deficit hyperactivity disorder."
instructive,2,"{""2024"": 2}",1,"While hunter-gatherer children learnt from observation and imitation in mixed-age playgroups, researchers said that western instructive teaching, where pupils are asked to sit still, may contribute to conditions such as attention deficit hyperactivity disorder."
deficit,2,"{""2024"": 1, ""2026"": 1}",2,"While hunter-gatherer children learnt from observation and imitation in mixed-age playgroups, researchers said that western instructive teaching, where pupils are asked to sit still, may contribute to conditions such as attention deficit hyperactivity disorder."
refers,2,"{""2024"": 1, ""2026"": 1}",0,
carrying,2,"{""2024"": 1, ""2026"": 1}",1,"Donkeys are champions when it comes to carrying stuff and are good at crossing deserts, co-author Ludovic Orlando, an evolutionary biologist at Paul Sabatier University in France, tells the publication."
conventional,2,"{""2024"": 1, ""2026"": 1}",0,
relationships,2,"{""2024"": 2}",0,
classical,2,"{""2024"": 2}",0,
painting,2,"{""2024"": 2}",0,
styles,2,"{""2024"": 2}",0,
magic,2,"{""2024"": 2}",0,
gathering,2,"{""2024"": 1, ""2025"": 1}",1,"In 1967, a scientific survey of the Peloponnesian coast was gathering data to analyze changes in sea levels when British oceanographer Nicholas Flemming first spotted the sunken structures."
he's,2,"{""2024"": 1, ""2025"": 1}",0,
text-to-image,2,"{""2024"": 2}",1,Other artists besides Rutkowski have been surprised by the apparent popularity of their work in text-to-image generators—and some are now fighting back.
generator,2,"{""2024"": 2}",1,His distinctive style is now one of the most commonly used prompts in the new open-source AI art generator Stable Diffusion.
diffusion,2,"{""2024"": 2}",1,His distinctive style is now one of the most commonly used prompts in the new open-source AI art generator Stable Diffusion.
tool,2,"{""2024"": 1, ""2026"": 1}",1,"The tool, along with other popular image-generation AI models, allows anyone to create impressive images based on text prompts."
sword,2,"{""2024"": 1, ""2026"": 1}",0,
fights,2,"{""2024"": 1, ""2026"": 1}",1,A woman says there have been fewer street fights since the arrival of the wireless but also less stopping and talking on the brush handle.
rutkowski's,2,"{""2024"": 2}",0,
apparent,2,"{""2024"": 1, ""2026"": 1}",1,Other artists besides Rutkowski have been surprised by the apparent popularity of their work in text-to-image generators—and some are now fighting back.
generators,2,"{""2024"": 2}",1,Other artists besides Rutkowski have been surprised by the apparent popularity of their work in text-to-image generators—and some are now fighting back.
awareness,2,"{""2024"": 1, ""2026"": 1}",0,
ai-generated,2,"{""2024"": 2}",1,Artists say they risk losing income as people start using AI-generated images based on copyrighted material for commercial purposes.
closely,2,"{""2024"": 1, ""2026"": 1}",1,"Reading has also been found to make us more helpful, to reduce bias, and even to increase longevity — something we will enjoy all the more if we have a good book in our hands. (And yes, all these benefits are more closely associated with physical books than digital ones.) Read fiction."
privacy,2,"{""2024"": 2}",0,
strengthen,2,"{""2024"": 1, ""2026"": 1}",0,
artistic,2,"{""2024"": 1, ""2026"": 1}",0,
miracle,2,"{""2024"": 1, ""2026"": 1}",1,"The miracle of the Chesapeake Bay lies not in its depths, but in the complexity of its natural construction, the interaction of fresh and saline waters, and the mix of land and water."
waters,2,"{""2024"": 1, ""2026"": 1}",1,"The miracle of the Chesapeake Bay lies not in its depths, but in the complexity of its natural construction, the interaction of fresh and saline waters, and the mix of land and water."
storing,2,"{""2024"": 1, ""2025"": 1}",1,"The shallows provide homes for hundreds of species while storing floodwaters, filtering pollutants from water, and protecting nearby communities from potentially destructive storm surges."
pollutants,2,"{""2024"": 2}",1,"The shallows provide homes for hundreds of species while storing floodwaters, filtering pollutants from water, and protecting nearby communities from potentially destructive storm surges."
potentially,2,"{""2024"": 1, ""2026"": 1}",1,"The shallows provide homes for hundreds of species while storing floodwaters, filtering pollutants from water, and protecting nearby communities from potentially destructive storm surges."
idaho,2,"{""2024"": 2}",0,
regulatory,2,"{""2024"": 2}",1,"This narrowing of the regulatory scope was a victory for builders, mining operators and other commercial interests often at odds with environmental rules."
mining,2,"{""2024"": 2}",1,"This narrowing of the regulatory scope was a victory for builders, mining operators and other commercial interests often at odds with environmental rules."
maryland,2,"{""2024"": 2}",1,"In Maryland, the good news is that there are many state laws in place that provide wetlands protections."
boundaries,2,"{""2024"": 1, ""2025"": 1}",1,"They pool resources, collaborate, think outside the box, and find solutions and ways around obstacles to explore science for the sake of science without the traditional boundaries of working inside a formal setting."
pennsylvania,2,"{""2024"": 2}",1,"The Chesapeake draws from a 64,000-square-mile watershed that extends into Virginia, Pennsylvania, New York, West Virginia, the District of Columbia and Delaware."
jurisdictions,2,"{""2024"": 2}",0,
extend,2,"{""2024"": 1, ""2025"": 1}",1,"A citizen science-based approach can extend the field of vision and include different ideas and different brains to problem-solve and create, making innovation faster and more effective."
merely,2,"{""2024"": 2}",2,"It is too easy, and misleading, to see such court rulings as merely standing up for the rights of land owners when the consequences can be so dire for their neighbors."
standing,2,"{""2024"": 1, ""2026"": 1}",2,"It is too easy, and misleading, to see such court rulings as merely standing up for the rights of land owners when the consequences can be so dire for their neighbors."
involvement,2,"{""2024"": 2}",0,
neighboring,2,"{""2024"": 2}",0,
waste,2,"{""2024"": 1, ""2025"": 1}",0,
lawmakers,2,"{""2024"": 2}",1,And so we would call on state lawmakers from Richmond to Albany to consider reviewing their own wetlands protections and see for themselves the enormous stakes involved.
fly,2,"{""2024"": 1, ""2025"": 1}",2,We can offer them a visit to Blackwater National Wildlife Refuge in Dorchester County where bald eagles fly over tidal marshes so shallow you could not paddle a boat across them but teaming with aquatic life.
fine,2,"{""2024"": 1, ""2026"": 1}",1,"Standing in the shoes of others fine tunes our social understanding, useful as we struggle to understand friends, neighbours, customers and co-workers."
endangered,2,"{""2024"": 1, ""2026"": 1}",1,"A hundred years on from Marconi and Reith, is the art of mere listening endangered?"
nigeria,2,"{""2024"": 2}",1,"To those of you in the comments section who are having strong feelings about artifacts being removed from cities in the US and Britain and returned to their countries of origin, I would ask you to consider: why do you think Americans have more of a right to easily access the Benin Bronzes than the people of Nigeria?"
benin,2,"{""2024"": 2}",1,"To those of you in the comments section who are having strong feelings about artifacts being removed from cities in the US and Britain and returned to their countries of origin, I would ask you to consider: why do you think Americans have more of a right to easily access the Benin Bronzes than the people of Nigeria?"
bronzes,2,"{""2024"": 2}",1,"To those of you in the comments section who are having strong feelings about artifacts being removed from cities in the US and Britain and returned to their countries of origin, I would ask you to consider: why do you think Americans have more of a right to easily access the Benin Bronzes than the people of Nigeria?"
inspiration,2,"{""2024"": 1, ""2025"": 1}",2,There is no good reason that these artifacts should be beyond the ordinary reach of the educational objectives or inspiration of the generations to which they were left.
distant,2,"{""2024"": 1, ""2025"": 1}",2,The monetary value of the objects on display is a distant second place in importance.
whatever,2,"{""2024"": 1, ""2026"": 1}",2,"Having said that, I do feel that whatever artifacts find their way to public museums should, in fact, be sanctioned as having been obtained on loan, legally purchased, or obtained by treaty."
stealing,2,"{""2024"": 1, ""2025"": 1}",2,"Stealing artifacts from other peoples' cultures is obscene; it robs not only the physical objects, but the dignity and spirit of their creators."
spirit,2,"{""2024"": 1, ""2026"": 1}",2,"Stealing artifacts from other peoples' cultures is obscene; it robs not only the physical objects, but the dignity and spirit of their creators."
security,2,"{""2024"": 2}",1,"Yes, there is the risk that the original country will not have as good security as do the foreign countries."
anywhere,2,"{""2024"": 1, ""2026"": 1}",1,"We are living through a golden age of translation too, so you can go anywhere in time or place."
elephant,2,"{""2024"": 2}",1,"The African savanna elephant, also known as the African bush elephant, is distributed across 37 African countries."
tree,2,"{""2024"": 1, ""2026"": 1}",2,"The volatile chemicals produced by plants can be carried a long way, and they are very characteristic: Each plant or tree has its own particular odor signature."
preferred,2,"{""2024"": 2}",2,The researchers first established what kinds of plant the elephants preferred either to eat or avoid when foraging freely.
dear,2,"{""2024"": 1, ""2025"": 1}",0,
scientist,2,"{""2024"": 1, ""2025"": 1}",1,"Anyone can be a citizen scientist, regardless of age, nationality or academic experience."
i'm,2,"{""2024"": 1, ""2026"": 1}",0,
chart,2,"{""2024"": 2}",1,"In your essay, you should 1) describe the picture and the chart briefly, 2) interpret the implied meaning, and 3) give your comments."
peloponnesian,2,"{""2025"": 2}",1,"In 1967, a scientific survey of the Peloponnesian coast was gathering data to analyze changes in sea levels when British oceanographer Nicholas Flemming first spotted the sunken structures."
lay,2,"{""2025"": 1, ""2026"": 1}",1,"We are living through a golden age of science writing, so lucid and accessible that even lay readers can relish the unpredictability of discovery."
unseen,2,"{""2025"": 1, ""2026"": 1}",1,Fiction invites you to loiter unseen in the lives of others.
eroded,2,"{""2025"": 1, ""2026"": 1}",1,"In recent decades, shifting currents and climate change have eroded a natural barrier that protected Pavlopetri."
courtyards,2,"{""2025"": 2}",1,"The team identified some techniques buildings, courtyards, a network of streets, and two chamber tombs."
chamber,2,"{""2025"": 2}",1,"The team identified some techniques buildings, courtyards, a network of streets, and two chamber tombs."
underwater,2,"{""2025"": 2}",1,From 2009 to 2013 they were able to bring the underwater town to light.
suspended,2,"{""2025"": 1, ""2026"": 1}",1,"If that sounds melodramatic, consider this: The Art Directors Guild, a labor union representing about 3,000 film workers, has suspended a training program and issued a statement explaining that we cannot in good conscience encourage you to pursue our profession."
unlike,2,"{""2025"": 2}",1,"Unlike some photographers, who cheat by keeping insects in a fridge to slow them down, Peters refuses to tamper with wild butterflies."
employed,2,"{""2025"": 2}",2,"Scientists have employed a variety of ways to engage the general public in their research, such as making data analysis into an online game or sample collection into a smartphone application."
surroundings,2,"{""2025"": 2}",1,"Peters likes to photograph butterflies in a landscape, celebrating the beauty of their surroundings as well as the insects themselves."
techniques,2,"{""2025"": 2}",2,"Every day, scientists, technologists and engineers are discovering new ways to exploit renewable energy sources and develop techniques not just to use power more intelligently but to power our intelligence."
actors,2,"{""2025"": 2}",0,
passage,2,"{""2025"": 2}",2,The target group were given a 30-minute drama-based activity to accompany the passage.
imagine,2,"{""2025"": 2}",1,She added The emotional understanding was very evident and it is probably related to the [rehearsal room process] where you are used to trying to imagine your way through.
react,2,"{""2025"": 2}",1,"A butterfly takes off so quickly it is still impossible to react quickly enough to capture that take-off but if he half-presses the shutter, the camera saves the 70 previous frames before the moment he actually takes the picture."
emotion,2,"{""2025"": 2}",0,
relied,2,"{""2025"": 2}",0,
desert,2,"{""2025"": 2}",0,
clich,2,"{""2025"": 2}",0,
evident,2,"{""2025"": 2}",1,She added The emotional understanding was very evident and it is probably related to the [rehearsal room process] where you are used to trying to imagine your way through.
resilient,2,"{""2025"": 1, ""2026"": 1}",1,"At Yosemite National Park, Martin oversaw the use of what is known as prescribed burns to make the landscape more resilient."
drama,2,"{""2025"": 2}",1,They were comfortable in describing different emotional states and part of what you do in drama is put yourself in different shoes.
yourself,2,"{""2025"": 1, ""2026"": 1}",2,They were comfortable in describing different emotional states and part of what you do in drama is put yourself in different shoes.
massive,2,"{""2025"": 2}",1,"That makes it sound easy, and artificial, but Peters insists it is still a massive challenge."
combined,2,"{""2025"": 1, ""2026"": 1}",0,
imaginative,2,"{""2025"": 1, ""2026"": 1}",2,Writing in an imaginative manner.
characters,2,"{""2025"": 1, ""2026"": 1}",2,Identifying with literary characters.
formidable,2,"{""2025"": 1, ""2026"": 1}",0,
dramatists,2,"{""2025"": 2}",0,
modelling,2,"{""2025"": 2}",2,"The crisis is here, they said, and we need to cut back on our energy-intensive modelling."
laboratories,2,"{""2025"": 2}",1,The rise of citizen science has grown alongside the rise of do-it-yourself biology laboratories around the world.
planet's,2,"{""2025"": 1, ""2026"": 1}",0,
humanity's,2,"{""2025"": 1, ""2026"": 1}",0,
renewable,2,"{""2025"": 2}",1,"Every day, scientists, technologists and engineers are discovering new ways to exploit renewable energy sources and develop techniques not just to use power more intelligently but to power our intelligence."
green,2,"{""2025"": 2}",0,
chance,2,"{""2025"": 2}",1,"At the time of creation, no attempts were made at intentional preservation, yet analog materials have a chance of surviving and serving as the historical record that biographers, historians, and novelists rely on."
discovering,2,"{""2025"": 2}",2,"Every day, scientists, technologists and engineers are discovering new ways to exploit renewable energy sources and develop techniques not just to use power more intelligently but to power our intelligence."
lumi,2,"{""2025"": 2}",0,
net-zero,2,"{""2025"": 2}",1,"If the world is to meet its net-zero ambitions, we must think hard about how we can deliver sustainable computing and deliver more LUMIs."
ambitions,2,"{""2025"": 1, ""2026"": 1}",1,"If the world is to meet its net-zero ambitions, we must think hard about how we can deliver sustainable computing and deliver more LUMIs."
deliver,2,"{""2025"": 2}",1,"If the world is to meet its net-zero ambitions, we must think hard about how we can deliver sustainable computing and deliver more LUMIs."
suspicions,2,"{""2025"": 1, ""2026"": 1}",0,
game,2,"{""2025"": 2}",2,"Ever since taking on Netflix Inc. at its own game, old Hollywood has struggled to turn a profit in streaming, with the likes of Disney+, Peacock and Paramount+ losing billions of dollars each year, sparking concerns that the services will never be as profitable as cable once was."
likes,2,"{""2025"": 2}",2,"Ever since taking on Netflix Inc. at its own game, old Hollywood has struggled to turn a profit in streaming, with the likes of Disney+, Peacock and Paramount+ losing billions of dollars each year, sparking concerns that the services will never be as profitable as cable once was."
billions,2,"{""2025"": 1, ""2026"": 1}",2,"Ever since taking on Netflix Inc. at its own game, old Hollywood has struggled to turn a profit in streaming, with the likes of Disney+, Peacock and Paramount+ losing billions of dollars each year, sparking concerns that the services will never be as profitable as cable once was."
dollars,2,"{""2025"": 1, ""2026"": 1}",2,"Ever since taking on Netflix Inc. at its own game, old Hollywood has struggled to turn a profit in streaming, with the likes of Disney+, Peacock and Paramount+ losing billions of dollars each year, sparking concerns that the services will never be as profitable as cable once was."
video,2,"{""2025"": 2}",1,"But the age of streaming has been a boon for some unintended winners: pirates that use software to rip a film or television show in seconds from legitimate online video platforms and host the titles on their own, illegitimate services, which rake in about $2 billion annually from ads and subscriptions."
annually,2,"{""2025"": 2}",2,"But the age of streaming has been a boon for some unintended winners: pirates that use software to rip a film or television show in seconds from legitimate online video platforms and host the titles on their own, illegitimate services, which rake in about $2 billion annually from ads and subscriptions."
representing,2,"{""2025"": 1, ""2026"": 1}",1,"If that sounds melodramatic, consider this: The Art Directors Guild, a labor union representing about 3,000 film workers, has suspended a training program and issued a statement explaining that we cannot in good conscience encourage you to pursue our profession."
studios,2,"{""2025"": 1, ""2026"": 1}",0,
file-sharing,2,"{""2025"": 2}",0,
rivkin,2,"{""2025"": 2}",2,"The people who are stealing our movies and our television shows and operating piracy sites are not mom and pop operations, says Charlie Rivkin, chief executive officer of the MPA."
crime,2,"{""2025"": 2}",1,This is organized crime.
joined,2,"{""2025"": 1, ""2026"": 1}",1,Rivkin joined the MPA in 2017 after the organization failed five years earlier to build consensus between Hollywood and Silicon Valley to win passage of legislation in Congress aimed at stopping online piracy.
silicon,2,"{""2025"": 2}",1,Rivkin joined the MPA in 2017 after the organization failed five years earlier to build consensus between Hollywood and Silicon Valley to win passage of legislation in Congress aimed at stopping online piracy.
valley,2,"{""2025"": 2}",1,Rivkin joined the MPA in 2017 after the organization failed five years earlier to build consensus between Hollywood and Silicon Valley to win passage of legislation in Congress aimed at stopping online piracy.
win,2,"{""2025"": 2}",1,Rivkin joined the MPA in 2017 after the organization failed five years earlier to build consensus between Hollywood and Silicon Valley to win passage of legislation in Congress aimed at stopping online piracy.
stopping,2,"{""2025"": 1, ""2026"": 1}",2,Rivkin joined the MPA in 2017 after the organization failed five years earlier to build consensus between Hollywood and Silicon Valley to win passage of legislation in Congress aimed at stopping online piracy.
ace,2,"{""2025"": 2}",1,"In 2017 the association formed the Alliance for Creativity and Entertainment (ACE), an enforcement task force of about 100 detectives circling the globe to help local authorities arrest streaming pirates."
enforcement,2,"{""2025"": 2}",1,"In 2017 the association formed the Alliance for Creativity and Entertainment (ACE), an enforcement task force of about 100 detectives circling the globe to help local authorities arrest streaming pirates."
shrink,2,"{""2025"": 1, ""2026"": 1}",1,"And while it is wonderful to take a walk with anything in your headphones, infinite choice encourages us to shrink into niche interests and sympathetic beliefs."
serious,2,"{""2025"": 2}",0,
begin,2,"{""2025"": 2}",1,"While there is some optimism that emerging countermeasures and best practices may see piracy begin to plateau by 2027, there is no consensus among stakeholders as to when it may begin to decline, says analyst Steve Hawley."
hawley,2,"{""2025"": 2}",1,"While there is some optimism that emerging countermeasures and best practices may see piracy begin to plateau by 2027, there is no consensus among stakeholders as to when it may begin to decline, says analyst Steve Hawley."
drawn,2,"{""2025"": 1, ""2026"": 1}",1,"Some are drawn to what I think of as business car crash books — the stories of Theranos, Purdue, or WeWork."
collaborate,2,"{""2025"": 2}",1,"They pool resources, collaborate, think outside the box, and find solutions and ways around obstacles to explore science for the sake of science without the traditional boundaries of working inside a formal setting."
antiques,2,"{""2025"": 2}",0,
formats,2,"{""2025"": 2}",1,"Have you pondered the life cycle of intangible formats, digital information, given that those who produce these artifacts seldom make provision for their long-term preservation?"
we've,2,"{""2025"": 2}",1,"For millennia, we've known what we've known due to artifacts that have survived, often despite their original creators' neglect."
neglect,2,"{""2025"": 2}",1,"For millennia, we've known what we've known due to artifacts that have survived, often despite their original creators' neglect."
intentional,2,"{""2025"": 2}",1,"At the time of creation, no attempts were made at intentional preservation, yet analog materials have a chance of surviving and serving as the historical record that biographers, historians, and novelists rely on."
universality,2,"{""2025"": 2}",1,"Yet how was that universality of access made possible and, perhaps more importantly, how is it maintained?"
vital,2,"{""2025"": 1, ""2026"": 1}",0,
obsolete,2,"{""2025"": 2}",1,"As technology advances and a format becomes obsolete, the object is useless."
useless,2,"{""2025"": 1, ""2026"": 1}",2,"As technology advances and a format becomes obsolete, the object is useless."
zip,2,"{""2025"": 2}",1,"Have you ever stared helplessly at a ZIP disk, thinking: how do I get the files off this?"
disk,2,"{""2025"": 2}",1,"Have you ever stared helplessly at a ZIP disk, thinking: how do I get the files off this?"
files,2,"{""2025"": 2}",1,"Have you ever stared helplessly at a ZIP disk, thinking: how do I get the files off this?"
revolves,2,"{""2025"": 1, ""2026"": 1}",0,
hazard,2,"{""2025"": 1, ""2026"": 1}",0,
photograph,2,"{""2025"": 2}",2,"Peters likes to photograph butterflies in a landscape, celebrating the beauty of their surroundings as well as the insects themselves."
shoots,2,"{""2025"": 2}",2,A typical digital SLR camera shoots 20 frames a second.
benefiting,2,"{""2025"": 1, ""2026"": 1}",0,
feeling,2,"{""2025"": 2}",1,"I was waiting for surgery, feeling really ill, sitting in my garden."
lady,2,"{""2025"": 1, ""2026"": 1}",2,"It was amazing weather and there were painted lady butterflies everywhere, he says."
shutter,2,"{""2025"": 2}",2,"At such high shutter speeds, the depth of field is tiny, and as butterflies do not fly in a straight line they swiftly flutter out of focus."
swiftly,2,"{""2025"": 2}",2,"At such high shutter speeds, the depth of field is tiny, and as butterflies do not fly in a straight line they swiftly flutter out of focus."
feels,2,"{""2025"": 1, ""2026"": 1}",1,"It just feels bloody brilliant, says Peters."
poet,2,"{""2025"": 1, ""2026"": 1}",0,
flight,2,"{""2025"": 1, ""2026"": 1}",0,
summers,2,"{""2025"": 2}",2,"In recent summers, he has travelled the length and breadth of Britain to photograph all 58 native species of butterfly."
engagement,2,"{""2025"": 2}",2,"Recent decades have seen science move into a convention where engagement in the subject can only be done through institutions, such as a university."
formal,2,"{""2025"": 2}",1,"They pool resources, collaborate, think outside the box, and find solutions and ways around obstacles to explore science for the sake of science without the traditional boundaries of working inside a formal setting."
enthusiasm,2,"{""2025"": 2}",1,These groups of people are part of a rapidly expanding biotechnological social movement of citizen scientists and professional scientists seeking to take discovery out of institutions and put it into the hands of anyone with the enthusiasm.
join,2,"{""2025"": 2}",1,This form of accessible science means that great minds are able to join the race to create and develop projects with the potential to change the world.
engage,2,"{""2025"": 1, ""2026"": 1}",2,"Scientists have employed a variety of ways to engage the general public in their research, such as making data analysis into an online game or sample collection into a smartphone application."
they've,2,"{""2025"": 1, ""2026"": 1}",2,"They've implored citizens to help with bug counting and categorising cancer cells, and even identifying distant galaxies."
science-based,2,"{""2025"": 1, ""2026"": 1}",2,"A citizen science-based approach can extend the field of vision and include different ideas and different brains to problem-solve and create, making innovation faster and more effective."
do-it-yourself,2,"{""2025"": 2}",2,The rise of citizen science has grown alongside the rise of do-it-yourself biology laboratories around the world.
table,2,"{""2025"": 2}",0,
demonstrate,2,"{""2025"": 1, ""2026"": 1}",0,
please,2,"{""2025"": 1, ""2026"": 1}",1,Could you please tell me a bit more about them?
makeup,2,"{""2026"": 2}",0,
filters,2,"{""2026"": 2}",0,
travelers,2,"{""2026"": 2}",1,"They've helped pull wheeled vehicles, carry travelers and move goods across the world."
horses,2,"{""2026"": 2}",1,"Now, researchers have used genomes of over 200 donkeys to trace their domestication back to a single event around 7,000 years ago in East Africa — about 3,000 years before humans tamed horses."
co-author,2,"{""2026"": 2}",2,"Through their DNA, the animals are telling their history themselves, co-author Samantha Brooks, an equine researcher at the University of Florida, says in a statement."
brooks,2,"{""2026"": 2}",1,"Through their DNA, the animals are telling their history themselves, co-author Samantha Brooks, an equine researcher at the University of Florida, says in a statement."
accounts,2,"{""2026"": 2}",0,
sequences,2,"{""2026"": 2}",1,"Looking at these DNA sequences, we get a biological testimony to the environment these animals lived in and the experiences they survived."
herders,2,"{""2026"": 2}",1,The team reconstructed the animals' evolutionary tree and used computer models to pinpoint the domestication event when herders in Kenya and the Horn of Africa tamed wild asses.
kreier,2,"{""2026"": 2}",0,
orlando,2,"{""2026"": 2}",1,"Donkeys are champions when it comes to carrying stuff and are good at crossing deserts, co-author Ludovic Orlando, an evolutionary biologist at Paul Sabatier University in France, tells the publication."
narrow,2,"{""2026"": 2}",2,But understanding where the animals were first domesticated could guide archaeologists to a narrow region to search for insights about the original tamed donkeys.
genetic,2,"{""2026"": 2}",0,
directors,2,"{""2026"": 2}",1,"If that sounds melodramatic, consider this: The Art Directors Guild, a labor union representing about 3,000 film workers, has suspended a training program and issued a statement explaining that we cannot in good conscience encourage you to pursue our profession."
pursue,2,"{""2026"": 2}",1,"If that sounds melodramatic, consider this: The Art Directors Guild, a labor union representing about 3,000 film workers, has suspended a training program and issued a statement explaining that we cannot in good conscience encourage you to pursue our profession."
released,2,"{""2026"": 2}",1,"Back then platforms such as Netflix, Amazon and Apple TV hemorrhaged billions of dollars to generate content to attract new subscribers, resulting in 633 scripted series being released that year."
expected,2,"{""2026"": 2}",1,The NAFSN sites experienced less than a quarter of the number of fires that would have been expected without fire suppression.
dip,2,"{""2026"": 2}",0,
productions,2,"{""2026"": 2}",1,These agencies and other government bodies should dramatically improve incentives to keep our current shows and attract new productions to Los Angeles.
gift,2,"{""2026"": 2}",2,The pioneers of wireless saw it as a gift to all the people.
exhibition,2,"{""2026"": 2}",1,"Opening this week, a book and exhibition curated by Beatty Rubens at the Bodleian in Oxford records how radio changed everyday life from 1922 to 1939."
bodleian,2,"{""2026"": 2}",1,"Opening this week, a book and exhibition curated by Beatty Rubens at the Bodleian in Oxford records how radio changed everyday life from 1922 to 1939."
grew,2,"{""2026"": 2}",0,
sheer,2,"{""2026"": 2}",1,"Stand in the shoes of scientists and witness the degree to which breakthroughs emerge from accidents, conflict and sheer mental stamina."
headphones,2,"{""2026"": 2}",2,A cartoon mocks a group failing to converse because they're all in headphones.
tunes,2,"{""2026"": 2}",2,People report that broadcast music made workmen whistle new tunes.
broadcasting,2,"{""2026"": 2}",1,"True: for more than 80 pre-digital years, linear speech broadcasting brought the gift of serendipity, random enlivening of a car journey or dull manual task."
serendipity,2,"{""2026"": 2}",1,"True: for more than 80 pre-digital years, linear speech broadcasting brought the gift of serendipity, random enlivening of a car journey or dull manual task."
dull,2,"{""2026"": 2}",2,"True: for more than 80 pre-digital years, linear speech broadcasting brought the gift of serendipity, random enlivening of a car journey or dull manual task."
isolating,2,"{""2026"": 2}",1,"Today we fret about the isolating culture of smartphone-staring and selfie-vanity, but already in 1939 there was that lady regretting how, when all her street got wirelesses, it lost the neighbourly habit of talking on the brush handle."
low-severity,2,"{""2026"": 2}",1,"Instead, a growing body of research showed that frequent, low-severity fires made many ecosystems healthier."
nafsn,2,"{""2026"": 2}",2,Their North American tree-ring fire-scar network (NAFSN) provided the basis for a study published last month.
suppression,2,"{""2026"": 2}",1,The NAFSN sites experienced less than a quarter of the number of fires that would have been expected without fire suppression.
effectiveness,2,"{""2026"": 2}",2,"This deficit is a testament to the effectiveness of modern firefighting, said Kelly Martin, a past president of the International Association of Wildland Fire."
prichard,2,"{""2026"": 2}",0,
poem,2,"{""2026"": 2}",2,"In his Oxford lectures, Seamus Heaney argued that a poem draws a picture of reality, a glimpsed alternative that sets up a contradiction with your own, in ways little and large."
self-help,2,"{""2026"": 2}",1,Forget self-help books; reading is self-help in action.
isn't,2,"{""2026"": 2}",0,
originally,2,"{""2026"": 2}",0,
ocean,2,"{""2026"": 2}",2,"But outside those narrow pools of interest, a vast ocean awaits, bountiful with simmering ideas, mental adventure and imaginative refreshment."
imagination,2,"{""2026"": 2}",2,Our imagination — remember that? — is rekindled.
britons,1,"{""2020"": 1}",0,
weekend,1,"{""2020"": 1}",0,
nation's,1,"{""2020"": 1}",0,
traditions,1,"{""2020"": 1}",0,
cold,1,"{""2020"": 1}",0,
winter's,1,"{""2020"": 1}",0,
culinary,1,"{""2020"": 1}",0,
pleasures,1,"{""2020"": 1}",0,
police,1,"{""2020"": 1}",1,"Yet as we report now, the food police are determined that this enjoyment should be rendered yet another guilty pleasure guaranteed to damage our health."
rendered,1,"{""2020"": 1}",1,"Yet as we report now, the food police are determined that this enjoyment should be rendered yet another guilty pleasure guaranteed to damage our health."
guilty,1,"{""2020"": 1}",1,"Yet as we report now, the food police are determined that this enjoyment should be rendered yet another guilty pleasure guaranteed to damage our health."
cooked,1,"{""2020"": 1}",1,The Food Standards Authority (FSA) has issued a public warning about the risks of a compound called acrylamide that forms in some foods cooked at high temperatures.
temperatures,1,"{""2020"": 1}",1,The Food Standards Authority (FSA) has issued a public warning about the risks of a compound called acrylamide that forms in some foods cooked at high temperatures.
crisping,1,"{""2020"": 1}",1,"This means that people should avoid crisping their roast potatoes, reject thin-crust pizzas and only partially toast their bread."
potatoes,1,"{""2020"": 1}",1,"This means that people should avoid crisping their roast potatoes, reject thin-crust pizzas and only partially toast their bread."
reject,1,"{""2020"": 1}",1,"This means that people should avoid crisping their roast potatoes, reject thin-crust pizzas and only partially toast their bread."
thin-crust,1,"{""2020"": 1}",1,"This means that people should avoid crisping their roast potatoes, reject thin-crust pizzas and only partially toast their bread."
pizzas,1,"{""2020"": 1}",1,"This means that people should avoid crisping their roast potatoes, reject thin-crust pizzas and only partially toast their bread."
toast,1,"{""2020"": 1}",1,"This means that people should avoid crisping their roast potatoes, reject thin-crust pizzas and only partially toast their bread."
alarmist,1,"{""2020"": 1}",0,
neurological,1,"{""2020"": 1}",1,"While studies have shown that acrylamide can cause neurological damage in mice, there is no conclusive evidence that it causes cancer in humans."
mice,1,"{""2020"": 1}",1,"While studies have shown that acrylamide can cause neurological damage in mice, there is no conclusive evidence that it causes cancer in humans."
proof,1,"{""2020"": 1}",1,Scientists say the compound is likely to cause cancer but have no hard scientific proof.
precautionary,1,"{""2020"": 1}",1,"On the basis of the precautionary principle, it could be argued that it is advisable to follow the FSA advice."
principle,1,"{""2020"": 1}",1,"On the basis of the precautionary principle, it could be argued that it is advisable to follow the FSA advice."
rumoured,1,"{""2020"": 1}",1,"After all, it was rumoured that smoking caused cancer for years before the evidence was found to prove a connection."
smoking,1,"{""2020"": 1}",1,"After all, it was rumoured that smoking caused cancer for years before the evidence was found to prove a connection."
doubtless,1,"{""2020"": 1}",1,"Doubtless a piece of boiled beef can always be served up on Sunday alongside some steamed vegetables, without the Yorkshire pudding and no wine."
boiled,1,"{""2020"": 1}",1,"Doubtless a piece of boiled beef can always be served up on Sunday alongside some steamed vegetables, without the Yorkshire pudding and no wine."
beef,1,"{""2020"": 1}",1,"Doubtless a piece of boiled beef can always be served up on Sunday alongside some steamed vegetables, without the Yorkshire pudding and no wine."
steamed,1,"{""2020"": 1}",1,"Doubtless a piece of boiled beef can always be served up on Sunday alongside some steamed vegetables, without the Yorkshire pudding and no wine."
vegetables,1,"{""2020"": 1}",1,"Doubtless a piece of boiled beef can always be served up on Sunday alongside some steamed vegetables, without the Yorkshire pudding and no wine."
yorkshire,1,"{""2020"": 1}",1,"Doubtless a piece of boiled beef can always be served up on Sunday alongside some steamed vegetables, without the Yorkshire pudding and no wine."
pudding,1,"{""2020"": 1}",1,"Doubtless a piece of boiled beef can always be served up on Sunday alongside some steamed vegetables, without the Yorkshire pudding and no wine."
wine,1,"{""2020"": 1}",1,"Doubtless a piece of boiled beef can always be served up on Sunday alongside some steamed vegetables, without the Yorkshire pudding and no wine."
lifetime,1,"{""2020"": 1}",1,"To be fair, the FSA says it is not telling people to cut out roast foods entirely, but to reduce their lifetime intake."
intake,1,"{""2020"": 1}",1,"To be fair, the FSA says it is not telling people to cut out roast foods entirely, but to reduce their lifetime intake."
cross,1,"{""2020"": 1}",1,"However, its campaign risks coming a cross as being pushy and overprotective."
pushy,1,"{""2020"": 1}",1,"However, its campaign risks coming a cross as being pushy and overprotective."
overprotective,1,"{""2020"": 1}",1,"However, its campaign risks coming a cross as being pushy and overprotective."
scares,1,"{""2020"": 1}",1,Constant health scares just end up with no one listening.
till,1,"{""2020"": 1}",0,
match,1,"{""2020"": 1}",0,
enjoyment,1,"{""2020"": 1}",1,"Yet as we report now, the food police are determined that this enjoyment should be rendered yet another guilty pleasure guaranteed to damage our health."
intensified,1,"{""2020"": 1}",0,
compelled,1,"{""2020"": 1}",0,
ignored,1,"{""2020"": 1}",0,
cancelled,1,"{""2020"": 1}",0,
finish,1,"{""2020"": 1}",0,
regret,1,"{""2020"": 1}",0,
partially,1,"{""2020"": 1}",1,"This means that people should avoid crisping their roast potatoes, reject thin-crust pizzas and only partially toast their bread."
conclusive,1,"{""2020"": 1}",1,"While studies have shown that acrylamide can cause neurological damage in mice, there is no conclusive evidence that it causes cancer in humans."
fortunate,1,"{""2020"": 1}",0,
advisable,1,"{""2020"": 1}",1,"On the basis of the precautionary principle, it could be argued that it is advisable to follow the FSA advice."
usual,1,"{""2020"": 1}",0,
resemblance,1,"{""2020"": 1}",0,
pattern,1,"{""2020"": 1}",0,
reluctantly,1,"{""2020"": 1}",0,
mps,1,"{""2020"": 1}",1,"A group of Labour MPs, among them Yvette Cooper, are bringing in the new year with a call to institute a UK town of culture award."
yvette,1,"{""2020"": 1}",1,"A group of Labour MPs, among them Yvette Cooper, are bringing in the new year with a call to institute a UK town of culture award."
awarded,1,"{""2020"": 1}",1,"The proposal is that it should sit alongside the existing city of culture title, which was held by Hull in 2017, and has been awarded to Coventry for 2021."
coventry,1,"{""2020"": 1}",1,"The proposal is that it should sit alongside the existing city of culture title, which was held by Hull in 2017, and has been awarded to Coventry for 2021."
crown,1,"{""2020"": 1}",0,
avalanche,1,"{""2020"": 1}",0,
applying,1,"{""2020"": 1}",0,
bid,1,"{""2020"": 1}",0,
beat,1,"{""2020"": 1}",0,
bigger,1,"{""2020"": 1}",0,
competitors,1,"{""2020"": 1}",0,
booby,1,"{""2020"": 1}",1,"Some might see the proposal as a booby prize for the fact that Britain is no longer able to apply for the much more prestigious title of European capital of culture, a sought-after award bagged by Glasgow in 1990 and Liverpool in 2008."
prestigious,1,"{""2020"": 1}",1,"Some might see the proposal as a booby prize for the fact that Britain is no longer able to apply for the much more prestigious title of European capital of culture, a sought-after award bagged by Glasgow in 1990 and Liverpool in 2008."
sought-after,1,"{""2020"": 1}",1,"Some might see the proposal as a booby prize for the fact that Britain is no longer able to apply for the much more prestigious title of European capital of culture, a sought-after award bagged by Glasgow in 1990 and Liverpool in 2008."
bagged,1,"{""2020"": 1}",1,"Some might see the proposal as a booby prize for the fact that Britain is no longer able to apply for the much more prestigious title of European capital of culture, a sought-after award bagged by Glasgow in 1990 and Liverpool in 2008."
liverpool,1,"{""2020"": 1}",1,"Some might see the proposal as a booby prize for the fact that Britain is no longer able to apply for the much more prestigious title of European capital of culture, a sought-after award bagged by Glasgow in 1990 and Liverpool in 2008."
cynic,1,"{""2020"": 1}",1,"A cynic might speculate that the UK is on the verge of disappearing into an endless fever of self-celebration in its desperation to reinvent itself for the post-Brexit world: after town of culture, who knows what will follow—village of culture?"
speculate,1,"{""2020"": 1}",1,"A cynic might speculate that the UK is on the verge of disappearing into an endless fever of self-celebration in its desperation to reinvent itself for the post-Brexit world: after town of culture, who knows what will follow—village of culture?"
verge,1,"{""2020"": 1}",1,"A cynic might speculate that the UK is on the verge of disappearing into an endless fever of self-celebration in its desperation to reinvent itself for the post-Brexit world: after town of culture, who knows what will follow—village of culture?"
disappearing,1,"{""2020"": 1}",1,"A cynic might speculate that the UK is on the verge of disappearing into an endless fever of self-celebration in its desperation to reinvent itself for the post-Brexit world: after town of culture, who knows what will follow—village of culture?"
fever,1,"{""2020"": 1}",1,"A cynic might speculate that the UK is on the verge of disappearing into an endless fever of self-celebration in its desperation to reinvent itself for the post-Brexit world: after town of culture, who knows what will follow—village of culture?"
self-celebration,1,"{""2020"": 1}",1,"A cynic might speculate that the UK is on the verge of disappearing into an endless fever of self-celebration in its desperation to reinvent itself for the post-Brexit world: after town of culture, who knows what will follow—village of culture?"
desperation,1,"{""2020"": 1}",1,"A cynic might speculate that the UK is on the verge of disappearing into an endless fever of self-celebration in its desperation to reinvent itself for the post-Brexit world: after town of culture, who knows what will follow—village of culture?"
reinvent,1,"{""2020"": 1}",1,"A cynic might speculate that the UK is on the verge of disappearing into an endless fever of self-celebration in its desperation to reinvent itself for the post-Brexit world: after town of culture, who knows what will follow—village of culture?"
post-brexit,1,"{""2020"": 1}",1,"A cynic might speculate that the UK is on the verge of disappearing into an endless fever of self-celebration in its desperation to reinvent itself for the post-Brexit world: after town of culture, who knows what will follow—village of culture?"
knows,1,"{""2020"": 1}",1,"A cynic might speculate that the UK is on the verge of disappearing into an endless fever of self-celebration in its desperation to reinvent itself for the post-Brexit world: after town of culture, who knows what will follow—village of culture?"
suburb,1,"{""2020"": 1}",0,
hamlet,1,"{""2020"": 1}",0,
wise,1,"{""2020"": 1}",1,It is also wise to recall that such titles are not a cure-all.
cure-all,1,"{""2020"": 1}",1,It is also wise to recall that such titles are not a cure-all.
washes,1,"{""2020"": 1}",1,"A badly run year of culture washes in and out of a place like the tide, bringing prominence for a spell but leaving no lasting benefits to the community."
tide,1,"{""2020"": 1}",1,"A badly run year of culture washes in and out of a place like the tide, bringing prominence for a spell but leaving no lasting benefits to the community."
spell,1,"{""2020"": 1}",1,"A badly run year of culture washes in and out of a place like the tide, bringing prominence for a spell but leaving no lasting benefits to the community."
lasting,1,"{""2020"": 1}",1,"A badly run year of culture washes in and out of a place like the tide, bringing prominence for a spell but leaving no lasting benefits to the community."
holders,1,"{""2020"": 1}",1,The really successful holders of such titles are those that do a great deal more than fill hotel bedrooms and bring in high-profile arts events and good press for a year.
bedrooms,1,"{""2020"": 1}",1,The really successful holders of such titles are those that do a great deal more than fill hotel bedrooms and bring in high-profile arts events and good press for a year.
high-profile,1,"{""2020"": 1}",1,The really successful holders of such titles are those that do a great deal more than fill hotel bedrooms and bring in high-profile arts events and good press for a year.
transform,1,"{""2020"": 1}",1,They transform the aspirations of the people who live there; they nudge the self-image of the city into a bolder and more optimistic light.
nudge,1,"{""2020"": 1}",1,They transform the aspirations of the people who live there; they nudge the self-image of the city into a bolder and more optimistic light.
self-image,1,"{""2020"": 1}",1,They transform the aspirations of the people who live there; they nudge the self-image of the city into a bolder and more optimistic light.
bolder,1,"{""2020"": 1}",1,They transform the aspirations of the people who live there; they nudge the self-image of the city into a bolder and more optimistic light.
optimistic,1,"{""2020"": 1}",1,They transform the aspirations of the people who live there; they nudge the self-image of the city into a bolder and more optimistic light.
organisations,1,"{""2020"": 1}",1,"It is hard to get right, and requires a remarkable degree of vision, as well as cooperation between city authorities, the private sector, community groups and cultural organisations."
glasgow's,1,"{""2020"": 1}",0,
powerhouse,1,"{""2020"": 1}",0,
theatre,1,"{""2020"": 1}",0,
honouring,1,"{""2020"": 1}",0,
town's,1,"{""2020"": 1}",0,
peculiarities,1,"{""2020"": 1}",0,
sustain,1,"{""2020"": 1}",0,
jeremy,1,"{""2020"": 1}",1,"Jeremy Wright, the culture secretary, should welcome this positive, hope-filled proposal, and tum it into action."
wright,1,"{""2020"": 1}",1,"Jeremy Wright, the culture secretary, should welcome this positive, hope-filled proposal, and tum it into action."
secretary,1,"{""2020"": 1}",1,"Jeremy Wright, the culture secretary, should welcome this positive, hope-filled proposal, and tum it into action."
positive,1,"{""2020"": 1}",1,"Jeremy Wright, the culture secretary, should welcome this positive, hope-filled proposal, and tum it into action."
hope-filled,1,"{""2020"": 1}",1,"Jeremy Wright, the culture secretary, should welcome this positive, hope-filled proposal, and tum it into action."
consolidate,1,"{""2020"": 1}",0,
town-city,1,"{""2020"": 1}",0,
ties,1,"{""2020"": 1}",0,
strength,1,"{""2020"": 1}",0,
regarded,1,"{""2020"": 1}",0,
compromise,1,"{""2020"": 1}",0,
self-deceiving,1,"{""2020"": 1}",0,
eye-catching,1,"{""2020"": 1}",0,
bonus,1,"{""2020"": 1}",0,
inaccessible,1,"{""2020"": 1}",0,
holder,1,"{""2020"": 1}",0,
meets,1,"{""2020"": 1}",0,
commits,1,"{""2020"": 1}",0,
contrasting,1,"{""2020"": 1}",0,
background,1,"{""2020"": 1}",0,
topic,1,"{""2020"": 1}",0,
skeptical,1,"{""2020"": 1}",0,
objective,1,"{""2020"": 1}",0,
favourable,1,"{""2020"": 1}",0,
reward,1,"{""2020"": 1}",1,"Scientists need journals in which to publish their research, so they will supply the articles without monetary reward."
perform,1,"{""2020"": 1}",1,"Other scientists perform the specialised work of peer review also for free, because it is a central element in the acquisition of status and the production of scientific knowledge."
specialised,1,"{""2020"": 1}",1,"Other scientists perform the specialised work of peer review also for free, because it is a central element in the acquisition of status and the production of scientific knowledge."
element,1,"{""2020"": 1}",1,"Other scientists perform the specialised work of peer review also for free, because it is a central element in the acquisition of status and the production of scientific knowledge."
routinely,1,"{""2020"": 1}",1,"Scientific publishers routinely report profit margins approaching 40% on their operations, at a time when the rest of the publishing industry is in an existential crisis."
dutch,1,"{""2020"": 1}",0,
giant,1,"{""2020"": 1}",0,
unstoppably,1,"{""2020"": 1}",0,
desperate,1,"{""2020"": 1}",0,
drastic,1,"{""2020"": 1}",1,"The most drastic, and thoroughly illegal, reaction has been the emergence of Sci-Hub, a kind of global photocopier for scientific papers, set up in 2012, which now claims to offer access to every paywalled article published since 2015."
thoroughly,1,"{""2020"": 1}",1,"The most drastic, and thoroughly illegal, reaction has been the emergence of Sci-Hub, a kind of global photocopier for scientific papers, set up in 2012, which now claims to offer access to every paywalled article published since 2015."
emergence,1,"{""2020"": 1}",1,"The most drastic, and thoroughly illegal, reaction has been the emergence of Sci-Hub, a kind of global photocopier for scientific papers, set up in 2012, which now claims to offer access to every paywalled article published since 2015."
photocopier,1,"{""2020"": 1}",1,"The most drastic, and thoroughly illegal, reaction has been the emergence of Sci-Hub, a kind of global photocopier for scientific papers, set up in 2012, which now claims to offer access to every paywalled article published since 2015."
relies,1,"{""2020"": 1}",1,"The success of Sci-Hub, which relies on researchers passing on copies they have themselves legally accessed, shows the legal ecosystem has lost legitimacy among its users and must be transformed so that it works for all participants."
passing,1,"{""2020"": 1}",1,"The success of Sci-Hub, which relies on researchers passing on copies they have themselves legally accessed, shows the legal ecosystem has lost legitimacy among its users and must be transformed so that it works for all participants."
accessed,1,"{""2020"": 1}",1,"The success of Sci-Hub, which relies on researchers passing on copies they have themselves legally accessed, shows the legal ecosystem has lost legitimacy among its users and must be transformed so that it works for all participants."
ecosystem,1,"{""2020"": 1}",1,"The success of Sci-Hub, which relies on researchers passing on copies they have themselves legally accessed, shows the legal ecosystem has lost legitimacy among its users and must be transformed so that it works for all participants."
legitimacy,1,"{""2020"": 1}",1,"The success of Sci-Hub, which relies on researchers passing on copies they have themselves legally accessed, shows the legal ecosystem has lost legitimacy among its users and must be transformed so that it works for all participants."
charging,1,"{""2020"": 1}",1,Publishers have responded to the demand that they make their product free to readers by charging their writers fees to cover the costs of preparing an article.
fees,1,"{""2020"": 1}",1,Publishers have responded to the demand that they make their product free to readers by charging their writers fees to cover the costs of preparing an article.
cover,1,"{""2020"": 1}",1,Publishers have responded to the demand that they make their product free to readers by charging their writers fees to cover the costs of preparing an article.
preparing,1,"{""2020"": 1}",1,Publishers have responded to the demand that they make their product free to readers by charging their writers fees to cover the costs of preparing an article.
resembles,1,"{""2020"": 1}",1,"In some ways the scientific publishing model resembles the economy of the social internet: labour is provided free in exchange for the hope of status, while huge profits are made by a few big firms who run the market places."
rebalancing,1,"{""2020"": 1}",1,"In both cases, we need a rebalancing of power."
steady,1,"{""2020"": 1}",0,
payment,1,"{""2020"": 1}",0,
thrived,1,"{""2020"": 1}",0,
revived,1,"{""2020"": 1}",0,
financed,1,"{""2020"": 1}",0,
generously,1,"{""2020"": 1}",0,
burdens,1,"{""2020"": 1}",0,
characterizes,1,"{""2020"": 1}",0,
subscription,1,"{""2020"": 1}",0,
triumphs,1,"{""2020"": 1}",0,
feed,1,"{""2020"": 1}",0,
progressives,1,"{""2020"": 1}",1,Progressives often support diversity mandates as a path to equality and a way to level the playing field.
equality,1,"{""2020"": 1}",1,Progressives often support diversity mandates as a path to equality and a way to level the playing field.
playing,1,"{""2020"": 1}",1,Progressives often support diversity mandates as a path to equality and a way to level the playing field.
insincere,1,"{""2020"": 1}",1,But all too often such policies are an insincere form of virtue-signaling that benefits only the most privileged and does little to help average people.
virtue-signaling,1,"{""2020"": 1}",1,But all too often such policies are an insincere form of virtue-signaling that benefits only the most privileged and does little to help average people.
pair,1,"{""2020"": 1}",1,"A pair of bills sponsored by Massachusetts state Senator Jason Lewis and House Speaker Pro Tempore Patricia Haddad, to ensure gender parity on boards and commissions, provide a case in point."
senator,1,"{""2020"": 1}",1,"A pair of bills sponsored by Massachusetts state Senator Jason Lewis and House Speaker Pro Tempore Patricia Haddad, to ensure gender parity on boards and commissions, provide a case in point."
jason,1,"{""2020"": 1}",1,"A pair of bills sponsored by Massachusetts state Senator Jason Lewis and House Speaker Pro Tempore Patricia Haddad, to ensure gender parity on boards and commissions, provide a case in point."
speaker,1,"{""2020"": 1}",1,"A pair of bills sponsored by Massachusetts state Senator Jason Lewis and House Speaker Pro Tempore Patricia Haddad, to ensure gender parity on boards and commissions, provide a case in point."
pro,1,"{""2020"": 1}",1,"A pair of bills sponsored by Massachusetts state Senator Jason Lewis and House Speaker Pro Tempore Patricia Haddad, to ensure gender parity on boards and commissions, provide a case in point."
tempore,1,"{""2020"": 1}",1,"A pair of bills sponsored by Massachusetts state Senator Jason Lewis and House Speaker Pro Tempore Patricia Haddad, to ensure gender parity on boards and commissions, provide a case in point."
parity,1,"{""2020"": 1}",1,"A pair of bills sponsored by Massachusetts state Senator Jason Lewis and House Speaker Pro Tempore Patricia Haddad, to ensure gender parity on boards and commissions, provide a case in point."
state-government,1,"{""2020"": 1}",1,Haddad and Lewis are concerned that more than half the state-government boards are less than 40 percent female.
aside,1,"{""2020"": 1}",1,"If the bills become law, state boards and commissions will be required to set aside 50 percent of board seats for women by 2022."
signing,1,"{""2020"": 1}",1,"In signing the measure, California Governor Jerry Brown admitted that the law, which expressly classifies people on the basis of sex, is probably unconstitutional."
jerry,1,"{""2020"": 1}",1,"In signing the measure, California Governor Jerry Brown admitted that the law, which expressly classifies people on the basis of sex, is probably unconstitutional."
brown,1,"{""2020"": 1}",1,"In signing the measure, California Governor Jerry Brown admitted that the law, which expressly classifies people on the basis of sex, is probably unconstitutional."
expressly,1,"{""2020"": 1}",1,"In signing the measure, California Governor Jerry Brown admitted that the law, which expressly classifies people on the basis of sex, is probably unconstitutional."
classifies,1,"{""2020"": 1}",1,"In signing the measure, California Governor Jerry Brown admitted that the law, which expressly classifies people on the basis of sex, is probably unconstitutional."
sex,1,"{""2020"": 1}",1,"In signing the measure, California Governor Jerry Brown admitted that the law, which expressly classifies people on the basis of sex, is probably unconstitutional."
unconstitutional,1,"{""2020"": 1}",1,"In signing the measure, California Governor Jerry Brown admitted that the law, which expressly classifies people on the basis of sex, is probably unconstitutional."
frowns,1,"{""2020"": 1}",1,"The US Supreme Court frowns on sex-based classifications unless they are designed to address an important policy interest, Because the California law applies to all boards, even where there is no history of prior discrimination, courts are likely to rule that the law violates the constitutional guarantee of equal protection."
sex-based,1,"{""2020"": 1}",1,"The US Supreme Court frowns on sex-based classifications unless they are designed to address an important policy interest, Because the California law applies to all boards, even where there is no history of prior discrimination, courts are likely to rule that the law violates the constitutional guarantee of equal protection."
classifications,1,"{""2020"": 1}",1,"The US Supreme Court frowns on sex-based classifications unless they are designed to address an important policy interest, Because the California law applies to all boards, even where there is no history of prior discrimination, courts are likely to rule that the law violates the constitutional guarantee of equal protection."
discrimination,1,"{""2020"": 1}",1,"The US Supreme Court frowns on sex-based classifications unless they are designed to address an important policy interest, Because the California law applies to all boards, even where there is no history of prior discrimination, courts are likely to rule that the law violates the constitutional guarantee of equal protection."
rule,1,"{""2020"": 1}",1,"The US Supreme Court frowns on sex-based classifications unless they are designed to address an important policy interest, Because the California law applies to all boards, even where there is no history of prior discrimination, courts are likely to rule that the law violates the constitutional guarantee of equal protection."
violates,1,"{""2020"": 1}",1,"The US Supreme Court frowns on sex-based classifications unless they are designed to address an important policy interest, Because the California law applies to all boards, even where there is no history of prior discrimination, courts are likely to rule that the law violates the constitutional guarantee of equal protection."
guarantee,1,"{""2020"": 1}",1,"The US Supreme Court frowns on sex-based classifications unless they are designed to address an important policy interest, Because the California law applies to all boards, even where there is no history of prior discrimination, courts are likely to rule that the law violates the constitutional guarantee of equal protection."
interference,1,"{""2020"": 1}",1,The number of women on corporate boards has been steadily increasing without government interference.
qualification,1,"{""2020"": 1}",1,Requiring companies to make gender the primary qualification for board membership will inevitably lead to less experienced private sector boards.
inevitably,1,"{""2020"": 1}",1,Requiring companies to make gender the primary qualification for board membership will inevitably lead to less experienced private sector boards.
norway,1,"{""2020"": 1}",1,That is exactly what happened when Norway adopted a nationwide corporate gender quota.
alice,1,"{""2020"": 1}",1,"Writing in The New Republic, Alice Lee notes that increasing the number of opportunities for board membership without increasing the pool of qualified women to serve on such boards has led to a golden skirt phenomenon, where the same elite women scoop up multiple seats on a variety of boards."
lee,1,"{""2020"": 1}",1,"Writing in The New Republic, Alice Lee notes that increasing the number of opportunities for board membership without increasing the pool of qualified women to serve on such boards has led to a golden skirt phenomenon, where the same elite women scoop up multiple seats on a variety of boards."
skirt,1,"{""2020"": 1}",1,"Writing in The New Republic, Alice Lee notes that increasing the number of opportunities for board membership without increasing the pool of qualified women to serve on such boards has led to a golden skirt phenomenon, where the same elite women scoop up multiple seats on a variety of boards."
scoop,1,"{""2020"": 1}",1,"Writing in The New Republic, Alice Lee notes that increasing the number of opportunities for board membership without increasing the pool of qualified women to serve on such boards has led to a golden skirt phenomenon, where the same elite women scoop up multiple seats on a variety of boards."
somebody,1,"{""2020"": 1}",1,"Next time somebody pushes corporate quotas as a way to promote gender equity, remember that such policies are largely self-serving measures that make their sponsors feelgood but do little to help average women."
pushes,1,"{""2020"": 1}",1,"Next time somebody pushes corporate quotas as a way to promote gender equity, remember that such policies are largely self-serving measures that make their sponsors feelgood but do little to help average women."
equity,1,"{""2020"": 1}",1,"Next time somebody pushes corporate quotas as a way to promote gender equity, remember that such policies are largely self-serving measures that make their sponsors feelgood but do little to help average women."
self-serving,1,"{""2020"": 1}",1,"Next time somebody pushes corporate quotas as a way to promote gender equity, remember that such policies are largely self-serving measures that make their sponsors feelgood but do little to help average women."
sponsors,1,"{""2020"": 1}",1,"Next time somebody pushes corporate quotas as a way to promote gender equity, remember that such policies are largely self-serving measures that make their sponsors feelgood but do little to help average women."
feelgood,1,"{""2020"": 1}",1,"Next time somebody pushes corporate quotas as a way to promote gender equity, remember that such policies are largely self-serving measures that make their sponsors feelgood but do little to help average women."
pose,1,"{""2020"": 1}",0,
broaden,1,"{""2020"": 1}",0,
irritated,1,"{""2020"": 1}",0,
welcomed,1,"{""2020"": 1}",0,
constitution,1,"{""2020"": 1}",0,
settle,1,"{""2020"": 1}",0,
controversies,1,"{""2020"": 1}",0,
guarantees,1,"{""2020"": 1}",0,
needlessness,1,"{""2020"": 1}",0,
interventions,1,"{""2020"": 1}",0,
norway's,1,"{""2020"": 1}",0,
adoption,1,"{""2020"": 1}",0,
underestimation,1,"{""2020"": 1}",0,
objection,1,"{""2020"": 1}",0,
unqualified,1,"{""2020"": 1}",0,
feasibility,1,"{""2020"": 1}",0,
prime,1,"{""2020"": 1}",0,
policymaking,1,"{""2020"": 1}",0,
thursday,1,"{""2020"": 1}",1,"Last Thursday, the French Senate passed a digital services tax, which would impose an entirely new tax on large multinationals that provide digital services to consumers or users in France."
platform,1,"{""2020"": 1}",1,"Digital services include everything from providing a platform for selling goods and services online to targeting advertising based on user data, and the tax applies to gross revenue from such services."
targeting,1,"{""2020"": 1}",1,"Digital services include everything from providing a platform for selling goods and services online to targeting advertising based on user data, and the tax applies to gross revenue from such services."
gross,1,"{""2020"": 1}",1,"Digital services include everything from providing a platform for selling goods and services online to targeting advertising based on user data, and the tax applies to gross revenue from such services."
politicians,1,"{""2020"": 1}",1,"Many French politicians and media outlets have referred to this as a GAFA tax, meaning that it is designed to apply primarily to companies such as Google, Apple, Facebook and Amazon—in other words, multinational tech companies based in the United States."
referred,1,"{""2020"": 1}",1,"Many French politicians and media outlets have referred to this as a GAFA tax, meaning that it is designed to apply primarily to companies such as Google, Apple, Facebook and Amazon—in other words, multinational tech companies based in the United States."
gafa,1,"{""2020"": 1}",1,"Many French politicians and media outlets have referred to this as a GAFA tax, meaning that it is designed to apply primarily to companies such as Google, Apple, Facebook and Amazon—in other words, multinational tech companies based in the United States."
google,1,"{""2020"": 1}",1,"Many French politicians and media outlets have referred to this as a GAFA tax, meaning that it is designed to apply primarily to companies such as Google, Apple, Facebook and Amazon—in other words, multinational tech companies based in the United States."
facebook,1,"{""2020"": 1}",1,"Many French politicians and media outlets have referred to this as a GAFA tax, meaning that it is designed to apply primarily to companies such as Google, Apple, Facebook and Amazon—in other words, multinational tech companies based in the United States."
emmanuel,1,"{""2020"": 1}",1,"The digital services tax now awaits the signature of President Emmanuel Macron, who has expressed support for the measure, and it could go into effect within the next few weeks."
macron,1,"{""2020"": 1}",1,"The digital services tax now awaits the signature of President Emmanuel Macron, who has expressed support for the measure, and it could go into effect within the next few weeks."
controversy,1,"{""2020"": 1}",1,"But it has already sparked significant controversy, with the United States trade representative opening an investigation into whether the tax discriminates against American companies, which in tum could lead to trade sanctions against France."
representative,1,"{""2020"": 1}",1,"But it has already sparked significant controversy, with the United States trade representative opening an investigation into whether the tax discriminates against American companies, which in tum could lead to trade sanctions against France."
discriminates,1,"{""2020"": 1}",1,"But it has already sparked significant controversy, with the United States trade representative opening an investigation into whether the tax discriminates against American companies, which in tum could lead to trade sanctions against France."
proposing,1,"{""2020"": 1}",1,"Instead, the digital services tax is part of a much larger trend, with countries over the past few years proposing or putting in place an alphabet soup of new international tax provisions."
putting,1,"{""2020"": 1}",1,"Instead, the digital services tax is part of a much larger trend, with countries over the past few years proposing or putting in place an alphabet soup of new international tax provisions."
alphabet,1,"{""2020"": 1}",1,"Instead, the digital services tax is part of a much larger trend, with countries over the past few years proposing or putting in place an alphabet soup of new international tax provisions."
soup,1,"{""2020"": 1}",1,"Instead, the digital services tax is part of a much larger trend, with countries over the past few years proposing or putting in place an alphabet soup of new international tax provisions."
dpt,1,"{""2020"": 1}",0,
diverted,1,"{""2020"": 1}",0,
australia's,1,"{""2020"": 1}",0,
maal,1,"{""2020"": 1}",0,
antiavoidance,1,"{""2020"": 1}",0,
india's,1,"{""2020"": 1}",0,
sep,1,"{""2020"": 1}",0,
presence,1,"{""2020"": 1}",0,
seriously,1,"{""2020"": 1}",1,"At the same time, the European Union, Spain, Britain and several other countries have all seriously contemplated digital services taxes."
contemplated,1,"{""2020"": 1}",1,"At the same time, the European Union, Spain, Britain and several other countries have all seriously contemplated digital services taxes."
developments,1,"{""2020"": 1}",1,"These unilateral developments differ in their specifics, but they are all designed to tax multinationals on income and revenue that countries believe they should have a right to tax, even if international tax rules do not grant them that right."
specifics,1,"{""2020"": 1}",1,"These unilateral developments differ in their specifics, but they are all designed to tax multinationals on income and revenue that countries believe they should have a right to tax, even if international tax rules do not grant them that right."
organization's,1,"{""2020"": 1}",0,
broad,1,"{""2020"": 1}",0,
reforming,1,"{""2020"": 1}",0,
cascade,1,"{""2020"": 1}",0,
burdensome,1,"{""2020"": 1}",0,
quit,1,"{""2020"": 1}",0,
tensions,1,"{""2020"": 1}",0,
apt,1,"{""2020"": 1}",0,
arouse,1,"{""2020"": 1}",0,
abroad,1,"{""2020"": 1}",0,
trigger,1,"{""2020"": 1}",0,
adopting,1,"{""2020"": 1}",0,
upgrading,1,"{""2020"": 1}",0,
redistribution,1,"{""2020"": 1}",0,
monopoly,1,"{""2020"": 1}",0,
taxing,1,"{""2020"": 1}",0,
oecd's,1,"{""2020"": 1}",0,
resisted,1,"{""2020"": 1}",0,
uncertain,1,"{""2020"": 1}",0,
readjusted,1,"{""2020"": 1}",0,
immediately,1,"{""2020"": 1}",0,
leads,1,"{""2020"": 1}",0,
fixations,1,"{""2020"": 1}",0,
rude,1,"{""2020"": 1}",0,
reacts,1,"{""2020"": 1}",0,
strangers,1,"{""2020"": 1}",0,
aggressive,1,"{""2020"": 1}",0,
antagonistic,1,"{""2020"": 1}",1,But it can also be antagonistic such as when a political candidate turns toward their competitor during a debate and makes eye contact that signals hostility.
candidate,1,"{""2020"": 1}",1,But it can also be antagonistic such as when a political candidate turns toward their competitor during a debate and makes eye contact that signals hostility.
turns,1,"{""2020"": 1}",1,But it can also be antagonistic such as when a political candidate turns toward their competitor during a debate and makes eye contact that signals hostility.
competitor,1,"{""2020"": 1}",1,But it can also be antagonistic such as when a political candidate turns toward their competitor during a debate and makes eye contact that signals hostility.
hostility,1,"{""2020"": 1}",1,But it can also be antagonistic such as when a political candidate turns toward their competitor during a debate and makes eye contact that signals hostility.
here's,1,"{""2020"": 1}",0,
mother's,1,"{""2020"": 1}",0,
mutual,1,"{""2020"": 1}",1,This mutual gaze is a major part of the attachment between mother and child.
attachment,1,"{""2020"": 1}",1,This mutual gaze is a major part of the attachment between mother and child.
mother,1,"{""2020"": 1}",1,This mutual gaze is a major part of the attachment between mother and child.
pleasant,1,"{""2020"": 1}",1,"In adulthood, looking at someone else in a pleasant way can be a complimentary sign of paying attention."
complimentary,1,"{""2020"": 1}",1,"In adulthood, looking at someone else in a pleasant way can be a complimentary sign of paying attention."
someone's,1,"{""2020"": 1}",0,
crowded,1,"{""2020"": 1}",0,
confidence,1,"{""2020"": 1}",0,
common-sense,1,"{""2020"": 1}",0,
psychologist,1,"{""2020"": 1}",0,
monica,1,"{""2020"": 1}",0,
moore,1,"{""2020"": 1}",0,
neuroscientist,1,"{""2020"": 1}",1,Neuroscientist Bonnie Auyeung found that the hormone oxytocin increased the amount of eye contact from men toward the interviewer during a brief interview when the direction of their gaze was recorded.
bonnie,1,"{""2020"": 1}",1,Neuroscientist Bonnie Auyeung found that the hormone oxytocin increased the amount of eye contact from men toward the interviewer during a brief interview when the direction of their gaze was recorded.
auyeung,1,"{""2020"": 1}",1,Neuroscientist Bonnie Auyeung found that the hormone oxytocin increased the amount of eye contact from men toward the interviewer during a brief interview when the direction of their gaze was recorded.
hormone,1,"{""2020"": 1}",1,Neuroscientist Bonnie Auyeung found that the hormone oxytocin increased the amount of eye contact from men toward the interviewer during a brief interview when the direction of their gaze was recorded.
oxytocin,1,"{""2020"": 1}",1,Neuroscientist Bonnie Auyeung found that the hormone oxytocin increased the amount of eye contact from men toward the interviewer during a brief interview when the direction of their gaze was recorded.
interviewer,1,"{""2020"": 1}",1,Neuroscientist Bonnie Auyeung found that the hormone oxytocin increased the amount of eye contact from men toward the interviewer during a brief interview when the direction of their gaze was recorded.
interview,1,"{""2020"": 1}",1,Neuroscientist Bonnie Auyeung found that the hormone oxytocin increased the amount of eye contact from men toward the interviewer during a brief interview when the direction of their gaze was recorded.
high-functioning,1,"{""2020"": 1}",1,"This was also found in high-functioning men with some autistic spectrum symptoms, who may tend to avoid eye contact."
autistic,1,"{""2020"": 1}",1,"This was also found in high-functioning men with some autistic spectrum symptoms, who may tend to avoid eye contact."
spectrum,1,"{""2020"": 1}",1,"This was also found in high-functioning men with some autistic spectrum symptoms, who may tend to avoid eye contact."
explored,1,"{""2020"": 1}",0,
scanning,1,"{""2020"": 1}",0,
eye-tracking,1,"{""2020"": 1}",1,"With the use of eye-tracking technology, Minson of the Harvard Kennedy School of Government concluded that eye contact can signal very different kinds of messages, depending on the situation."
harvard,1,"{""2020"": 1}",1,"With the use of eye-tracking technology, Minson of the Harvard Kennedy School of Government concluded that eye contact can signal very different kinds of messages, depending on the situation."
kennedy,1,"{""2020"": 1}",1,"With the use of eye-tracking technology, Minson of the Harvard Kennedy School of Government concluded that eye contact can signal very different kinds of messages, depending on the situation."
depending,1,"{""2020"": 1}",1,"With the use of eye-tracking technology, Minson of the Harvard Kennedy School of Government concluded that eye contact can signal very different kinds of messages, depending on the situation."
trust,1,"{""2020"": 1}",0,
intimidation,1,"{""2020"": 1}",0,
adversarial,1,"{""2020"": 1}",0,
politician,1,"{""2020"": 1}",1,"Whether you're a politician or a parent, it might be helpful to keep in mind that trying to maintain eye contact may backfire if you're trying to convince someone who has a different set of beliefs than you, said Minson."
parent,1,"{""2020"": 1}",1,"Whether you're a politician or a parent, it might be helpful to keep in mind that trying to maintain eye contact may backfire if you're trying to convince someone who has a different set of beliefs than you, said Minson."
backfire,1,"{""2020"": 1}",1,"Whether you're a politician or a parent, it might be helpful to keep in mind that trying to maintain eye contact may backfire if you're trying to convince someone who has a different set of beliefs than you, said Minson."
convince,1,"{""2020"": 1}",1,"Whether you're a politician or a parent, it might be helpful to keep in mind that trying to maintain eye contact may backfire if you're trying to convince someone who has a different set of beliefs than you, said Minson."
pause,1,"{""2020"": 1}",1,"When we look at a face or a picture, our eyes pause on one spot at a time, often on the eyes or mouth."
mouth,1,"{""2020"": 1}",1,"When we look at a face or a picture, our eyes pause on one spot at a time, often on the eyes or mouth."
jump,1,"{""2020"": 1}",1,"These pauses typically occur at about three per second, and the eyes then jump to another spot, until several important points in the image are registered like a series of snapshots."
registered,1,"{""2020"": 1}",1,"These pauses typically occur at about three per second, and the eyes then jump to another spot, until several important points in the image are registered like a series of snapshots."
snapshots,1,"{""2020"": 1}",1,"These pauses typically occur at about three per second, and the eyes then jump to another spot, until several important points in the image are registered like a series of snapshots."
assembled,1,"{""2020"": 1}",1,How the whole image is then assembled and perceived is still a mystery although it is the subject of current research.
neuroticism,1,"{""2020"": 1}",1,"In people who score high in a test of neuroticism, a personality dimension associated with self-consciousness and anxiety, eye contact triggered more activity associated with avoidance, according to the Finnish researcher Jari Hietanen and colleagues."
dimension,1,"{""2020"": 1}",1,"In people who score high in a test of neuroticism, a personality dimension associated with self-consciousness and anxiety, eye contact triggered more activity associated with avoidance, according to the Finnish researcher Jari Hietanen and colleagues."
self-consciousness,1,"{""2020"": 1}",1,"In people who score high in a test of neuroticism, a personality dimension associated with self-consciousness and anxiety, eye contact triggered more activity associated with avoidance, according to the Finnish researcher Jari Hietanen and colleagues."
avoidance,1,"{""2020"": 1}",1,"In people who score high in a test of neuroticism, a personality dimension associated with self-consciousness and anxiety, eye contact triggered more activity associated with avoidance, according to the Finnish researcher Jari Hietanen and colleagues."
finnish,1,"{""2020"": 1}",1,"In people who score high in a test of neuroticism, a personality dimension associated with self-consciousness and anxiety, eye contact triggered more activity associated with avoidance, according to the Finnish researcher Jari Hietanen and colleagues."
jari,1,"{""2020"": 1}",1,"In people who score high in a test of neuroticism, a personality dimension associated with self-consciousness and anxiety, eye contact triggered more activity associated with avoidance, according to the Finnish researcher Jari Hietanen and colleagues."
hietanen,1,"{""2020"": 1}",1,"In people who score high in a test of neuroticism, a personality dimension associated with self-consciousness and anxiety, eye contact triggered more activity associated with avoidance, according to the Finnish researcher Jari Hietanen and colleagues."
reactions,1,"{""2020"": 1}",1,Our findings indicate that people do not only feel different when they are the centre of attention but that their brain reactions also differ.
emotions,1,"{""2020"": 1}",1,A more direct finding is that people who scored high for negative emotions like anxiety looked at others for shorter periods of time and reported more comfortable feelings when others did not look directly at them.
shorter,1,"{""2020"": 1}",1,A more direct finding is that people who scored high for negative emotions like anxiety looked at others for shorter periods of time and reported more comfortable feelings when others did not look directly at them.
florence,1,"{""2020"": 1}",0,
departure,1,"{""2020"": 1}",0,
god,1,"{""2020"": 1}",1,It turned from God and the authority of the Roman Catholic Church and instead favoured a more humanistic approach to being.
catholic,1,"{""2020"": 1}",1,It turned from God and the authority of the Roman Catholic Church and instead favoured a more humanistic approach to being.
favoured,1,"{""2020"": 1}",1,It turned from God and the authority of the Roman Catholic Church and instead favoured a more humanistic approach to being.
humanistic,1,"{""2020"": 1}",1,It turned from God and the authority of the Roman Catholic Church and instead favoured a more humanistic approach to being.
flourishing,1,"{""2020"": 1}",0,
extraordinarily,1,"{""2020"": 1}",0,
disposition,1,"{""2020"": 1}",0,
teachings,1,"{""2020"": 1}",0,
eclipsed,1,"{""2020"": 1}",0,
gap,1,"{""2020"": 1}",0,
medieval,1,"{""2020"": 1}",0,
bridged,1,"{""2020"": 1}",0,
unexplored,1,"{""2020"": 1}",0,
nicolaus,1,"{""2020"": 1}",1,"During the Renaissance, the great minds of Nicolaus Copernicus, Johannes Kepler and Galileo Galilei demonstrated the power of scientific study and discovery."
johannes,1,"{""2020"": 1}",1,"During the Renaissance, the great minds of Nicolaus Copernicus, Johannes Kepler and Galileo Galilei demonstrated the power of scientific study and discovery."
kepler,1,"{""2020"": 1}",1,"During the Renaissance, the great minds of Nicolaus Copernicus, Johannes Kepler and Galileo Galilei demonstrated the power of scientific study and discovery."
galilei,1,"{""2020"": 1}",1,"During the Renaissance, the great minds of Nicolaus Copernicus, Johannes Kepler and Galileo Galilei demonstrated the power of scientific study and discovery."
demonstrated,1,"{""2020"": 1}",1,"During the Renaissance, the great minds of Nicolaus Copernicus, Johannes Kepler and Galileo Galilei demonstrated the power of scientific study and discovery."
thinkers,1,"{""2020"": 1}",1,"Before each of their revelations, many thinkers at the time had sustained more ancient ways of thinking, including the geocentric view that the Earth was at the centre of our universe."
sustained,1,"{""2020"": 1}",1,"Before each of their revelations, many thinkers at the time had sustained more ancient ways of thinking, including the geocentric view that the Earth was at the centre of our universe."
geocentric,1,"{""2020"": 1}",1,"Before each of their revelations, many thinkers at the time had sustained more ancient ways of thinking, including the geocentric view that the Earth was at the centre of our universe."
theorized,1,"{""2020"": 1}",1,"Copernicus theorized in 1543 that all of the planets that we knew of revolved not around the Earth, but the Sun, a system that was later upheld by Galileo at his own expense."
planets,1,"{""2020"": 1}",1,"Copernicus theorized in 1543 that all of the planets that we knew of revolved not around the Earth, but the Sun, a system that was later upheld by Galileo at his own expense."
revolved,1,"{""2020"": 1}",1,"Copernicus theorized in 1543 that all of the planets that we knew of revolved not around the Earth, but the Sun, a system that was later upheld by Galileo at his own expense."
sun,1,"{""2020"": 1}",1,"Copernicus theorized in 1543 that all of the planets that we knew of revolved not around the Earth, but the Sun, a system that was later upheld by Galileo at his own expense."
theory,1,"{""2020"": 1}",1,"Offering up such a theory during a time of high tension between scientific and religious minds was branded as heresy, and any such heretics that continued to spread these lies were to be punished by imprisonment or even death."
religious,1,"{""2020"": 1}",1,"Offering up such a theory during a time of high tension between scientific and religious minds was branded as heresy, and any such heretics that continued to spread these lies were to be punished by imprisonment or even death."
branded,1,"{""2020"": 1}",1,"Offering up such a theory during a time of high tension between scientific and religious minds was branded as heresy, and any such heretics that continued to spread these lies were to be punished by imprisonment or even death."
heresy,1,"{""2020"": 1}",1,"Offering up such a theory during a time of high tension between scientific and religious minds was branded as heresy, and any such heretics that continued to spread these lies were to be punished by imprisonment or even death."
heretics,1,"{""2020"": 1}",1,"Offering up such a theory during a time of high tension between scientific and religious minds was branded as heresy, and any such heretics that continued to spread these lies were to be punished by imprisonment or even death."
continued,1,"{""2020"": 1}",1,"Offering up such a theory during a time of high tension between scientific and religious minds was branded as heresy, and any such heretics that continued to spread these lies were to be punished by imprisonment or even death."
punished,1,"{""2020"": 1}",1,"Offering up such a theory during a time of high tension between scientific and religious minds was branded as heresy, and any such heretics that continued to spread these lies were to be punished by imprisonment or even death."
imprisonment,1,"{""2020"": 1}",1,"Offering up such a theory during a time of high tension between scientific and religious minds was branded as heresy, and any such heretics that continued to spread these lies were to be punished by imprisonment or even death."
death,1,"{""2020"": 1}",1,"Offering up such a theory during a time of high tension between scientific and religious minds was branded as heresy, and any such heretics that continued to spread these lies were to be punished by imprisonment or even death."
logicians,1,"{""2020"": 1}",1,"Despite attempts by the Church to suppress this new generation of logicians and rationalists, more explanations for how the universe functioned were being made at a rate that the people could no longer ignore."
explanations,1,"{""2020"": 1}",1,"Despite attempts by the Church to suppress this new generation of logicians and rationalists, more explanations for how the universe functioned were being made at a rate that the people could no longer ignore."
functioned,1,"{""2020"": 1}",1,"Despite attempts by the Church to suppress this new generation of logicians and rationalists, more explanations for how the universe functioned were being made at a rate that the people could no longer ignore."
ignore,1,"{""2020"": 1}",1,"Despite attempts by the Church to suppress this new generation of logicians and rationalists, more explanations for how the universe functioned were being made at a rate that the people could no longer ignore."
philosophy,1,"{""2020"": 1}",1,It was with these great revelations that a new kind of philosophy founded in reason was born.
long-standing,1,"{""2020"": 1}",0,
dogma,1,"{""2020"": 1}",0,
embodied,1,"{""2020"": 1}",1,This very fact embodied the new ways of thinking that swept through Europe during most of the 17th century.
swept,1,"{""2020"": 1}",1,This very fact embodied the new ways of thinking that swept through Europe during most of the 17th century.
duty,1,"{""2020"": 1}",1,"As many took on the duty of trying to integrate reasoning and scientific philosophies into the world, the Renaissance was over and it was time for a new era - the Age of Reason."
integrate,1,"{""2020"": 1}",1,"As many took on the duty of trying to integrate reasoning and scientific philosophies into the world, the Renaissance was over and it was time for a new era - the Age of Reason."
philosophies,1,"{""2020"": 1}",1,"As many took on the duty of trying to integrate reasoning and scientific philosophies into the world, the Renaissance was over and it was time for a new era - the Age of Reason."
reductionism,1,"{""2020"": 1}",1,"Scientific method, reductionism and the questioning of Church ideals was to be encouraged, as were ideas of liberty, tolerance and progress."
questioning,1,"{""2020"": 1}",1,"Scientific method, reductionism and the questioning of Church ideals was to be encouraged, as were ideas of liberty, tolerance and progress."
liberty,1,"{""2020"": 1}",1,"Scientific method, reductionism and the questioning of Church ideals was to be encouraged, as were ideas of liberty, tolerance and progress."
tolerance,1,"{""2020"": 1}",1,"Scientific method, reductionism and the questioning of Church ideals was to be encouraged, as were ideas of liberty, tolerance and progress."
latin,1,"{""2020"": 1}",1,"Such actions to seek knowledge and to understand what information we already knew were captured by the Latin phrase 'sapere aude' or 'dare to know', after Immanuel Kant used it in his essay An Answer to the Question: What is Enlightenment?."
sapere,1,"{""2020"": 1}",1,"Such actions to seek knowledge and to understand what information we already knew were captured by the Latin phrase 'sapere aude' or 'dare to know', after Immanuel Kant used it in his essay An Answer to the Question: What is Enlightenment?."
aude,1,"{""2020"": 1}",1,"Such actions to seek knowledge and to understand what information we already knew were captured by the Latin phrase 'sapere aude' or 'dare to know', after Immanuel Kant used it in his essay An Answer to the Question: What is Enlightenment?."
dare,1,"{""2020"": 1}",1,"Such actions to seek knowledge and to understand what information we already knew were captured by the Latin phrase 'sapere aude' or 'dare to know', after Immanuel Kant used it in his essay An Answer to the Question: What is Enlightenment?."
immanuel,1,"{""2020"": 1}",1,"Such actions to seek knowledge and to understand what information we already knew were captured by the Latin phrase 'sapere aude' or 'dare to know', after Immanuel Kant used it in his essay An Answer to the Question: What is Enlightenment?."
kant,1,"{""2020"": 1}",1,"Such actions to seek knowledge and to understand what information we already knew were captured by the Latin phrase 'sapere aude' or 'dare to know', after Immanuel Kant used it in his essay An Answer to the Question: What is Enlightenment?."
enlightenment,1,"{""2020"": 1}",1,"Such actions to seek knowledge and to understand what information we already knew were captured by the Latin phrase 'sapere aude' or 'dare to know', after Immanuel Kant used it in his essay An Answer to the Question: What is Enlightenment?."
forth,1,"{""2020"": 1}",1,"It was the purpose and responsibility of great minds to go forth and seek out the truth, which they believed to be founded in knowledge."
upcoming,1,"{""2020"": 1}",0,
singing,1,"{""2020"": 1}",0,
memory,1,"{""2021"": 1}",1,"Fluid intelligence is the type of intelligence that has to do with short-term memory and the ability to think quickly, logically, and abstractly in order to solve new problems."
logically,1,"{""2021"": 1}",1,"Fluid intelligence is the type of intelligence that has to do with short-term memory and the ability to think quickly, logically, and abstractly in order to solve new problems."
abstractly,1,"{""2021"": 1}",1,"Fluid intelligence is the type of intelligence that has to do with short-term memory and the ability to think quickly, logically, and abstractly in order to solve new problems."
starts,1,"{""2021"": 1}",1,"It peaks in young adulthood, levels out for a period of time, and then generally starts to slowly decline as we age."
aging,1,"{""2021"": 1}",1,"But while aging is inevitable, scientists are finding out that certain changes in brain function may not be."
abdomen,1,"{""2021"": 1}",1,One study found that muscle loss and the accumulation of body fat around the abdomen are associated with a decline in fluid intelligence.
measurements,1,"{""2021"": 1}",1,"The researchers looked at data that included measurements of lean muscle and abdominal fat from more than 4,000 middle-to-older-aged men and women and compared that data to reported changes in fluid intelligence over a six-year period."
middle-to-older-aged,1,"{""2021"": 1}",1,"The researchers looked at data that included measurements of lean muscle and abdominal fat from more than 4,000 middle-to-older-aged men and women and compared that data to reported changes in fluid intelligence over a six-year period."
six-year,1,"{""2021"": 1}",1,"The researchers looked at data that included measurements of lean muscle and abdominal fat from more than 4,000 middle-to-older-aged men and women and compared that data to reported changes in fluid intelligence over a six-year period."
middle-aged,1,"{""2021"": 1}",1,They found that middle-aged people with higher measures of abdominal fat scored worse on measures of fluid intelligence as the years went by.
immunity,1,"{""2021"": 1}",1,"For women, the association may be attributable to changes in immunity that resulted from excess abdominal fat; in men, the immune system did not appear to be involved."
excess,1,"{""2021"": 1}",1,"For women, the association may be attributable to changes in immunity that resulted from excess abdominal fat; in men, the immune system did not appear to be involved."
hoped,1,"{""2021"": 1}",1,It is hoped that future studies could explain these differences and perhaps lead to different treatments for men and women.
steps,1,"{""2021"": 1}",1,"Meanwhile, there are steps you can take to help reduce abdominal fat and maintain lean muscle mass as you age in order to protect both your physical and mental wellbeing The two highly recommended lifestyle approaches are maintaining or increasing your level of aerobic exercise and following a Mediterranean-style diet that is high in fiber and eliminates highly processed foods."
recommended,1,"{""2021"": 1}",1,"Meanwhile, there are steps you can take to help reduce abdominal fat and maintain lean muscle mass as you age in order to protect both your physical and mental wellbeing The two highly recommended lifestyle approaches are maintaining or increasing your level of aerobic exercise and following a Mediterranean-style diet that is high in fiber and eliminates highly processed foods."
aerobic,1,"{""2021"": 1}",1,"Meanwhile, there are steps you can take to help reduce abdominal fat and maintain lean muscle mass as you age in order to protect both your physical and mental wellbeing The two highly recommended lifestyle approaches are maintaining or increasing your level of aerobic exercise and following a Mediterranean-style diet that is high in fiber and eliminates highly processed foods."
mediterranean-style,1,"{""2021"": 1}",1,"Meanwhile, there are steps you can take to help reduce abdominal fat and maintain lean muscle mass as you age in order to protect both your physical and mental wellbeing The two highly recommended lifestyle approaches are maintaining or increasing your level of aerobic exercise and following a Mediterranean-style diet that is high in fiber and eliminates highly processed foods."
fiber,1,"{""2021"": 1}",1,"Meanwhile, there are steps you can take to help reduce abdominal fat and maintain lean muscle mass as you age in order to protect both your physical and mental wellbeing The two highly recommended lifestyle approaches are maintaining or increasing your level of aerobic exercise and following a Mediterranean-style diet that is high in fiber and eliminates highly processed foods."
eliminates,1,"{""2021"": 1}",1,"Meanwhile, there are steps you can take to help reduce abdominal fat and maintain lean muscle mass as you age in order to protect both your physical and mental wellbeing The two highly recommended lifestyle approaches are maintaining or increasing your level of aerobic exercise and following a Mediterranean-style diet that is high in fiber and eliminates highly processed foods."
processed,1,"{""2021"": 1}",1,"Meanwhile, there are steps you can take to help reduce abdominal fat and maintain lean muscle mass as you age in order to protect both your physical and mental wellbeing The two highly recommended lifestyle approaches are maintaining or increasing your level of aerobic exercise and following a Mediterranean-style diet that is high in fiber and eliminates highly processed foods."
peaks,1,"{""2021"": 1}",1,"It peaks in young adulthood, levels out for a period of time, and then generally starts to slowly decline as we age."
returns,1,"{""2021"": 1}",0,
fades,1,"{""2021"": 1}",0,
formally,1,"{""2021"": 1}",0,
accumulation,1,"{""2021"": 1}",1,One study found that muscle loss and the accumulation of body fat around the abdomen are associated with a decline in fluid intelligence.
separation,1,"{""2021"": 1}",0,
utilize,1,"{""2021"": 1}",0,
delay,1,"{""2021"": 1}",1,This suggests the possibility that lifestyle factors might help prevent or delay this type of decline.
modified,1,"{""2021"": 1}",0,
converted,1,"{""2021"": 1}",0,
attributable,1,"{""2021"": 1}",1,"For women, the association may be attributable to changes in immunity that resulted from excess abdominal fat; in men, the immune system did not appear to be involved."
superior,1,"{""2021"": 1}",0,
resistant,1,"{""2021"": 1}",0,
alter,1,"{""2021"": 1}",0,
compensations,1,"{""2021"": 1}",0,
treatments,1,"{""2021"": 1}",1,It is hoped that future studies could explain these differences and perhaps lead to different treatments for men and women.
likewise,1,"{""2021"": 1}",0,
count,1,"{""2021"": 1}",0,
formation,1,"{""2021"": 1}",0,
love,1,"{""2021"": 1}",0,
routine,1,"{""2021"": 1}",0,
prescription,1,"{""2021"": 1}",0,
grimly,1,"{""2021"": 1}",1,"It has become a grimly reliable annual ritual: every January the cost of travelling by train rises, imposing a significant extra burden on those who have no option but to use the rail network to get to work or otherwise."
ritual,1,"{""2021"": 1}",1,"It has become a grimly reliable annual ritual: every January the cost of travelling by train rises, imposing a significant extra burden on those who have no option but to use the rail network to get to work or otherwise."
january,1,"{""2021"": 1}",1,"It has become a grimly reliable annual ritual: every January the cost of travelling by train rises, imposing a significant extra burden on those who have no option but to use the rail network to get to work or otherwise."
travelling,1,"{""2021"": 1}",1,"It has become a grimly reliable annual ritual: every January the cost of travelling by train rises, imposing a significant extra burden on those who have no option but to use the rail network to get to work or otherwise."
option,1,"{""2021"": 1}",1,"It has become a grimly reliable annual ritual: every January the cost of travelling by train rises, imposing a significant extra burden on those who have no option but to use the rail network to get to work or otherwise."
fraction,1,"{""2021"": 1}",0,
consumer,1,"{""2021"": 1}",0,
index,1,"{""2021"": 1}",0,
cpi,1,"{""2021"": 1}",0,
successive,1,"{""2021"": 1}",1,"Successive governments have permitted such increases on the grounds that the cost of investing in and running the rail network should be borne by those who use it, rather than the general taxpayer."
permitted,1,"{""2021"": 1}",1,"Successive governments have permitted such increases on the grounds that the cost of investing in and running the rail network should be borne by those who use it, rather than the general taxpayer."
increases,1,"{""2021"": 1}",1,"Successive governments have permitted such increases on the grounds that the cost of investing in and running the rail network should be borne by those who use it, rather than the general taxpayer."
grounds,1,"{""2021"": 1}",1,"Successive governments have permitted such increases on the grounds that the cost of investing in and running the rail network should be borne by those who use it, rather than the general taxpayer."
running,1,"{""2021"": 1}",1,"Successive governments have permitted such increases on the grounds that the cost of investing in and running the rail network should be borne by those who use it, rather than the general taxpayer."
borne,1,"{""2021"": 1}",1,"Successive governments have permitted such increases on the grounds that the cost of investing in and running the rail network should be borne by those who use it, rather than the general taxpayer."
taxpayer,1,"{""2021"": 1}",1,"Successive governments have permitted such increases on the grounds that the cost of investing in and running the rail network should be borne by those who use it, rather than the general taxpayer."
argument,1,"{""2021"": 1}",1,"Why, the argument goes, should a car-driving pensioner from Lincolnshire have to subsidise the daily commute of a stockbroker from Surrey?"
car-driving,1,"{""2021"": 1}",1,"Why, the argument goes, should a car-driving pensioner from Lincolnshire have to subsidise the daily commute of a stockbroker from Surrey?"
pensioner,1,"{""2021"": 1}",1,"Why, the argument goes, should a car-driving pensioner from Lincolnshire have to subsidise the daily commute of a stockbroker from Surrey?"
lincolnshire,1,"{""2021"": 1}",1,"Why, the argument goes, should a car-driving pensioner from Lincolnshire have to subsidise the daily commute of a stockbroker from Surrey?"
subsidise,1,"{""2021"": 1}",1,"Why, the argument goes, should a car-driving pensioner from Lincolnshire have to subsidise the daily commute of a stockbroker from Surrey?"
daily,1,"{""2021"": 1}",1,"Why, the argument goes, should a car-driving pensioner from Lincolnshire have to subsidise the daily commute of a stockbroker from Surrey?"
commute,1,"{""2021"": 1}",1,"Why, the argument goes, should a car-driving pensioner from Lincolnshire have to subsidise the daily commute of a stockbroker from Surrey?"
surrey,1,"{""2021"": 1}",1,"Why, the argument goes, should a car-driving pensioner from Lincolnshire have to subsidise the daily commute of a stockbroker from Surrey?"
travails,1,"{""2021"": 1}",1,"Equally, there is a sense that the travails of commuters in the South East, many of whom will face among the biggest rises, have received too much attention compared to those who must endure the relatively poor infrastructure of the Midlands and the North."
midlands,1,"{""2021"": 1}",1,"Equally, there is a sense that the travails of commuters in the South East, many of whom will face among the biggest rises, have received too much attention compared to those who must endure the relatively poor infrastructure of the Midlands and the North."
trumpeting,1,"{""2021"": 1}",1,"It is all very well train operators trumpeting the improvements they are making to the network, but passengers should be able to expect a basic level of service for the substantial sums they are now paying to travel."
basic,1,"{""2021"": 1}",1,"It is all very well train operators trumpeting the improvements they are making to the network, but passengers should be able to expect a basic level of service for the substantial sums they are now paying to travel."
substantial,1,"{""2021"": 1}",1,"It is all very well train operators trumpeting the improvements they are making to the network, but passengers should be able to expect a basic level of service for the substantial sums they are now paying to travel."
wave,1,"{""2021"": 1}",1,The responsibility for the latest wave of strikes rests on the unions.
rests,1,"{""2021"": 1}",1,The responsibility for the latest wave of strikes rests on the unions.
industrial,1,"{""2021"": 1}",1,"However, there is a strong case that those who have been worst affected by industrial action should receive compensation for the disruption they have suffered."
receive,1,"{""2021"": 1}",1,"However, there is a strong case that those who have been worst affected by industrial action should receive compensation for the disruption they have suffered."
disruption,1,"{""2021"": 1}",1,"However, there is a strong case that those who have been worst affected by industrial action should receive compensation for the disruption they have suffered."
pledged,1,"{""2021"": 1}",1,"The Government has pledged to change the law to introduce a minimum service requirement so that, even when strikes occur, services can continue to operate."
minimum,1,"{""2021"": 1}",1,"The Government has pledged to change the law to introduce a minimum service requirement so that, even when strikes occur, services can continue to operate."
operate,1,"{""2021"": 1}",1,"The Government has pledged to change the law to introduce a minimum service requirement so that, even when strikes occur, services can continue to operate."
package,1,"{""2021"": 1}",0,
long-running,1,"{""2021"": 1}",0,
indefinitely,1,"{""2021"": 1}",1,"Yes, more investment is needed, but passengers will not be willing to pay more indefinitely if they must also endure cramped, unreliable services, interrupted by regular chaos when timetables are changed, or planned maintenance is managed incompetently."
cramped,1,"{""2021"": 1}",1,"Yes, more investment is needed, but passengers will not be willing to pay more indefinitely if they must also endure cramped, unreliable services, interrupted by regular chaos when timetables are changed, or planned maintenance is managed incompetently."
unreliable,1,"{""2021"": 1}",1,"Yes, more investment is needed, but passengers will not be willing to pay more indefinitely if they must also endure cramped, unreliable services, interrupted by regular chaos when timetables are changed, or planned maintenance is managed incompetently."
interrupted,1,"{""2021"": 1}",1,"Yes, more investment is needed, but passengers will not be willing to pay more indefinitely if they must also endure cramped, unreliable services, interrupted by regular chaos when timetables are changed, or planned maintenance is managed incompetently."
chaos,1,"{""2021"": 1}",1,"Yes, more investment is needed, but passengers will not be willing to pay more indefinitely if they must also endure cramped, unreliable services, interrupted by regular chaos when timetables are changed, or planned maintenance is managed incompetently."
timetables,1,"{""2021"": 1}",1,"Yes, more investment is needed, but passengers will not be willing to pay more indefinitely if they must also endure cramped, unreliable services, interrupted by regular chaos when timetables are changed, or planned maintenance is managed incompetently."
maintenance,1,"{""2021"": 1}",1,"Yes, more investment is needed, but passengers will not be willing to pay more indefinitely if they must also endure cramped, unreliable services, interrupted by regular chaos when timetables are changed, or planned maintenance is managed incompetently."
incompetently,1,"{""2021"": 1}",1,"Yes, more investment is needed, but passengers will not be willing to pay more indefinitely if they must also endure cramped, unreliable services, interrupted by regular chaos when timetables are changed, or planned maintenance is managed incompetently."
vengeance,1,"{""2021"": 1}",1,"The threat of nationalisation may have been seen off for now, but it will return with a vengeance if the justified anger of passengers is not addressed in short order."
anger,1,"{""2021"": 1}",1,"The threat of nationalisation may have been seen off for now, but it will return with a vengeance if the justified anger of passengers is not addressed in short order."
addressed,1,"{""2021"": 1}",1,"The threat of nationalisation may have been seen off for now, but it will return with a vengeance if the justified anger of passengers is not addressed in short order."
unreasonable,1,"{""2021"": 1}",0,
drivers,1,"{""2021"": 1}",0,
investors,1,"{""2021"": 1}",0,
taxpayers,1,"{""2021"": 1}",0,
repair,1,"{""2021"": 1}",0,
losses,1,"{""2021"": 1}",0,
owing,1,"{""2021"": 1}",0,
unable,1,"{""2021"": 1}",0,
calm,1,"{""2021"": 1}",0,
ownership,1,"{""2021"": 1}",0,
ever-rising,1,"{""2021"": 1}",0,
blame,1,"{""2021"": 1}",0,
complaining,1,"{""2021"": 1}",0,
row,1,"{""2021"": 1}",0,
bleak,1,"{""2021"": 1}",0,
turnaround,1,"{""2021"": 1}",0,
phasing,1,"{""2021"": 1}",1,"In 2007, Indonesia started phasing in a program that gives money to its poorest residents under certain conditions, such as requiring people to keep kids in school or get regular medical care."
gives,1,"{""2021"": 1}",1,"In 2007, Indonesia started phasing in a program that gives money to its poorest residents under certain conditions, such as requiring people to keep kids in school or get regular medical care."
poorest,1,"{""2021"": 1}",1,"In 2007, Indonesia started phasing in a program that gives money to its poorest residents under certain conditions, such as requiring people to keep kids in school or get regular medical care."
kids,1,"{""2021"": 1}",1,"In 2007, Indonesia started phasing in a program that gives money to its poorest residents under certain conditions, such as requiring people to keep kids in school or get regular medical care."
medical,1,"{""2021"": 1}",1,"In 2007, Indonesia started phasing in a program that gives money to its poorest residents under certain conditions, such as requiring people to keep kids in school or get regular medical care."
conditional,1,"{""2021"": 1}",1,"Called conditional cash transfers or CCTs, these social assistance programs are designed to reduce inequality and break the cycle of poverty."
cash,1,"{""2021"": 1}",1,"Called conditional cash transfers or CCTs, these social assistance programs are designed to reduce inequality and break the cycle of poverty."
transfers,1,"{""2021"": 1}",1,"Called conditional cash transfers or CCTs, these social assistance programs are designed to reduce inequality and break the cycle of poverty."
assistance,1,"{""2021"": 1}",1,"Called conditional cash transfers or CCTs, these social assistance programs are designed to reduce inequality and break the cycle of poverty."
worldwide,1,"{""2021"": 1}",1,They're already used in dozens of countries worldwide.
medicine,1,"{""2021"": 1}",1,"In Indonesia, the program has provided enough food and medicine to substantially reduce severe growth problems among children."
viewed,1,"{""2021"": 1}",1,"In fact, poverty alleviation and environmental protection are often viewed as conflicting goals, says Paul Ferraro, an economist at Johns Hopkins University."
conflicting,1,"{""2021"": 1}",1,"In fact, poverty alleviation and environmental protection are often viewed as conflicting goals, says Paul Ferraro, an economist at Johns Hopkins University."
johns,1,"{""2021"": 1}",1,"In fact, poverty alleviation and environmental protection are often viewed as conflicting goals, says Paul Ferraro, an economist at Johns Hopkins University."
hopkins,1,"{""2021"": 1}",1,"In fact, poverty alleviation and environmental protection are often viewed as conflicting goals, says Paul Ferraro, an economist at Johns Hopkins University."
correlations,1,"{""2021"": 1}",0,
analyzing,1,"{""2021"": 1}",1,"The only previous study analyzing causality, based on an area in Mexico that had instituted CCTs, supported the traditional view."
causality,1,"{""2021"": 1}",1,"The only previous study analyzing causality, based on an area in Mexico that had instituted CCTs, supported the traditional view."
instituted,1,"{""2021"": 1}",1,"The only previous study analyzing causality, based on an area in Mexico that had instituted CCTs, supported the traditional view."
cleared,1,"{""2021"": 1}",1,"There, as people got more money, some of them may have more cleared land for cattle to raise for meat, Ferraro says."
meat,1,"{""2021"": 1}",1,"There, as people got more money, some of them may have more cleared land for cattle to raise for meat, Ferraro says."
poverty-alleviation,1,"{""2021"": 1}",0,
affecting,1,"{""2021"": 1}",0,
third-largest,1,"{""2021"": 1}",1,Indonesia has the third-largest area of tropical forest in the world and one of the highest deforestation rates.
tropical,1,"{""2021"": 1}",1,Indonesia has the third-largest area of tropical forest in the world and one of the highest deforestation rates.
highest,1,"{""2021"": 1}",1,Indonesia has the third-largest area of tropical forest in the world and one of the highest deforestation rates.
satellite,1,"{""2021"": 1}",0,
phase-in,1,"{""2021"": 1}",0,
forested,1,"{""2021"": 1}",0,
villages,1,"{""2021"": 1}",0,
provinces,1,"{""2021"": 1}",0,
rural,1,"{""2021"": 1}",0,
makeshift,1,"{""2021"": 1}",0,
inclement,1,"{""2021"": 1}",0,
rains,1,"{""2021"": 1}",1,"Typically, if rains are delayed, people may clear land to plant more rice to supplement their harvests."
delayed,1,"{""2021"": 1}",1,"Typically, if rains are delayed, people may clear land to plant more rice to supplement their harvests."
translates,1,"{""2021"": 1}",0,
anybody's,1,"{""2021"": 1}",0,
guess,1,"{""2021"": 1}",0,
commonalities,1,"{""2021"": 1}",1,"Ferraro suggests the results may transfer to other parts of Asia, due to commonalities such as the importance of growing rice and market access."
avoided,1,"{""2021"": 1}",0,
aim,1,"{""2021"": 1}",0,
healthcare,1,"{""2021"": 1}",0,
tends,1,"{""2021"": 1}",0,
rearing,1,"{""2021"": 1}",0,
livelihood,1,"{""2021"": 1}",0,
lifestyles,1,"{""2021"": 1}",0,
asian,1,"{""2021"": 1}",0,
regional,1,"{""2021"": 1}",0,
grain,1,"{""2021"": 1}",0,
centered,1,"{""2021"": 1}",0,
re-evaluate,1,"{""2021"": 1}",0,
preoccupied,1,"{""2021"": 1}",0,
shatter,1,"{""2021"": 1}",0,
prudery,1,"{""2021"": 1}",0,
posting,1,"{""2021"": 1}",1,"I've found quite a few, and—since I started posting them on Twitter—they have been causing quite a stir."
causing,1,"{""2021"": 1}",1,"I've found quite a few, and—since I started posting them on Twitter—they have been causing quite a stir."
noting,1,"{""2021"": 1}",1,They are noting that the Victorians suddenly seem to become more human as the hundred-or-so years that separate us fade away through our common experience of laughter.
hundred-or-so,1,"{""2021"": 1}",1,They are noting that the Victorians suddenly seem to become more human as the hundred-or-so years that separate us fade away through our common experience of laughter.
fade,1,"{""2021"": 1}",1,They are noting that the Victorians suddenly seem to become more human as the hundred-or-so years that separate us fade away through our common experience of laughter.
laughter,1,"{""2021"": 1}",1,They are noting that the Victorians suddenly seem to become more human as the hundred-or-so years that separate us fade away through our common experience of laughter.
concede,1,"{""2021"": 1}",1,"Of course, I need to concede that my collection of 'Smiling Victorians' makes up only a tiny percentage of the vast catalogue of photographic portraiture created between 1840 and 1900, the majority of which show sitters posing miserably and stiffly in front of painted backdrops, or staring absently into the middle distance."
catalogue,1,"{""2021"": 1}",1,"Of course, I need to concede that my collection of 'Smiling Victorians' makes up only a tiny percentage of the vast catalogue of photographic portraiture created between 1840 and 1900, the majority of which show sitters posing miserably and stiffly in front of painted backdrops, or staring absently into the middle distance."
portraiture,1,"{""2021"": 1}",1,"Of course, I need to concede that my collection of 'Smiling Victorians' makes up only a tiny percentage of the vast catalogue of photographic portraiture created between 1840 and 1900, the majority of which show sitters posing miserably and stiffly in front of painted backdrops, or staring absently into the middle distance."
posing,1,"{""2021"": 1}",1,"Of course, I need to concede that my collection of 'Smiling Victorians' makes up only a tiny percentage of the vast catalogue of photographic portraiture created between 1840 and 1900, the majority of which show sitters posing miserably and stiffly in front of painted backdrops, or staring absently into the middle distance."
miserably,1,"{""2021"": 1}",1,"Of course, I need to concede that my collection of 'Smiling Victorians' makes up only a tiny percentage of the vast catalogue of photographic portraiture created between 1840 and 1900, the majority of which show sitters posing miserably and stiffly in front of painted backdrops, or staring absently into the middle distance."
stiffly,1,"{""2021"": 1}",1,"Of course, I need to concede that my collection of 'Smiling Victorians' makes up only a tiny percentage of the vast catalogue of photographic portraiture created between 1840 and 1900, the majority of which show sitters posing miserably and stiffly in front of painted backdrops, or staring absently into the middle distance."
backdrops,1,"{""2021"": 1}",1,"Of course, I need to concede that my collection of 'Smiling Victorians' makes up only a tiny percentage of the vast catalogue of photographic portraiture created between 1840 and 1900, the majority of which show sitters posing miserably and stiffly in front of painted backdrops, or staring absently into the middle distance."
staring,1,"{""2021"": 1}",1,"Of course, I need to concede that my collection of 'Smiling Victorians' makes up only a tiny percentage of the vast catalogue of photographic portraiture created between 1840 and 1900, the majority of which show sitters posing miserably and stiffly in front of painted backdrops, or staring absently into the middle distance."
absently,1,"{""2021"": 1}",1,"Of course, I need to concede that my collection of 'Smiling Victorians' makes up only a tiny percentage of the vast catalogue of photographic portraiture created between 1840 and 1900, the majority of which show sitters posing miserably and stiffly in front of painted backdrops, or staring absently into the middle distance."
notoriously,1,"{""2021"": 1}",0,
daguerreotype,1,"{""2021"": 1}",0,
silvered,1,"{""2021"": 1}",0,
minutes,1,"{""2021"": 1}",0,
blurred,1,"{""2021"": 1}",0,
limbs,1,"{""2021"": 1}",0,
magical,1,"{""2021"": 1}",1,"The thought of holding a fixed grin as the camera performed its magical duties was too much to contemplate, and so non-committal blank stare became the norm."
contemplate,1,"{""2021"": 1}",1,"The thought of holding a fixed grin as the camera performed its magical duties was too much to contemplate, and so non-committal blank stare became the norm."
non-committal,1,"{""2021"": 1}",1,"The thought of holding a fixed grin as the camera performed its magical duties was too much to contemplate, and so non-committal blank stare became the norm."
stare,1,"{""2021"": 1}",1,"The thought of holding a fixed grin as the camera performed its magical duties was too much to contemplate, and so non-committal blank stare became the norm."
quicker,1,"{""2021"": 1}",0,
brownie,1,"{""2021"": 1}",0,
instantaneous,1,"{""2021"": 1}",0,
spontaneous,1,"{""2021"": 1}",0,
hesitated,1,"{""2021"": 1}",0,
cheesy,1,"{""2021"": 1}",1,One explanation might be the loss of dignity displayed through a cheesy grin.
lips,1,"{""2021"": 1}",1,"Nature gave us lips to conceal our teeth, ran one popular Victorian saying, alluding to the fact that before the birth of proper dentistry, mouths were often in a shocking state of hygiene."
conceal,1,"{""2021"": 1}",1,"Nature gave us lips to conceal our teeth, ran one popular Victorian saying, alluding to the fact that before the birth of proper dentistry, mouths were often in a shocking state of hygiene."
alluding,1,"{""2021"": 1}",1,"Nature gave us lips to conceal our teeth, ran one popular Victorian saying, alluding to the fact that before the birth of proper dentistry, mouths were often in a shocking state of hygiene."
dentistry,1,"{""2021"": 1}",1,"Nature gave us lips to conceal our teeth, ran one popular Victorian saying, alluding to the fact that before the birth of proper dentistry, mouths were often in a shocking state of hygiene."
mouths,1,"{""2021"": 1}",1,"Nature gave us lips to conceal our teeth, ran one popular Victorian saying, alluding to the fact that before the birth of proper dentistry, mouths were often in a shocking state of hygiene."
shocking,1,"{""2021"": 1}",1,"Nature gave us lips to conceal our teeth, ran one popular Victorian saying, alluding to the fact that before the birth of proper dentistry, mouths were often in a shocking state of hygiene."
flashing,1,"{""2021"": 1}",1,"A flashing set of healthy and clean, regular 'pearly whites' was a rare sight in Victorian society, the preserve of the super-rich (and even then, dental hygiene was not guaranteed)."
pearly,1,"{""2021"": 1}",1,"A flashing set of healthy and clean, regular 'pearly whites' was a rare sight in Victorian society, the preserve of the super-rich (and even then, dental hygiene was not guaranteed)."
whites,1,"{""2021"": 1}",1,"A flashing set of healthy and clean, regular 'pearly whites' was a rare sight in Victorian society, the preserve of the super-rich (and even then, dental hygiene was not guaranteed)."
super-rich,1,"{""2021"": 1}",1,"A flashing set of healthy and clean, regular 'pearly whites' was a rare sight in Victorian society, the preserve of the super-rich (and even then, dental hygiene was not guaranteed)."
toothy,1,"{""2021"": 1}",0,
gaps,1,"{""2021"": 1}",0,
blackened,1,"{""2021"": 1}",0,
drunks,1,"{""2021"": 1}",0,
tramps,1,"{""2021"": 1}",0,
gurn,1,"{""2021"": 1}",0,
carroll's,1,"{""2021"": 1}",0,
gum-exposing,1,"{""2021"": 1}",0,
cheshire,1,"{""2021"": 1}",0,
cat,1,"{""2021"": 1}",0,
bred,1,"{""2021"": 1}",0,
persons,1,"{""2021"": 1}",0,
hearty,1,"{""2021"": 1}",1,"Even Mark Twain, a man who enjoyed a hearty laugh, said that when it came to photographic portraits there could be nothing more damning than a silly, foolish smile fixed forever."
damning,1,"{""2021"": 1}",1,"Even Mark Twain, a man who enjoyed a hearty laugh, said that when it came to photographic portraits there could be nothing more damning than a silly, foolish smile fixed forever."
silly,1,"{""2021"": 1}",1,"Even Mark Twain, a man who enjoyed a hearty laugh, said that when it came to photographic portraits there could be nothing more damning than a silly, foolish smile fixed forever."
foolish,1,"{""2021"": 1}",1,"Even Mark Twain, a man who enjoyed a hearty laugh, said that when it came to photographic portraits there could be nothing more damning than a silly, foolish smile fixed forever."
forever,1,"{""2021"": 1}",1,"Even Mark Twain, a man who enjoyed a hearty laugh, said that when it came to photographic portraits there could be nothing more damning than a silly, foolish smile fixed forever."
illustrated,1,"{""2021"": 1}",0,
highlighted,1,"{""2021"": 1}",0,
media's,1,"{""2021"": 1}",0,
re-evaluated,1,"{""2021"": 1}",0,
conventions,1,"{""2021"": 1}",0,
inherent,1,"{""2021"": 1}",0,
sensitiveness,1,"{""2021"": 1}",0,
distrust,1,"{""2021"": 1}",0,
quoted,1,"{""2021"": 1}",0,
disapproval,1,"{""2021"": 1}",0,
thought-provoking,1,"{""2021"": 1}",0,
deep-rooted,1,"{""2021"": 1}",0,
differently,1,"{""2021"": 1}",0,
stem,1,"{""2021"": 1}",0,
post-victorian,1,"{""2021"": 1}",0,
incentive,1,"{""2021"": 1}",1,"From the early days of broadband, advocates for consumers and web-based companies worried that the cable and phone companies selling broadband connections had the power and incentive to favor affiliated websites over their rivals'."
affiliated,1,"{""2021"": 1}",1,"From the early days of broadband, advocates for consumers and web-based companies worried that the cable and phone companies selling broadband connections had the power and incentive to favor affiliated websites over their rivals'."
websites,1,"{""2021"": 1}",1,"From the early days of broadband, advocates for consumers and web-based companies worried that the cable and phone companies selling broadband connections had the power and incentive to favor affiliated websites over their rivals'."
lifeblood,1,"{""2021"": 1}",0,
pushback,1,"{""2021"": 1}",1,"Yet that demand has been almost impossible to fill—in part because of pushback from broadband providers, anti-regulatory conservatives and the courts."
conservatives,1,"{""2021"": 1}",1,"Yet that demand has been almost impossible to fill—in part because of pushback from broadband providers, anti-regulatory conservatives and the courts."
weighed,1,"{""2021"": 1}",1,"A federal appeals court weighed in again Tuesday, but instead of providing a badly needed resolution, it only prolonged the fight."
prolonged,1,"{""2021"": 1}",1,"A federal appeals court weighed in again Tuesday, but instead of providing a badly needed resolution, it only prolonged the fight."
circuit,1,"{""2021"": 1}",1,"Court of Appeals for the District of Columbia Circuit was the latest take of the Federal Communications Commission (FCC) on net neutrality, adopted on a party-line vote in 2017."
party-line,1,"{""2021"": 1}",1,"Court of Appeals for the District of Columbia Circuit was the latest take of the Federal Communications Commission (FCC) on net neutrality, adopted on a party-line vote in 2017."
vote,1,"{""2021"": 1}",1,"Court of Appeals for the District of Columbia Circuit was the latest take of the Federal Communications Commission (FCC) on net neutrality, adopted on a party-line vote in 2017."
republican-penned,1,"{""2021"": 1}",0,
eliminated,1,"{""2021"": 1}",0,
rejected,1,"{""2021"": 1}",0,
declared,1,"{""2021"": 1}",0,
broadband-providing,1,"{""2021"": 1}",0,
conglomerate,1,"{""2021"": 1}",0,
favoring,1,"{""2021"": 1}",0,
video-streaming,1,"{""2021"": 1}",0,
ended,1,"{""2021"": 1}",1,Yet the FCC also ended the investigations of broadband providers that imposed data caps on their rivals' streaming services but not their own.
investigations,1,"{""2021"": 1}",1,Yet the FCC also ended the investigations of broadband providers that imposed data caps on their rivals' streaming services but not their own.
imposed,1,"{""2021"": 1}",1,Yet the FCC also ended the investigations of broadband providers that imposed data caps on their rivals' streaming services but not their own.
caps,1,"{""2021"": 1}",1,Yet the FCC also ended the investigations of broadband providers that imposed data caps on their rivals' streaming services but not their own.
unanimously,1,"{""2021"": 1}",1,"On Tuesday, the appeals court unanimously upheld the 2017 order deregulating broadband providers, citing a Supreme Court ruling from 2005 that upheld a similarly deregulatory move."
deregulating,1,"{""2021"": 1}",1,"On Tuesday, the appeals court unanimously upheld the 2017 order deregulating broadband providers, citing a Supreme Court ruling from 2005 that upheld a similarly deregulatory move."
citing,1,"{""2021"": 1}",1,"On Tuesday, the appeals court unanimously upheld the 2017 order deregulating broadband providers, citing a Supreme Court ruling from 2005 that upheld a similarly deregulatory move."
similarly,1,"{""2021"": 1}",1,"On Tuesday, the appeals court unanimously upheld the 2017 order deregulating broadband providers, citing a Supreme Court ruling from 2005 that upheld a similarly deregulatory move."
deregulatory,1,"{""2021"": 1}",1,"On Tuesday, the appeals court unanimously upheld the 2017 order deregulating broadband providers, citing a Supreme Court ruling from 2005 that upheld a similarly deregulatory move."
rightly,1,"{""2021"": 1}",1,"But Judge Patricia Millett rightly argued in a concurring opinion that the result is unhinged from the realities of modern broadband service, and said Congress or the Supreme Court could intervene to avoid trapping Internet regulation in technological anachronism."
concurring,1,"{""2021"": 1}",1,"But Judge Patricia Millett rightly argued in a concurring opinion that the result is unhinged from the realities of modern broadband service, and said Congress or the Supreme Court could intervene to avoid trapping Internet regulation in technological anachronism."
unhinged,1,"{""2021"": 1}",1,"But Judge Patricia Millett rightly argued in a concurring opinion that the result is unhinged from the realities of modern broadband service, and said Congress or the Supreme Court could intervene to avoid trapping Internet regulation in technological anachronism."
realities,1,"{""2021"": 1}",1,"But Judge Patricia Millett rightly argued in a concurring opinion that the result is unhinged from the realities of modern broadband service, and said Congress or the Supreme Court could intervene to avoid trapping Internet regulation in technological anachronism."
trapping,1,"{""2021"": 1}",1,"But Judge Patricia Millett rightly argued in a concurring opinion that the result is unhinged from the realities of modern broadband service, and said Congress or the Supreme Court could intervene to avoid trapping Internet regulation in technological anachronism."
anachronism,1,"{""2021"": 1}",1,"But Judge Patricia Millett rightly argued in a concurring opinion that the result is unhinged from the realities of modern broadband service, and said Congress or the Supreme Court could intervene to avoid trapping Internet regulation in technological anachronism."
threw,1,"{""2021"": 1}",0,
block,1,"{""2021"": 1}",0,
preempt,1,"{""2021"": 1}",0,
enacted,1,"{""2021"": 1}",0,
tough,1,"{""2021"": 1}",0,
abdication,1,"{""2021"": 1}",0,
back-and-forth,1,"{""2021"": 1}",1,The endless legal battles and back-and-forth at the FCC cry out for Congress to act.
cry,1,"{""2021"": 1}",1,The endless legal battles and back-and-forth at the FCC cry out for Congress to act.
explicit,1,"{""2021"": 1}",1,It needs to give the commission explicit authority once and for all to bar broadband providers from meddling in the traffic on their network and to create clear rules protecting openness and innovation online.
bar,1,"{""2021"": 1}",1,It needs to give the commission explicit authority once and for all to bar broadband providers from meddling in the traffic on their network and to create clear rules protecting openness and innovation online.
meddling,1,"{""2021"": 1}",1,It needs to give the commission explicit authority once and for all to bar broadband providers from meddling in the traffic on their network and to create clear rules protecting openness and innovation online.
openness,1,"{""2021"": 1}",1,It needs to give the commission explicit authority once and for all to bar broadband providers from meddling in the traffic on their network and to create clear rules protecting openness and innovation online.
partiality,1,"{""2021"": 1}",0,
treating,1,"{""2021"": 1}",0,
sticks,1,"{""2021"": 1}",0,
out-of-date,1,"{""2021"": 1}",0,
stance,1,"{""2021"": 1}",0,
protects,1,"{""2021"": 1}",0,
engages,1,"{""2021"": 1}",0,
argues,1,"{""2021"": 1}",0,
conveys,1,"{""2021"": 1}",0,
ambiguous,1,"{""2021"": 1}",0,
touch,1,"{""2021"": 1}",0,
trivialities,1,"{""2021"": 1}",0,
providers'rights,1,"{""2021"": 1}",0,
diversify,1,"{""2021"": 1}",0,
depicted,1,"{""2021"": 1}",0,
sinister,1,"{""2021"": 1}",0,
upend,1,"{""2021"": 1}",0,
automation,1,"{""2021"": 1}",0,
impending,1,"{""2021"": 1}",0,
don,1,"{""2021"": 1}",0,
doom-and-gloom,1,"{""2021"": 1}",0,
unemployment,1,"{""2021"": 1}",0,
predictions,1,"{""2021"": 1}",0,
manufacturing,1,"{""2021"": 1}",1,A recent survey of manufacturing and service industries from Tata Consultancy Services found that companies currently use AI more often in computer-to-computer activities than in automating human activities.
tata,1,"{""2021"": 1}",1,A recent survey of manufacturing and service industries from Tata Consultancy Services found that companies currently use AI more often in computer-to-computer activities than in automating human activities.
consultancy,1,"{""2021"": 1}",1,A recent survey of manufacturing and service industries from Tata Consultancy Services found that companies currently use AI more often in computer-to-computer activities than in automating human activities.
computer-to-computer,1,"{""2021"": 1}",1,A recent survey of manufacturing and service industries from Tata Consultancy Services found that companies currently use AI more often in computer-to-computer activities than in automating human activities.
automating,1,"{""2021"": 1}",1,A recent survey of manufacturing and service industries from Tata Consultancy Services found that companies currently use AI more often in computer-to-computer activities than in automating human activities.
aiding,1,"{""2021"": 1}",1,Here are a few ways AI is aiding companies without replacing employees: Better hiring practices Companies are using artificial intelligence to remove some of the unconscious bias from hiring decisions.
unconscious,1,"{""2021"": 1}",1,Here are a few ways AI is aiding companies without replacing employees: Better hiring practices Companies are using artificial intelligence to remove some of the unconscious bias from hiring decisions.
experiments,1,"{""2021"": 1}",1,"There are experiments that show that, naturally, the results of interviews are much more biased than what AI does, says Pedro Domingos, author of The Master Algorithm: How the Quest for the Ultimate Learning Machine Will Remake Our World and a computer science professor at the University of Washington."
naturally,1,"{""2021"": 1}",1,"There are experiments that show that, naturally, the results of interviews are much more biased than what AI does, says Pedro Domingos, author of The Master Algorithm: How the Quest for the Ultimate Learning Machine Will Remake Our World and a computer science professor at the University of Washington."
interviews,1,"{""2021"": 1}",1,"There are experiments that show that, naturally, the results of interviews are much more biased than what AI does, says Pedro Domingos, author of The Master Algorithm: How the Quest for the Ultimate Learning Machine Will Remake Our World and a computer science professor at the University of Washington."
biased,1,"{""2021"": 1}",1,"There are experiments that show that, naturally, the results of interviews are much more biased than what AI does, says Pedro Domingos, author of The Master Algorithm: How the Quest for the Ultimate Learning Machine Will Remake Our World and a computer science professor at the University of Washington."
pedro,1,"{""2021"": 1}",1,"There are experiments that show that, naturally, the results of interviews are much more biased than what AI does, says Pedro Domingos, author of The Master Algorithm: How the Quest for the Ultimate Learning Machine Will Remake Our World and a computer science professor at the University of Washington."
master,1,"{""2021"": 1}",1,"There are experiments that show that, naturally, the results of interviews are much more biased than what AI does, says Pedro Domingos, author of The Master Algorithm: How the Quest for the Ultimate Learning Machine Will Remake Our World and a computer science professor at the University of Washington."
quest,1,"{""2021"": 1}",1,"There are experiments that show that, naturally, the results of interviews are much more biased than what AI does, says Pedro Domingos, author of The Master Algorithm: How the Quest for the Ultimate Learning Machine Will Remake Our World and a computer science professor at the University of Washington."
ultimate,1,"{""2021"": 1}",1,"There are experiments that show that, naturally, the results of interviews are much more biased than what AI does, says Pedro Domingos, author of The Master Algorithm: How the Quest for the Ultimate Learning Machine Will Remake Our World and a computer science professor at the University of Washington."
remake,1,"{""2021"": 1}",1,"There are experiments that show that, naturally, the results of interviews are much more biased than what AI does, says Pedro Domingos, author of The Master Algorithm: How the Quest for the Ultimate Learning Machine Will Remake Our World and a computer science professor at the University of Washington."
blendoor,1,"{""2021"": 1}",0,
analytics,1,"{""2021"": 1}",1,It uses analytics to help identify where there may be bias in the hiring process.
phrasee,1,"{""2021"": 1}",1,"One company in the UK, Phrasee, claims their software can outperform humans by up to 10 percent when it comes to email open rates."
outperform,1,"{""2021"": 1}",1,"One company in the UK, Phrasee, claims their software can outperform humans by up to 10 percent when it comes to email open rates."
replacement,1,"{""2021"": 1}",0,
patrick,1,"{""2021"": 1}",0,
mit,1,"{""2021"": 1}",1,"Winston, a professor of artificial intelligence and computer science at MIT."
premiums,1,"{""2021"": 1}",1,"Insurance companies, meanwhile, can base their premiums on AI models that more accurately assess risk."
accurately,1,"{""2021"": 1}",1,"Insurance companies, meanwhile, can base their premiums on AI models that more accurately assess risk."
accuracy,1,"{""2021"": 1}",1,"Domingos says, Improved accuracy Machine learning often provides a more reliable form of statistics which makes data more valuable, says Winston."
statistics,1,"{""2021"": 1}",1,"Domingos says, Improved accuracy Machine learning often provides a more reliable form of statistics which makes data more valuable, says Winston."
smarter,1,"{""2021"": 1}",0,
processing,1,"{""2021"": 1}",0,
inspect,1,"{""2021"": 1}",0,
leaks,1,"{""2021"": 1}",0,
fail,1,"{""2021"": 1}",0,
fix,1,"{""2021"": 1}",0,
expensive,1,"{""2021"": 1}",0,
replaces,1,"{""2021"": 1}",1,AI replaces the boring parts of your job.
boring,1,"{""2021"": 1}",1,AI replaces the boring parts of your job.
aigo,1,"{""2021"": 1}",0,
wouldn't,1,"{""2021"": 1}",0,
acquisio,1,"{""2021"": 1}",1,"There are also companies like Acquisio, which analyzes advertising performance across multiple channels like Adwords, Bing and social media and makes adjustments or suggestions about where advertising funds will yield best results."
analyzes,1,"{""2021"": 1}",1,"There are also companies like Acquisio, which analyzes advertising performance across multiple channels like Adwords, Bing and social media and makes adjustments or suggestions about where advertising funds will yield best results."
adwords,1,"{""2021"": 1}",1,"There are also companies like Acquisio, which analyzes advertising performance across multiple channels like Adwords, Bing and social media and makes adjustments or suggestions about where advertising funds will yield best results."
bing,1,"{""2021"": 1}",1,"There are also companies like Acquisio, which analyzes advertising performance across multiple channels like Adwords, Bing and social media and makes adjustments or suggestions about where advertising funds will yield best results."
adjustments,1,"{""2021"": 1}",1,"There are also companies like Acquisio, which analyzes advertising performance across multiple channels like Adwords, Bing and social media and makes adjustments or suggestions about where advertising funds will yield best results."
we're,1,"{""2021"": 1}",1,We're also giving our customers better channels versus picking up the phone to accomplish something beyond human scale.
versus,1,"{""2021"": 1}",1,We're also giving our customers better channels versus picking up the phone to accomplish something beyond human scale.
accomplish,1,"{""2021"": 1}",1,We're also giving our customers better channels versus picking up the phone to accomplish something beyond human scale.
accounting,1,"{""2021"": 1}",1,"One accounting firm, BY, uses an AI system that helps review contracts during an audit."
audit,1,"{""2021"": 1}",1,"One accounting firm, BY, uses an AI system that helps review contracts during an audit."
accurate,1,"{""2021"": 1}",1,"This process, along with employees reviewing the contracts, is faster and more accurate."
resumes,1,"{""2021"": 1}",1,"AI looks at resumes in greater numbers than humans would be able to, and selects the more promising candidates."
insure,1,"{""2021"": 1}",1,"Before, they might not insure the ones who felt like a high risk or charge them too much, or they would charge them too little and then it would cost the company money."
modem,1,"{""2021"": 1}",0,
enrollment,1,"{""2021"": 1}",1,Those societies came out of the war with levels of enrollment that had been roughly constant at 3-5% of the relevant age groups during the decades before the war.
arising,1,"{""2021"": 1}",1,"But after the war, great social and political changes arising out of the successful war against Fascism created a growing demand in European and American economies for increasing numbers of graduates with more than a secondary school education."
fascism,1,"{""2021"": 1}",1,"But after the war, great social and political changes arising out of the successful war against Fascism created a growing demand in European and American economies for increasing numbers of graduates with more than a secondary school education."
economies,1,"{""2021"": 1}",1,"But after the war, great social and political changes arising out of the successful war against Fascism created a growing demand in European and American economies for increasing numbers of graduates with more than a secondary school education."
rose,1,"{""2021"": 1}",1,And the demand that rose in those societies for entry to higher education extended to groups and social classes that had not thought of attending a university before the war.
attending,1,"{""2021"": 1}",1,And the demand that rose in those societies for entry to higher education extended to groups and social classes that had not thought of attending a university before the war.
rapid,1,"{""2021"": 1}",0,
unevenly,1,"{""2021"": 1}",0,
manifests,1,"{""2021"": 1}",1,"The growth of higher education manifests itself in at least three quite different ways, and these in turn have given rise to different sets of problems."
five-year,1,"{""2021"": 1}",0,
seven,1,"{""2021"": 1}",0,
obviously,1,"{""2021"": 1}",1,"Second, growth obviously affected the absolute size both of systems and individual institutions."
absolute,1,"{""2021"": 1}",1,"Second, growth obviously affected the absolute size both of systems and individual institutions."
size,1,"{""2021"": 1}",1,"Second, growth obviously affected the absolute size both of systems and individual institutions."
proportion,1,"{""2021"": 1}",1,"And third, growth was reflected in changes in the proportion of the relevant age group enrolled in institutions of higher education."
manifestations,1,"{""2021"": 1}",1,Each of these manifestations of growth carried its own peculiar problems in its wake.
strains,1,"{""2021"": 1}",1,"For example, a high growth rate placed great strains on the existing structures of governance, of administration, and above all of socialization."
administration,1,"{""2021"": 1}",1,"For example, a high growth rate placed great strains on the existing structures of governance, of administration, and above all of socialization."
socialization,1,"{""2021"": 1}",1,"For example, a high growth rate placed great strains on the existing structures of governance, of administration, and above all of socialization."
predominantly,1,"{""2021"": 1}",1,"When a faculty or department grows from, say, five to 20 members within three or four years, and when the new staff are predominantly young men and women fresh from postgraduate study, they largely define the norms of academic life in that faculty."
norms,1,"{""2021"": 1}",1,"When a faculty or department grows from, say, five to 20 members within three or four years, and when the new staff are predominantly young men and women fresh from postgraduate study, they largely define the norms of academic life in that faculty."
apprenticeship,1,"{""2021"": 1}",1,"And if the postgraduate student population also grows rapidly and there is loss of a close apprenticeship relationship between faculty members and students, the student culture becomes the chief socializing force for new postgraduate students, with consequences for the intellectual and academic life of the institution—this was seen in America as well as in France, Italy, West Germany, and Japan."
socializing,1,"{""2021"": 1}",1,"And if the postgraduate student population also grows rapidly and there is loss of a close apprenticeship relationship between faculty members and students, the student culture becomes the chief socializing force for new postgraduate students, with consequences for the intellectual and academic life of the institution—this was seen in America as well as in France, Italy, West Germany, and Japan."
italy,1,"{""2021"": 1}",1,"And if the postgraduate student population also grows rapidly and there is loss of a close apprenticeship relationship between faculty members and students, the student culture becomes the chief socializing force for new postgraduate students, with consequences for the intellectual and academic life of the institution—this was seen in America as well as in France, Italy, West Germany, and Japan."
japan,1,"{""2021"": 1}",1,"And if the postgraduate student population also grows rapidly and there is loss of a close apprenticeship relationship between faculty members and students, the student culture becomes the chief socializing force for new postgraduate students, with consequences for the intellectual and academic life of the institution—this was seen in America as well as in France, Italy, West Germany, and Japan."
weakened,1,"{""2021"": 1}",1,High growth rates increased the chances for academic innovation; they also weakened the forms and processes by which teachers and students are admitted into a community of scholars during periods of stability or slow growth.
processes,1,"{""2021"": 1}",1,High growth rates increased the chances for academic innovation; they also weakened the forms and processes by which teachers and students are admitted into a community of scholars during periods of stability or slow growth.
stability,1,"{""2021"": 1}",1,High growth rates increased the chances for academic innovation; they also weakened the forms and processes by which teachers and students are admitted into a community of scholars during periods of stability or slow growth.
arrangements,1,"{""2021"": 1}",0,
empowerment,1,"{""2021"": 1}",0,
junior,1,"{""2021"": 1}",0,
graduated,1,"{""2021"": 1}",0,
e-mail,1,"{""2021"": 1}",0,
neurobiology,1,"{""2022"": 1}",0,
aspects,1,"{""2022"": 1}",0,
stems,1,"{""2022"": 1}",1,"Though plants lack brains, the firing of electrical signals in their stems and leaves nonetheless triggered responses that hinted at consciousness, researchers previously reported."
leaves,1,"{""2022"": 1}",1,"Though plants lack brains, the firing of electrical signals in their stems and leaves nonetheless triggered responses that hinted at consciousness, researchers previously reported."
untrue,1,"{""2022"": 1}",0,
inconclusive,1,"{""2022"": 1}",1,"Plant biology is complex and fascinating, but it differs so greatly from that of animals that so-called evidence of plants' intelligence is inconclusive, the authors wrote."
possess,1,"{""2022"": 1}",1,"Beginning in 2006, some scientists have argued that plants possess neuron-like cells that interact with hormones and neurotransmitters, forming a plant nervous system, analogous to that in animals, said lead study author Lincoln Taiz."
neuron-like,1,"{""2022"": 1}",1,"Beginning in 2006, some scientists have argued that plants possess neuron-like cells that interact with hormones and neurotransmitters, forming a plant nervous system, analogous to that in animals, said lead study author Lincoln Taiz."
hormones,1,"{""2022"": 1}",1,"Beginning in 2006, some scientists have argued that plants possess neuron-like cells that interact with hormones and neurotransmitters, forming a plant nervous system, analogous to that in animals, said lead study author Lincoln Taiz."
neurotransmitters,1,"{""2022"": 1}",1,"Beginning in 2006, some scientists have argued that plants possess neuron-like cells that interact with hormones and neurotransmitters, forming a plant nervous system, analogous to that in animals, said lead study author Lincoln Taiz."
lincoln,1,"{""2022"": 1}",1,"Beginning in 2006, some scientists have argued that plants possess neuron-like cells that interact with hormones and neurotransmitters, forming a plant nervous system, analogous to that in animals, said lead study author Lincoln Taiz."
brain-like,1,"{""2022"": 1}",1,They even claimed that plants have 'brain-like command centers' at their root tips.
centers,1,"{""2022"": 1}",1,They even claimed that plants have 'brain-like command centers' at their root tips.
workings,1,"{""2022"": 1}",1,"This perspective makes sense if you simplify the workings of a complex brain, reducing it to an array of electrical pulses; cells in plants also communicate through electrical signals."
array,1,"{""2022"": 1}",1,"This perspective makes sense if you simplify the workings of a complex brain, reducing it to an array of electrical pulses; cells in plants also communicate through electrical signals."
pulses,1,"{""2022"": 1}",1,"This perspective makes sense if you simplify the workings of a complex brain, reducing it to an array of electrical pulses; cells in plants also communicate through electrical signals."
signaling,1,"{""2022"": 1}",1,"However, the signaling in a plant is only superficially similar to the firing in a complex animal brain, which is more than a mass of cells that communicate by electricity, Taiz said."
evolve,1,"{""2022"": 1}",1,"For consciousness to evolve, a brain with a threshold level of complexity and capacity is required, he added."
capacity,1,"{""2022"": 1}",1,"For consciousness to evolve, a brain with a threshold level of complexity and capacity is required, he added."
zero,1,"{""2022"": 1}",0,
pain,1,"{""2022"": 1}",0,
coined,1,"{""2022"": 1}",0,
attributed,1,"{""2022"": 1}",0,
directed,1,"{""2022"": 1}",0,
coped,1,"{""2022"": 1}",0,
consisted,1,"{""2022"": 1}",0,
hinted,1,"{""2022"": 1}",1,"Though plants lack brains, the firing of electrical signals in their stems and leaves nonetheless triggered responses that hinted at consciousness, researchers previously reported."
develops,1,"{""2022"": 1}",0,
differs,1,"{""2022"": 1}",1,"Plant biology is complex and fascinating, but it differs so greatly from that of animals that so-called evidence of plants' intelligence is inconclusive, the authors wrote."
cultivation,1,"{""2022"": 1}",0,
requested,1,"{""2022"": 1}",0,
forming,1,"{""2022"": 1}",1,"Beginning in 2006, some scientists have argued that plants possess neuron-like cells that interact with hormones and neurotransmitters, forming a plant nervous system, analogous to that in animals, said lead study author Lincoln Taiz."
repairing,1,"{""2022"": 1}",0,
testing,1,"{""2022"": 1}",0,
analogous,1,"{""2022"": 1}",1,"Beginning in 2006, some scientists have argued that plants possess neuron-like cells that interact with hormones and neurotransmitters, forming a plant nervous system, analogous to that in animals, said lead study author Lincoln Taiz."
restriction,1,"{""2022"": 1}",0,
attaching,1,"{""2022"": 1}",0,
moreover,1,"{""2022"": 1}",0,
literally,1,"{""2022"": 1}",0,
superficially,1,"{""2022"": 1}",1,"However, the signaling in a plant is only superficially similar to the firing in a complex animal brain, which is more than a mass of cells that communicate by electricity, Taiz said."
imaginarily,1,"{""2022"": 1}",0,
label,1,"{""2022"": 1}",0,
load,1,"{""2022"": 1}",0,
agreed,1,"{""2022"": 1}",0,
excuses,1,"{""2022"": 1}",0,
assumptions,1,"{""2022"": 1}",0,
danger,1,"{""2022"": 1}",0,
recognizes,1,"{""2022"": 1}",0,
humble,1,"{""2022"": 1}",0,
practical,1,"{""2022"": 1}",0,
complain,1,"{""2022"": 1}",1,People often complain that plastics are too durable.
bottles,1,"{""2022"": 1}",0,
shopping,1,"{""2022"": 1}",0,
bags,1,"{""2022"": 1}",0,
trash,1,"{""2022"": 1}",0,
litter,1,"{""2022"": 1}",0,
mount,1,"{""2022"": 1}",0,
everest,1,"{""2022"": 1}",0,
mariana,1,"{""2022"": 1}",0,
trench,1,"{""2022"": 1}",0,
frizzle,1,"{""2022"": 1}",1,They crack and frizzle.
weep,1,"{""2022"": 1}",1,They weep out additives.
additives,1,"{""2022"": 1}",1,They weep out additives.
melt,1,"{""2022"": 1}",1,They melt into sludge.
sludge,1,"{""2022"": 1}",1,They melt into sludge.
creates,1,"{""2022"": 1}",1,"All of which creates huge headaches for institutions, such as museums, trying to preserve culturally important objects."
headaches,1,"{""2022"": 1}",1,"All of which creates huge headaches for institutions, such as museums, trying to preserve culturally important objects."
culturally,1,"{""2022"": 1}",1,"All of which creates huge headaches for institutions, such as museums, trying to preserve culturally important objects."
dizzying,1,"{""2022"": 1}",1,"The variety of plastic objects at risk is dizzying: early radios, avant-garde sculptures, celluloid animation stills from Disney films, the first artificial heart."
radios,1,"{""2022"": 1}",1,"The variety of plastic objects at risk is dizzying: early radios, avant-garde sculptures, celluloid animation stills from Disney films, the first artificial heart."
avant-garde,1,"{""2022"": 1}",1,"The variety of plastic objects at risk is dizzying: early radios, avant-garde sculptures, celluloid animation stills from Disney films, the first artificial heart."
celluloid,1,"{""2022"": 1}",1,"The variety of plastic objects at risk is dizzying: early radios, avant-garde sculptures, celluloid animation stills from Disney films, the first artificial heart."
animation,1,"{""2022"": 1}",1,"The variety of plastic objects at risk is dizzying: early radios, avant-garde sculptures, celluloid animation stills from Disney films, the first artificial heart."
stills,1,"{""2022"": 1}",1,"The variety of plastic objects at risk is dizzying: early radios, avant-garde sculptures, celluloid animation stills from Disney films, the first artificial heart."
films,1,"{""2022"": 1}",1,"The variety of plastic objects at risk is dizzying: early radios, avant-garde sculptures, celluloid animation stills from Disney films, the first artificial heart."
thea,1,"{""2022"": 1}",0,
chemist,1,"{""2022"": 1}",0,
netherlands,1,"{""2022"": 1}",0,
rce,1,"{""2022"": 1}",0,
baking,1,"{""2022"": 1}",0,
cake,1,"{""2022"": 1}",0,
artist's,1,"{""2022"": 1}",0,
fault,1,"{""2022"": 1}",0,
italian,1,"{""2022"": 1}",0,
piero,1,"{""2022"": 1}",0,
gilardi,1,"{""2022"": 1}",0,
bright,1,"{""2022"": 1}",0,
colorful,1,"{""2022"": 1}",0,
pieces,1,"{""2022"": 1}",0,
thosepieces,1,"{""2022"": 1}",1,"Thosepieces included small beds of roses and other items as well as a few dozen nature carpets — large rectangles decorated with foam pumpkins, cabbages, and watermelons."
beds,1,"{""2022"": 1}",1,"Thosepieces included small beds of roses and other items as well as a few dozen nature carpets — large rectangles decorated with foam pumpkins, cabbages, and watermelons."
dozen,1,"{""2022"": 1}",1,"Thosepieces included small beds of roses and other items as well as a few dozen nature carpets — large rectangles decorated with foam pumpkins, cabbages, and watermelons."
rectangles,1,"{""2022"": 1}",1,"Thosepieces included small beds of roses and other items as well as a few dozen nature carpets — large rectangles decorated with foam pumpkins, cabbages, and watermelons."
decorated,1,"{""2022"": 1}",1,"Thosepieces included small beds of roses and other items as well as a few dozen nature carpets — large rectangles decorated with foam pumpkins, cabbages, and watermelons."
cabbages,1,"{""2022"": 1}",1,"Thosepieces included small beds of roses and other items as well as a few dozen nature carpets — large rectangles decorated with foam pumpkins, cabbages, and watermelons."
watermelons,1,"{""2022"": 1}",1,"Thosepieces included small beds of roses and other items as well as a few dozen nature carpets — large rectangles decorated with foam pumpkins, cabbages, and watermelons."
viewers,1,"{""2022"": 1}",1,He wanted viewers to walk around on the carpets—whichmeant they had to be durable.
whichmeant,1,"{""2022"": 1}",1,He wanted viewers to walk around on the carpets—whichmeant they had to be durable.
unfortunately,1,"{""2022"": 1}",1,"Unfortunately, the polyurethane foam he used is inherently unstable."
polyurethane,1,"{""2022"": 1}",1,"Unfortunately, the polyurethane foam he used is inherently unstable."
unstable,1,"{""2022"": 1}",1,"Unfortunately, the polyurethane foam he used is inherently unstable."
splitting,1,"{""2022"": 1}",0,
crumbling,1,"{""2022"": 1}",0,
locked,1,"{""2022"": 1}",1,Museums locked some of them away in the dark.
dark,1,"{""2022"": 1}",1,Museums locked some of them away in the dark.
infused,1,"{""2022"": 1}",1,They infused some with stabilizing and consolidating chemicals.
stabilizing,1,"{""2022"": 1}",1,They infused some with stabilizing and consolidating chemicals.
consolidating,1,"{""2022"": 1}",1,They infused some with stabilizing and consolidating chemicals.
callsthose,1,"{""2022"": 1}",1,Van Oosten callsthose chemicals sunscreens because their goal was to prevent further lightdamage and rebuild worn polymer fibers.
sunscreens,1,"{""2022"": 1}",1,Van Oosten callsthose chemicals sunscreens because their goal was to prevent further lightdamage and rebuild worn polymer fibers.
lightdamage,1,"{""2022"": 1}",1,Van Oosten callsthose chemicals sunscreens because their goal was to prevent further lightdamage and rebuild worn polymer fibers.
rebuild,1,"{""2022"": 1}",1,Van Oosten callsthose chemicals sunscreens because their goal was to prevent further lightdamage and rebuild worn polymer fibers.
worn,1,"{""2022"": 1}",1,Van Oosten callsthose chemicals sunscreens because their goal was to prevent further lightdamage and rebuild worn polymer fibers.
fibers,1,"{""2022"": 1}",1,Van Oosten callsthose chemicals sunscreens because their goal was to prevent further lightdamage and rebuild worn polymer fibers.
proud,1,"{""2022"": 1}",1,"She is proud that several sculptures have even gone on display again, albeit sometimes beneath protective cases."
albeit,1,"{""2022"": 1}",1,"She is proud that several sculptures have even gone on display again, albeit sometimes beneath protective cases."
beneath,1,"{""2022"": 1}",1,"She is proud that several sculptures have even gone on display again, albeit sometimes beneath protective cases."
protective,1,"{""2022"": 1}",1,"She is proud that several sculptures have even gone on display again, albeit sometimes beneath protective cases."
oosten's,1,"{""2022"": 1}",0,
likelyget,1,"{""2022"": 1}",0,
deteriorate,1,"{""2022"": 1}",1,Old objects continue to deteriorate.
biodegradable,1,"{""2022"": 1}",1,"Worse, biodegradable plastics, designed to disintegrate, are increasingly common."
disintegrate,1,"{""2022"": 1}",1,"Worse, biodegradable plastics, designed to disintegrate, are increasingly common."
joana,1,"{""2022"": 1}",1,"Joana Lia Ferreira, an assistant professor of conservation and restoration at the NOVA School of Science and Technology, notes that archaeologists first defined the great material ages of human history—Stone Age, Iron Age, and so on—after examining artifacts in museums."
lia,1,"{""2022"": 1}",1,"Joana Lia Ferreira, an assistant professor of conservation and restoration at the NOVA School of Science and Technology, notes that archaeologists first defined the great material ages of human history—Stone Age, Iron Age, and so on—after examining artifacts in museums."
ferreira,1,"{""2022"": 1}",1,"Joana Lia Ferreira, an assistant professor of conservation and restoration at the NOVA School of Science and Technology, notes that archaeologists first defined the great material ages of human history—Stone Age, Iron Age, and so on—after examining artifacts in museums."
assistant,1,"{""2022"": 1}",1,"Joana Lia Ferreira, an assistant professor of conservation and restoration at the NOVA School of Science and Technology, notes that archaeologists first defined the great material ages of human history—Stone Age, Iron Age, and so on—after examining artifacts in museums."
nova,1,"{""2022"": 1}",1,"Joana Lia Ferreira, an assistant professor of conservation and restoration at the NOVA School of Science and Technology, notes that archaeologists first defined the great material ages of human history—Stone Age, Iron Age, and so on—after examining artifacts in museums."
defined,1,"{""2022"": 1}",1,"Joana Lia Ferreira, an assistant professor of conservation and restoration at the NOVA School of Science and Technology, notes that archaeologists first defined the great material ages of human history—Stone Age, Iron Age, and so on—after examining artifacts in museums."
stone,1,"{""2022"": 1}",1,"Joana Lia Ferreira, an assistant professor of conservation and restoration at the NOVA School of Science and Technology, notes that archaeologists first defined the great material ages of human history—Stone Age, Iron Age, and so on—after examining artifacts in museums."
examining,1,"{""2022"": 1}",1,"Joana Lia Ferreira, an assistant professor of conservation and restoration at the NOVA School of Science and Technology, notes that archaeologists first defined the great material ages of human history—Stone Age, Iron Age, and so on—after examining artifacts in museums."
we'll,1,"{""2022"": 1}",1,"We now live in an age of plastic, she says, and what we decide to collect today, what we decide to preserve... will have a strong impact on how in the future we'll be seen."
obtaining,1,"{""2022"": 1}",0,
handling,1,"{""2022"": 1}",0,
exhibits,1,"{""2022"": 1}",0,
classifying,1,"{""2022"": 1}",0,
decay,1,"{""2022"": 1}",0,
improperly,1,"{""2022"": 1}",0,
shaped,1,"{""2022"": 1}",0,
structure,1,"{""2022"": 1}",0,
stopped,1,"{""2022"": 1}",0,
exhibiting,1,"{""2022"": 1}",0,
hurting,1,"{""2022"": 1}",0,
duplicate,1,"{""2022"": 1}",0,
thinks,1,"{""2022"": 1}",0,
unworthy,1,"{""2022"": 1}",0,
ferreira's,1,"{""2022"": 1}",0,
profound,1,"{""2022"": 1}",0,
crop,1,"{""2022"": 1}",0,
pen,1,"{""2022"": 1}",0,
weigh,1,"{""2022"": 1}",0,
considering,1,"{""2022"": 1}",0,
millennials,1,"{""2022"": 1}",1,"Millennials were told that if you did well in school, got a decent degree, you would be set up for life."
wanting,1,"{""2022"": 1}",1,But that promise has been found wanting.
universal,1,"{""2022"": 1}",1,"As degrees became universal, they became devalued."
devalued,1,"{""2022"": 1}",1,"As degrees became universal, they became devalued."
switch,1,"{""2022"": 1}",1,"This is not to say that there is no point in getting a degree, but rather stress that a degree is not for everyone, that the switch from classroom to lecture hall is not an inevitable one and that other options are available."
lecture,1,"{""2022"": 1}",1,"This is not to say that there is no point in getting a degree, but rather stress that a degree is not for everyone, that the switch from classroom to lecture hall is not an inevitable one and that other options are available."
thankfully,1,"{""2022"": 1}",0,
signs,1,"{""2022"": 1}",0,
happening,1,"{""2022"": 1}",0,
millennial,1,"{""2022"": 1}",0,
predecessors,1,"{""2022"": 1}",0,
mindset,1,"{""2022"": 1}",0,
scrapping,1,"{""2022"": 1}",1,Many too are seeing the advantages of scrapping a degree requirement for certain roles.
generalists,1,"{""2022"": 1}",1,"In this age of generalists, it pays to have specific knowledge or skills."
pays,1,"{""2022"": 1}",1,"In this age of generalists, it pays to have specific knowledge or skills."
upskilling,1,"{""2022"": 1}",0,
employable,1,"{""2022"": 1}",0,
estimated,1,"{""2022"": 1}",1,"It has been estimated that this generation, due to the pressures of technology, the wish for personal fulfilment and desire for diversity, will work for 17 different employers over the course of their working life and have five different careers."
fulfilment,1,"{""2022"": 1}",1,"It has been estimated that this generation, due to the pressures of technology, the wish for personal fulfilment and desire for diversity, will work for 17 different employers over the course of their working life and have five different careers."
gained,1,"{""2022"": 1}",0,
z's,1,"{""2022"": 1}",0,
trajectory,1,"{""2022"": 1}",0,
talk,1,"{""2022"": 1}",1,Older generations often talk about their degree in the present and personal tense: 'I am a geographer' or 'I am a classicist'.
tense,1,"{""2022"": 1}",1,Older generations often talk about their degree in the present and personal tense: 'I am a geographer' or 'I am a classicist'.
geographer,1,"{""2022"": 1}",1,Older generations often talk about their degree in the present and personal tense: 'I am a geographer' or 'I am a classicist'.
classicist,1,"{""2022"": 1}",1,Older generations often talk about their degree in the present and personal tense: 'I am a geographer' or 'I am a classicist'.
sons,1,"{""2022"": 1}",0,
daughters,1,"{""2022"": 1}",0,
careful,1,"{""2022"": 1}",0,
diligent,1,"{""2022"": 1}",0,
reassess,1,"{""2022"": 1}",0,
postpone,1,"{""2022"": 1}",0,
millennial's,1,"{""2022"": 1}",0,
shrinking,1,"{""2022"": 1}",0,
discontent,1,"{""2022"": 1}",0,
considers,1,"{""2022"": 1}",0,
attend,1,"{""2022"": 1}",0,
on-the-job,1,"{""2022"": 1}",0,
high-paid,1,"{""2022"": 1}",0,
lifelong,1,"{""2022"": 1}",0,
enlightening,1,"{""2022"": 1}",1,"Enlightening, challenging, stimulating, fun."
stimulating,1,"{""2022"": 1}",1,"Enlightening, challenging, stimulating, fun."
accompanying,1,"{""2022"": 1}",1,"Nearly 40% of the roughly 350 people who responded to an accompanying poll said, they had collaborated with artists; and almost all said they would consider doing so in future."
collaborated,1,"{""2022"": 1}",1,"Nearly 40% of the roughly 350 people who responded to an accompanying poll said, they had collaborated with artists; and almost all said they would consider doing so in future."
surprising,1,"{""2022"": 1}",1,Such an encouraging result is not surprising.
respondent,1,"{""2022"": 1}",1,"Artists help scientists reach a broader audience and make emotional connections that enhance learning, one respondent said."
rocked,1,"{""2022"": 1}",0,
symphony,1,"{""2022"": 1}",0,
orchestra,1,"{""2022"": 1}",0,
antonio,1,"{""2022"": 1}",0,
vivaldi's,1,"{""2022"": 1}",0,
reimagined,1,"{""2022"": 1}",0,
year-old,1,"{""2022"": 1}",0,
injecting,1,"{""2022"": 1}",0,
prediction,1,"{""2022"": 1}",0,
season,1,"{""2022"": 1}",0,
monash,1,"{""2022"": 1}",0,
university's,1,"{""2022"": 1}",0,
hub,1,"{""2022"": 1}",0,
ahead,1,"{""2022"": 1}",0,
november's,1,"{""2022"": 1}",0,
conference,1,"{""2022"": 1}",0,
two-way,1,"{""2022"": 1}",1,But a genuine partnership must be a two-way street.
respondents,1,"{""2022"": 1}",1,"Fewer artists than scientists responded to the Nature poll, however, several respondents noted that artists do not simply assist scientists with their communication requirements."
noted,1,"{""2022"": 1}",1,"Fewer artists than scientists responded to the Nature poll, however, several respondents noted that artists do not simply assist scientists with their communication requirements."
jointly,1,"{""2022"": 1}",0,
other's,1,"{""2022"": 1}",0,
powerful,1,"{""2022"": 1}",1,Such an approach can both prompt new research as well as result in powerful art.
opened,1,"{""2022"": 1}",1,"More than half a century ago, the Massachusetts Institute of Technology opened its Center for Advanced Visual Studies (CAVS) to explore the role of technology in culture."
cavs,1,"{""2022"": 1}",1,"More than half a century ago, the Massachusetts Institute of Technology opened its Center for Advanced Visual Studies (CAVS) to explore the role of technology in culture."
deliberately,1,"{""2022"": 1}",1,The founders deliberately focused their projects around light—hence the visual studies in the name.
hence,1,"{""2022"": 1}",1,The founders deliberately focused their projects around light—hence the visual studies in the name.
progressed,1,"{""2022"": 1}",1,"As science and technology progressed, and divided into more sub-disciplines, the centre was simultaneously looking to a time when leading researchers could also be artists, writers and poets, and vice versa."
sub-disciplines,1,"{""2022"": 1}",1,"As science and technology progressed, and divided into more sub-disciplines, the centre was simultaneously looking to a time when leading researchers could also be artists, writers and poets, and vice versa."
poets,1,"{""2022"": 1}",1,"As science and technology progressed, and divided into more sub-disciplines, the centre was simultaneously looking to a time when leading researchers could also be artists, writers and poets, and vice versa."
vice,1,"{""2022"": 1}",1,"As science and technology progressed, and divided into more sub-disciplines, the centre was simultaneously looking to a time when leading researchers could also be artists, writers and poets, and vice versa."
versa,1,"{""2022"": 1}",1,"As science and technology progressed, and divided into more sub-disciplines, the centre was simultaneously looking to a time when leading researchers could also be artists, writers and poets, and vice versa."
nature's,1,"{""2022"": 1}",0,
suggest,1,"{""2022"": 1}",0,
sides,1,"{""2022"": 1}",0,
invest,1,"{""2022"": 1}",0,
embrace,1,"{""2022"": 1}",0,
tie-ups,1,"{""2022"": 1}",1,"The reach of art-science tie-ups needs to go beyond the necessary purpose of research communication, and participants must not fall into the trap of stereotyping each other."
trap,1,"{""2022"": 1}",1,"The reach of art-science tie-ups needs to go beyond the necessary purpose of research communication, and participants must not fall into the trap of stereotyping each other."
stereotyping,1,"{""2022"": 1}",1,"The reach of art-science tie-ups needs to go beyond the necessary purpose of research communication, and participants must not fall into the trap of stereotyping each other."
alike,1,"{""2022"": 1}",1,"Artists and scientists alike are immersed in discovery and invention, and challenge and critique are core to both, too."
immersed,1,"{""2022"": 1}",1,"Artists and scientists alike are immersed in discovery and invention, and challenge and critique are core to both, too."
critics,1,"{""2022"": 1}",0,
promoted,1,"{""2022"": 1}",0,
emoti,1,"{""2022"": 1}",0,
ons,1,"{""2022"": 1}",0,
facilitating,1,"{""2022"": 1}",0,
impaired,1,"{""2022"": 1}",0,
inhibited,1,"{""2022"": 1}",0,
cays,1,"{""2022"": 1}",0,
alternately,1,"{""2022"": 1}",0,
exemplified,1,"{""2022"": 1}",0,
advancing,1,"{""2022"": 1}",0,
sought,1,"{""2022"": 1}",0,
interdisciplinary,1,"{""2022"": 1}",0,
competi,1,"{""2022"": 1}",0,
tion,1,"{""2022"": 1}",0,
communicating,1,"{""2022"": 1}",0,
employer,1,"{""2022"": 1}",0,
procedurally,1,"{""2022"": 1}",1,Employers must both show cause and act in a procedurally fair way.
guard,1,"{""2022"": 1}",1,Personal grievance procedures were designed to guard the jobs of ordinary workers from unjustified dismissals.
premise,1,"{""2022"": 1}",1,The premise was that the common law of contract lacked sufficient safeguards for workers against arbitrary conduct by management.
sufficient,1,"{""2022"": 1}",1,The premise was that the common law of contract lacked sufficient safeguards for workers against arbitrary conduct by management.
safeguards,1,"{""2022"": 1}",1,The premise was that the common law of contract lacked sufficient safeguards for workers against arbitrary conduct by management.
conduct,1,"{""2022"": 1}",1,The premise was that the common law of contract lacked sufficient safeguards for workers against arbitrary conduct by management.
boss,1,"{""2022"": 1}",1,Long gone are the days when a boss could simply give an employee contractual notice.
contractual,1,"{""2022"": 1}",1,Long gone are the days when a boss could simply give an employee contractual notice.
executives,1,"{""2022"": 1}",1,But these provisions create difficulties for businesses when applied to highly paid managers and executives.
attest,1,"{""2022"": 1}",1,"As countless boards and business owners will attest, constraining firms from firing poorly performing, high-earning managers is a handbrake on boosting productivity and overall performance."
constraining,1,"{""2022"": 1}",1,"As countless boards and business owners will attest, constraining firms from firing poorly performing, high-earning managers is a handbrake on boosting productivity and overall performance."
high-earning,1,"{""2022"": 1}",1,"As countless boards and business owners will attest, constraining firms from firing poorly performing, high-earning managers is a handbrake on boosting productivity and overall performance."
handbrake,1,"{""2022"": 1}",1,"As countless boards and business owners will attest, constraining firms from firing poorly performing, high-earning managers is a handbrake on boosting productivity and overall performance."
boosting,1,"{""2022"": 1}",1,"As countless boards and business owners will attest, constraining firms from firing poorly performing, high-earning managers is a handbrake on boosting productivity and overall performance."
c-grade,1,"{""2022"": 1}",0,
a-grade,1,"{""2022"": 1}",0,
mediocrity,1,"{""2022"": 1}",1,Yet mediocrity is no longer enough to justify a dismissal.
consequently,1,"{""2022"": 1}",1,Consequently—and paradoxically—laws introduced to protect the jobs of ordinary workers may be placing those jobs at risk.
paradoxically,1,"{""2022"": 1}",1,Consequently—and paradoxically—laws introduced to protect the jobs of ordinary workers may be placing those jobs at risk.
extent,1,"{""2022"": 1}",1,"If not placing jobs at risk, to the extent employment protection laws constrain business owners from dismissing under-performing managers, those laws act as a constraint on firm productivity and therefore on workers' wages."
constrain,1,"{""2022"": 1}",1,"If not placing jobs at risk, to the extent employment protection laws constrain business owners from dismissing under-performing managers, those laws act as a constraint on firm productivity and therefore on workers' wages."
under-performing,1,"{""2022"": 1}",1,"If not placing jobs at risk, to the extent employment protection laws constrain business owners from dismissing under-performing managers, those laws act as a constraint on firm productivity and therefore on workers' wages."
constraint,1,"{""2022"": 1}",1,"If not placing jobs at risk, to the extent employment protection laws constrain business owners from dismissing under-performing managers, those laws act as a constraint on firm productivity and therefore on workers' wages."
wages,1,"{""2022"": 1}",1,"If not placing jobs at risk, to the extent employment protection laws constrain business owners from dismissing under-performing managers, those laws act as a constraint on firm productivity and therefore on workers' wages."
singled,1,"{""2022"": 1}",0,
managerial,1,"{""2022"": 1}",0,
capabilities,1,"{""2022"": 1}",0,
costlier,1,"{""2022"": 1}",1,"Because employment protection laws make it costlier to fire an employee, employers are more cautious about hiring new staff."
manager,1,"{""2022"": 1}",1,This makes it harder for the marginal manager to gain employment.
gain,1,"{""2022"": 1}",1,This makes it harder for the marginal manager to gain employment.
excessive,1,"{""2022"": 1}",1,Society also suffers from excessive employment protections.
stringent,1,"{""2022"": 1}",1,Stringent job dismissal regulations adversely affect productivity growth and hamper both prosperity and overall well-being.
adversely,1,"{""2022"": 1}",1,Stringent job dismissal regulations adversely affect productivity growth and hamper both prosperity and overall well-being.
hamper,1,"{""2022"": 1}",1,Stringent job dismissal regulations adversely affect productivity growth and hamper both prosperity and overall well-being.
prosperity,1,"{""2022"": 1}",1,Stringent job dismissal regulations adversely affect productivity growth and hamper both prosperity and overall well-being.
tasman,1,"{""2022"": 1}",1,"Across the Tasman Sea, Australia deals with the unjustified dismissal paradox by excluding employees earning above a specified high-income threshold from the protection of its unfair dismissal laws."
deals,1,"{""2022"": 1}",1,"Across the Tasman Sea, Australia deals with the unjustified dismissal paradox by excluding employees earning above a specified high-income threshold from the protection of its unfair dismissal laws."
excluding,1,"{""2022"": 1}",1,"Across the Tasman Sea, Australia deals with the unjustified dismissal paradox by excluding employees earning above a specified high-income threshold from the protection of its unfair dismissal laws."
earning,1,"{""2022"": 1}",1,"Across the Tasman Sea, Australia deals with the unjustified dismissal paradox by excluding employees earning above a specified high-income threshold from the protection of its unfair dismissal laws."
specified,1,"{""2022"": 1}",1,"Across the Tasman Sea, Australia deals with the unjustified dismissal paradox by excluding employees earning above a specified high-income threshold from the protection of its unfair dismissal laws."
zealand,1,"{""2022"": 1}",1,"In New Zealand, a 2016 private members' Bill tried to permit firms and high-income employees to contract out of the unjustified dismissal regime."
permit,1,"{""2022"": 1}",1,"In New Zealand, a 2016 private members' Bill tried to permit firms and high-income employees to contract out of the unjustified dismissal regime."
regime,1,"{""2022"": 1}",1,"In New Zealand, a 2016 private members' Bill tried to permit firms and high-income employees to contract out of the unjustified dismissal regime."
mechanisms,1,"{""2022"": 1}",1,"However, the mechanisms proposed were unwieldy and the Bill was voted down following the change in government later that year."
unwieldy,1,"{""2022"": 1}",1,"However, the mechanisms proposed were unwieldy and the Bill was voted down following the change in government later that year."
dubious,1,"{""2022"": 1}",0,
exempt,1,"{""2022"": 1}",0,
hinder,1,"{""2022"": 1}",0,
worsen,1,"{""2022"": 1}",0,
labor-management,1,"{""2022"": 1}",0,
commissionsupport,1,"{""2022"": 1}",0,
reasonable,1,"{""2022"": 1}",0,
wage,1,"{""2022"": 1}",0,
restraints,1,"{""2022"": 1}",0,
enforcing,1,"{""2022"": 1}",0,
powers,1,"{""2022"": 1}",0,
salary,1,"{""2022"": 1}",1,Employees suffer from salary cuts.
cuts,1,"{""2022"": 1}",1,Employees suffer from salary cuts.
sees,1,"{""2022"": 1}",1,Society sees a rise in overall well-being.
hire,1,"{""2022"": 1}",1,Employers need to hire new staff.
earnings,1,"{""2022"": 1}",0,
undesired,1,"{""2022"": 1}",0,
opinions,1,"{""2022"": 1}",0,
manis's,1,"{""2022"": 1}",0,
summarize,1,"{""2022"": 1}",0,
fit,1,"{""2022"": 1}",0,
blanks,1,"{""2022"": 1}",0,
teri,1,"{""2022"": 1}",0,
byrd,1,"{""2022"": 1}",0,
claim,1,"{""2022"": 1}",1,This claim was false.
false,1,"{""2022"": 1}",1,This claim was false.
participated,1,"{""2022"": 1}",1,Neither one of them actually participated in any contributions to animal research or conservation.
bottom,1,"{""2022"": 1}",1,They are profitable institutions whose bottom line is much more important than the condition of the animals.
despise,1,"{""2022"": 1}",1,Animals despise being captives in zoos.
captives,1,"{""2022"": 1}",1,Animals despise being captives in zoos.
enclosures,1,"{""2022"": 1}",1,"No matter how you enhance enclosures, they do not allow for freedom, a natural diet or adequate exercise."
stressed,1,"{""2022"": 1}",1,Animals end up stressed and unhealthy or dead.
transparency,1,"{""2022"": 1}",0,
karen,1,"{""2022"": 1}",0,
sime,1,"{""2022"": 1}",0,
displays,1,"{""2022"": 1}",0,
sad,1,"{""2022"": 1}",0,
cruel,1,"{""2022"": 1}",0,
underestimates,1,"{""2022"": 1}",1,But she underestimates the educational value of zoos.
visits,1,"{""2022"": 1}",1,The zoology program at my university attracts students for whom zoo visits were the crucial formative experience that led them to major in biological sciences.
formative,1,"{""2022"": 1}",1,The zoology program at my university attracts students for whom zoo visits were the crucial formative experience that led them to major in biological sciences.
excitement,1,"{""2022"": 1}",0,
interactive,1,"{""2022"": 1}",0,
surely,1,"{""2022"": 1}",0,
ground,1,"{""2022"": 1}",0,
balances,1,"{""2022"": 1}",0,
newberry,1,"{""2022"": 1}",0,
marris's,1,"{""2022"": 1}",0,
insult,1,"{""2022"": 1}",0,
disservice,1,"{""2022"": 1}",0,
passionate,1,"{""2022"": 1}",0,
tirelessly,1,"{""2022"": 1}",0,
decades-old,1,"{""2022"": 1}",1,She uses outdated research and decades-old examples to undermine the noble mission of organizations committed to connecting children to a world beyond their own.
examples,1,"{""2022"": 1}",1,She uses outdated research and decades-old examples to undermine the noble mission of organizations committed to connecting children to a world beyond their own.
noble,1,"{""2022"": 1}",1,She uses outdated research and decades-old examples to undermine the noble mission of organizations committed to connecting children to a world beyond their own.
mission,1,"{""2022"": 1}",1,She uses outdated research and decades-old examples to undermine the noble mission of organizations committed to connecting children to a world beyond their own.
organizations,1,"{""2022"": 1}",1,She uses outdated research and decades-old examples to undermine the noble mission of organizations committed to connecting children to a world beyond their own.
forefront,1,"{""2022"": 1}",1,Zoos are at the forefront of conservation and constantly evolving to improve how they care for animals and protect each species in its natural habitat.
evolving,1,"{""2022"": 1}",1,Zoos are at the forefront of conservation and constantly evolving to improve how they care for animals and protect each species in its natural habitat.
tragedies,1,"{""2022"": 1}",0,
exception,1,"{""2022"": 1}",1,"But they are the exception, not the norm that Ms. Marris implies."
implies,1,"{""2022"": 1}",1,"But they are the exception, not the norm that Ms. Marris implies."
distressed,1,"{""2022"": 1}",1,"A distressed animal in a zoo will get as good or better treatment than most of us at our local hospital.: As a fellow environmentalist, animal-protection advocate and longtime vegetarian, I could properly be in the same camp as Emma Marris on the issue of zoos."
hospital,1,"{""2022"": 1}",1,"A distressed animal in a zoo will get as good or better treatment than most of us at our local hospital.: As a fellow environmentalist, animal-protection advocate and longtime vegetarian, I could properly be in the same camp as Emma Marris on the issue of zoos."
dean,1,"{""2022"": 1}",0,
gallea,1,"{""2022"": 1}",0,
fellow,1,"{""2022"": 1}",1,"A distressed animal in a zoo will get as good or better treatment than most of us at our local hospital.: As a fellow environmentalist, animal-protection advocate and longtime vegetarian, I could properly be in the same camp as Emma Marris on the issue of zoos."
environmentalist,1,"{""2022"": 1}",1,"A distressed animal in a zoo will get as good or better treatment than most of us at our local hospital.: As a fellow environmentalist, animal-protection advocate and longtime vegetarian, I could properly be in the same camp as Emma Marris on the issue of zoos."
animal-protection,1,"{""2022"": 1}",1,"A distressed animal in a zoo will get as good or better treatment than most of us at our local hospital.: As a fellow environmentalist, animal-protection advocate and longtime vegetarian, I could properly be in the same camp as Emma Marris on the issue of zoos."
advocate,1,"{""2022"": 1}",1,"A distressed animal in a zoo will get as good or better treatment than most of us at our local hospital.: As a fellow environmentalist, animal-protection advocate and longtime vegetarian, I could properly be in the same camp as Emma Marris on the issue of zoos."
longtime,1,"{""2022"": 1}",1,"A distressed animal in a zoo will get as good or better treatment than most of us at our local hospital.: As a fellow environmentalist, animal-protection advocate and longtime vegetarian, I could properly be in the same camp as Emma Marris on the issue of zoos."
vegetarian,1,"{""2022"": 1}",1,"A distressed animal in a zoo will get as good or better treatment than most of us at our local hospital.: As a fellow environmentalist, animal-protection advocate and longtime vegetarian, I could properly be in the same camp as Emma Marris on the issue of zoos."
well-run,1,"{""2022"": 1}",1,"But I believe that well-run zoos, and the heroic animals that suffer their captivity, do serve a higher purpose."
heroic,1,"{""2022"": 1}",1,"But I believe that well-run zoos, and the heroic animals that suffer their captivity, do serve a higher purpose."
observe,1,"{""2022"": 1}",1,"Were it not for opportunities to observe these beautiful, wild creatures close to home, many more people would be driven by their fascination to travel to wild areas to seek out, disturb and even hunt them down."
fascination,1,"{""2022"": 1}",1,"Were it not for opportunities to observe these beautiful, wild creatures close to home, many more people would be driven by their fascination to travel to wild areas to seek out, disturb and even hunt them down."
disturb,1,"{""2022"": 1}",1,"Were it not for opportunities to observe these beautiful, wild creatures close to home, many more people would be driven by their fascination to travel to wild areas to seek out, disturb and even hunt them down."
archeology,1,"{""2022"": 1}",1,"Zoos are, in that sense, similar to natural history and archeology museums, serving to satisfy our need for contact with these living creatures while leaving the vast majority undisturbed in their natural environments.: Emma Marris selectively describes and misrepresents the findings of our research."
fraser,1,"{""2022"": 1}",0,
selectively,1,"{""2022"": 1}",1,"Zoos are, in that sense, similar to natural history and archeology museums, serving to satisfy our need for contact with these living creatures while leaving the vast majority undisturbed in their natural environments.: Emma Marris selectively describes and misrepresents the findings of our research."
describes,1,"{""2022"": 1}",1,"Zoos are, in that sense, similar to natural history and archeology museums, serving to satisfy our need for contact with these living creatures while leaving the vast majority undisturbed in their natural environments.: Emma Marris selectively describes and misrepresents the findings of our research."
misrepresents,1,"{""2022"": 1}",1,"Zoos are, in that sense, similar to natural history and archeology museums, serving to satisfy our need for contact with these living creatures while leaving the vast majority undisturbed in their natural environments.: Emma Marris selectively describes and misrepresents the findings of our research."
extracted,1,"{""2022"": 1}",1,"Our studies focused on the impact of zoo experiences on how people think about themselves and nature, and the data points extracted from our studies do not, in any way, discount what is learned in a zoo visit."
discount,1,"{""2022"": 1}",1,"Our studies focused on the impact of zoo experiences on how people think about themselves and nature, and the data points extracted from our studies do not, in any way, discount what is learned in a zoo visit."
voice,1,"{""2022"": 1}",1,Zoos provide a critical voice for conservation and environmental protection.
afford,1,"{""2022"": 1}",1,"They afford an opportunity for people from all backgrounds to encounter a range of animals, from drone bees to springbok or salmon, to better understand the natural world we live in."
backgrounds,1,"{""2022"": 1}",1,"They afford an opportunity for people from all backgrounds to encounter a range of animals, from drone bees to springbok or salmon, to better understand the natural world we live in."
drone,1,"{""2022"": 1}",1,"They afford an opportunity for people from all backgrounds to encounter a range of animals, from drone bees to springbok or salmon, to better understand the natural world we live in."
springbok,1,"{""2022"": 1}",1,"They afford an opportunity for people from all backgrounds to encounter a range of animals, from drone bees to springbok or salmon, to better understand the natural world we live in."
salmon,1,"{""2022"": 1}",1,"They afford an opportunity for people from all backgrounds to encounter a range of animals, from drone bees to springbok or salmon, to better understand the natural world we live in."
inhumane,1,"{""2022"": 1}",1,To pressure zoos to spend less on their animals would lead to inhumane outcomes for the precious creatures in their care.
precious,1,"{""2022"": 1}",1,To pressure zoos to spend less on their animals would lead to inhumane outcomes for the precious creatures in their care.
deserve,1,"{""2022"": 1}",1,"While animals in captivity deserve sympathy, zoos play a significant role in starting young people down the path of related sciences."
sympathy,1,"{""2022"": 1}",1,"While animals in captivity deserve sympathy, zoos play a significant role in starting young people down the path of related sciences."
trips,1,"{""2022"": 1}",1,Zoos save people trips to wilderness areas and thus contribute to wildlife conservation.
prioritize,1,"{""2022"": 1}",1,Zoos should have been closed down as they prioritize money making over animals' wellbeing.
distorts,1,"{""2022"": 1}",1,Marris distorts our findings which actually prove that zoos serve as an indispensable link between man and nature.
indispensable,1,"{""2022"": 1}",1,Marris distorts our findings which actually prove that zoos serve as an indispensable link between man and nature.
lberian,1,"{""2022"": 1}",0,
comprising,1,"{""2022"": 1}",0,
portugal,1,"{""2022"": 1}",0,
scene,1,"{""2022"": 1}",0,
titanic,1,"{""2022"": 1}",0,
merciless,1,"{""2022"": 1}",0,
planes,1,"{""2022"": 1}",0,
napoleon's,1,"{""2022"": 1}",0,
angry,1,"{""2022"": 1}",0,
inhabitants,1,"{""2022"": 1}",0,
exacerbate,1,"{""2022"": 1}",0,
emperor's,1,"{""2022"": 1}",0,
marshals,1,"{""2022"": 1}",0,
sent,1,"{""2022"": 1}",0,
check,1,"{""2022"": 1}",0,
meritocracy,1,"{""2022"": 1}",0,
conservatism,1,"{""2022"": 1}",0,
cryptographic,1,"{""2022"": 1}",0,
charles,1,"{""2022"": 1}",0,
epic,1,"{""2022"": 1}",0,
peninsular,1,"{""2022"": 1}",0,
ciphers,1,"{""2022"": 1}",0,
listed,1,"{""2022"": 1}",1,"It listed many documents in code that had been captured from the French army of Spain, and whose secrets had been revealed by the work of one George Scovell, an officer in British headquarters."
secrets,1,"{""2022"": 1}",1,"It listed many documents in code that had been captured from the French army of Spain, and whose secrets had been revealed by the work of one George Scovell, an officer in British headquarters."
george,1,"{""2022"": 1}",1,"It listed many documents in code that had been captured from the French army of Spain, and whose secrets had been revealed by the work of one George Scovell, an officer in British headquarters."
oman,1,"{""2022"": 1}",0,
rated,1,"{""2022"": 1}",0,
obscure,1,"{""2022"": 1}",0,
contributed,1,"{""2022"": 1}",0,
himself,1,"{""2022"": 1}",0,
secret,1,"{""2022"": 1}",0,
enigma,1,"{""2022"": 1}",1,I became convinced that this story was every bit as exciting and significant as that of Enigma and the breaking of German codes in the Second World War.
studying,1,"{""2022"": 1}",0,
copious,1,"{""2022"": 1}",0,
dispatches,1,"{""2022"": 1}",1,"What was more, many original French dispatches had been preserved in this collection, which I realized was priceless."
realized,1,"{""2022"": 1}",1,"What was more, many original French dispatches had been preserved in this collection, which I realized was priceless."
spies,1,"{""2022"": 1}",1,"There may have been many spies and intelligence officers during the Napoleonic Wars, but it is usually extremely difficult to find the material they actually provided or worked on."
officers,1,"{""2022"": 1}",1,"There may have been many spies and intelligence officers during the Napoleonic Wars, but it is usually extremely difficult to find the material they actually provided or worked on."
researched,1,"{""2022"": 1}",0,
lord,1,"{""2022"": 1}",0,
wellington's,1,"{""2022"": 1}",0,
recognition,1,"{""2022"": 1}",0,
tale,1,"{""2022"": 1}",1,"His tale of self-improvement and hard work would make a fascinating biography in its own right, but represents something more than that."
self-improvement,1,"{""2022"": 1}",1,"His tale of self-improvement and hard work would make a fascinating biography in its own right, but represents something more than that."
biography,1,"{""2022"": 1}",1,"His tale of self-improvement and hard work would make a fascinating biography in its own right, but represents something more than that."
relevance,1,"{""2022"": 1}",1,"Just as the code breaking has its wider relevance in the struggle for Spain, so his attempts to make his way up the promotion ladder speak volumes about British society."
promotion,1,"{""2022"": 1}",1,"Just as the code breaking has its wider relevance in the struggle for Spain, so his attempts to make his way up the promotion ladder speak volumes about British society."
ladder,1,"{""2022"": 1}",1,"Just as the code breaking has its wider relevance in the struggle for Spain, so his attempts to make his way up the promotion ladder speak volumes about British society."
inviting,1,"{""2022"": 1}",0,
organize,1,"{""2022"": 1}",0,
roadside,1,"{""2023"": 1}",0,
inns,1,"{""2023"": 1}",0,
walls,1,"{""2023"": 1}",1,They were typically located outside the walls of a city or village and were usually funded by local governments or privately.
caravanserai,1,"{""2023"": 1}",1,"The word caravanserai is a combination of the Persian words karvan, which means a group of travellers or a caravan, and sardy, a palace or enclosed building."
persian,1,"{""2023"": 1}",1,"The word caravanserai is a combination of the Persian words karvan, which means a group of travellers or a caravan, and sardy, a palace or enclosed building."
karvan,1,"{""2023"": 1}",1,"The word caravanserai is a combination of the Persian words karvan, which means a group of travellers or a caravan, and sardy, a palace or enclosed building."
sardy,1,"{""2023"": 1}",1,"The word caravanserai is a combination of the Persian words karvan, which means a group of travellers or a caravan, and sardy, a palace or enclosed building."
palace,1,"{""2023"": 1}",1,"The word caravanserai is a combination of the Persian words karvan, which means a group of travellers or a caravan, and sardy, a palace or enclosed building."
enclosed,1,"{""2023"": 1}",1,"The word caravanserai is a combination of the Persian words karvan, which means a group of travellers or a caravan, and sardy, a palace or enclosed building."
safety,1,"{""2023"": 1}",1,"The term caravan was used to describe groups of people who travelled together across the ancient network for safety reasons, such as merchants, travellers or pilgrims."
pilgrims,1,"{""2023"": 1}",1,"The term caravan was used to describe groups of people who travelled together across the ancient network for safety reasons, such as merchants, travellers or pilgrims."
onwards,1,"{""2023"": 1}",1,"From the 10th century onwards, as merchant and travel routes became more developed, the construction of caravanserais increased and they served as a safe place for people to rest at night."
merchant,1,"{""2023"": 1}",1,"From the 10th century onwards, as merchant and travel routes became more developed, the construction of caravanserais increased and they served as a safe place for people to rest at night."
attacked,1,"{""2023"": 1}",1,Travellers on the Silk Road faced the possibility of being attacked by thieves or being subjected to extreme weather conditions.
thieves,1,"{""2023"": 1}",1,Travellers on the Silk Road faced the possibility of being attacked by thieves or being subjected to extreme weather conditions.
strategically,1,"{""2023"": 1}",0,
informal,1,"{""2023"": 1}",1,Caravanserais served as an informal meeting point for the various people who travelled the Silk Road.
various,1,"{""2023"": 1}",1,Caravanserais served as an informal meeting point for the various people who travelled the Silk Road.
marketplace,1,"{""2023"": 1}",1,Caravanserais were also an important marketplace for commodities and aided in the trade of goods along the Silk Road.
commodities,1,"{""2023"": 1}",1,Caravanserais were also an important marketplace for commodities and aided in the trade of goods along the Silk Road.
sell,1,"{""2023"": 1}",1,"Indeed, it was frequently the first stop for merchants looking to sell their wares and stock up on supplies for their own journeys."
wares,1,"{""2023"": 1}",1,"Indeed, it was frequently the first stop for merchants looking to sell their wares and stock up on supplies for their own journeys."
supplies,1,"{""2023"": 1}",1,"Indeed, it was frequently the first stop for merchants looking to sell their wares and stock up on supplies for their own journeys."
journeys,1,"{""2023"": 1}",1,"Indeed, it was frequently the first stop for merchants looking to sell their wares and stock up on supplies for their own journeys."
equipped,1,"{""2023"": 1}",0,
privately,1,"{""2023"": 1}",1,They were typically located outside the walls of a city or village and were usually funded by local governments or privately.
respectively,1,"{""2023"": 1}",0,
permanently,1,"{""2023"": 1}",0,
transition,1,"{""2023"": 1}",0,
substitution,1,"{""2023"": 1}",0,
classify,1,"{""2023"": 1}",0,
connect,1,"{""2023"": 1}",0,
evaluation,1,"{""2023"": 1}",0,
accustomed,1,"{""2023"": 1}",0,
revival,1,"{""2023"": 1}",0,
regard,1,"{""2023"": 1}",0,
influencing,1,"{""2023"": 1}",1,"As a result, these structures became important centres for cultural exchange and interaction, with travellers sharing their cultures, ideas and beliefs, as well as taking knowledge with them, greatly influencing the development of several civilisations."
resuming,1,"{""2023"": 1}",0,
pioneering,1,"{""2023"": 1}",0,
invested,1,"{""2023"": 1}",0,
competed,1,"{""2023"": 1}",0,
ruins,1,"{""2023"": 1}",1,"It is believed that around 12,000 to 15,000 caravanserais were built along the Silk Road, although only about 3,000 are known to remain today, many of which are in ruins."
debt,1,"{""2023"": 1}",0,
fashion,1,"{""2023"": 1}",0,
cooled,1,"{""2023"": 1}",0,
temperature,1,"{""2023"": 1}",0,
austin,1,"{""2023"": 1}",0,
pat,1,"{""2023"": 1}",0,
sympathises,1,"{""2023"": 1}",0,
resisting,1,"{""2023"": 1}",0,
pre-teen,1,"{""2023"": 1}",1,changes to science standards for pre-teen pupils.
recognise,1,"{""2023"": 1}",1,Texas is an energy state and we need to recognise that.
buttered,1,"{""2023"": 1}",1,You need to remember where your bread is buttered.
sharply,1,"{""2023"": 1}",0,
hardy's,1,"{""2023"": 1}",0,
casually,1,"{""2023"": 1}",1,"Board members like her casually dismiss the career work of scholars and scientists as just another misguided opinion, says Dan Quinn, senior communications strategist at the Texas Freedom Network, a non-profit group that monitors public education."
dismiss,1,"{""2023"": 1}",1,"Board members like her casually dismiss the career work of scholars and scientists as just another misguided opinion, says Dan Quinn, senior communications strategist at the Texas Freedom Network, a non-profit group that monitors public education."
dan,1,"{""2023"": 1}",1,"Board members like her casually dismiss the career work of scholars and scientists as just another misguided opinion, says Dan Quinn, senior communications strategist at the Texas Freedom Network, a non-profit group that monitors public education."
senior,1,"{""2023"": 1}",1,"Board members like her casually dismiss the career work of scholars and scientists as just another misguided opinion, says Dan Quinn, senior communications strategist at the Texas Freedom Network, a non-profit group that monitors public education."
strategist,1,"{""2023"": 1}",1,"Board members like her casually dismiss the career work of scholars and scientists as just another misguided opinion, says Dan Quinn, senior communications strategist at the Texas Freedom Network, a non-profit group that monitors public education."
monitors,1,"{""2023"": 1}",1,"Board members like her casually dismiss the career work of scholars and scientists as just another misguided opinion, says Dan Quinn, senior communications strategist at the Texas Freedom Network, a non-profit group that monitors public education."
discussions,1,"{""2023"": 1}",1,"Such debates reflect fierce discussions across the US, as researchers, policymakers, teachers and students step up demands for a greater focus on teaching about the facts of climate change in schools."
step,1,"{""2023"": 1}",1,"Such debates reflect fierce discussions across the US, as researchers, policymakers, teachers and students step up demands for a greater focus on teaching about the facts of climate change in schools."
barely,1,"{""2023"": 1}",0,
populous,1,"{""2023"": 1}",0,
lowest,1,"{""2023"": 1}",0,
disproportionate,1,"{""2023"": 1}",0,
sold,1,"{""2023"": 1}",0,
glenn,1,"{""2023"": 1}",0,
centre's,1,"{""2023"": 1}",0,
deputy,1,"{""2023"": 1}",0,
cautions,1,"{""2023"": 1}",0,
benchmark,1,"{""2023"": 1}",0,
decentralises,1,"{""2023"": 1}",0,
performer,1,"{""2023"": 1}",1,"Even if a state is considered a high performer in its science standards, that does not mean it will be taught, he says."
integrated,1,"{""2023"": 1}",1,"Another issue is that while climate change is well integrated into some subjects and at some ages—such as earth and space sciences in high schools—it is not as well represented in curricula for younger children and in subjects that are more widely taught, such as biology and chemistry."
curricula,1,"{""2023"": 1}",1,"Another issue is that while climate change is well integrated into some subjects and at some ages—such as earth and space sciences in high schools—it is not as well represented in curricula for younger children and in subjects that are more widely taught, such as biology and chemistry."
chemistry,1,"{""2023"": 1}",1,"Another issue is that while climate change is well integrated into some subjects and at some ages—such as earth and space sciences in high schools—it is not as well represented in curricula for younger children and in subjects that are more widely taught, such as biology and chemistry."
courses,1,"{""2023"": 1}",1,It is also less prominent in many social studies courses.
guidelines,1,"{""2023"": 1}",1,"Branch points out that, even if a growing number of official guidelines and textbooks reflect scientific consensus on climate change, unofficial educational materials that convey more slanted perspectives are being distributed to teachers."
unofficial,1,"{""2023"": 1}",1,"Branch points out that, even if a growing number of official guidelines and textbooks reflect scientific consensus on climate change, unofficial educational materials that convey more slanted perspectives are being distributed to teachers."
slanted,1,"{""2023"": 1}",1,"Branch points out that, even if a growing number of official guidelines and textbooks reflect scientific consensus on climate change, unofficial educational materials that convey more slanted perspectives are being distributed to teachers."
perspectives,1,"{""2023"": 1}",1,"Branch points out that, even if a growing number of official guidelines and textbooks reflect scientific consensus on climate change, unofficial educational materials that convey more slanted perspectives are being distributed to teachers."
associations,1,"{""2023"": 1}",1,They include materials sponsored by energy industry associations.
forecast,1,"{""2023"": 1}",0,
draw,1,"{""2023"": 1}",0,
public's,1,"{""2023"": 1}",0,
shortages,1,"{""2023"": 1}",0,
exaggerates,1,"{""2023"": 1}",0,
denies,1,"{""2023"": 1}",0,
pre-teens,1,"{""2023"": 1}",0,
expresses,1,"{""2023"": 1}",0,
self-contradictory,1,"{""2023"": 1}",0,
lacks,1,"{""2023"": 1}",0,
revision,1,"{""2023"": 1}",0,
agrees,1,"{""2023"": 1}",0,
misrepresent,1,"{""2023"": 1}",0,
swayed,1,"{""2023"": 1}",0,
attempting,1,"{""2023"": 1}",0,
airbnb,1,"{""2023"": 1}",0,
record-high,1,"{""2023"": 1}",0,
historically,1,"{""2023"": 1}",0,
inventory,1,"{""2023"": 1}",0,
swaths,1,"{""2023"": 1}",0,
flip,1,"{""2023"": 1}",0,
fortune,1,"{""2023"": 1}",0,
dropped,1,"{""2023"": 1}",1,"In New Hampshire, where the rental vacancy rate has dropped below 1 percent, housing advocates fear unchecked short-term rentals will put further pressure on an already strained market."
fear,1,"{""2023"": 1}",1,"In New Hampshire, where the rental vacancy rate has dropped below 1 percent, housing advocates fear unchecked short-term rentals will put further pressure on an already strained market."
unchecked,1,"{""2023"": 1}",1,"In New Hampshire, where the rental vacancy rate has dropped below 1 percent, housing advocates fear unchecked short-term rentals will put further pressure on an already strained market."
strained,1,"{""2023"": 1}",1,"In New Hampshire, where the rental vacancy rate has dropped below 1 percent, housing advocates fear unchecked short-term rentals will put further pressure on an already strained market."
legislature,1,"{""2023"": 1}",1,The state Legislature recently voted against a bill that would've made it illegal for towns to create legislation restricting short-term rentals.
would've,1,"{""2023"": 1}",1,The state Legislature recently voted against a bill that would've made it illegal for towns to create legislation restricting short-term rentals.
restricting,1,"{""2023"": 1}",1,The state Legislature recently voted against a bill that would've made it illegal for towns to create legislation restricting short-term rentals.
nick,1,"{""2023"": 1}",1,"We are at a crisis level on the supply of rental housing, said Nick Taylor, executive director of the Workforce Housing Coalition of the Greater Seacoast."
seacoast,1,"{""2023"": 1}",1,"We are at a crisis level on the supply of rental housing, said Nick Taylor, executive director of the Workforce Housing Coalition of the Greater Seacoast."
tourists,1,"{""2023"": 1}",1,"However, short-term rentals also provide housing for tourists, pointed out Ryan Castle, CEO of a local association of realtors."
ryan,1,"{""2023"": 1}",1,"However, short-term rentals also provide housing for tourists, pointed out Ryan Castle, CEO of a local association of realtors."
ceo,1,"{""2023"": 1}",1,"However, short-term rentals also provide housing for tourists, pointed out Ryan Castle, CEO of a local association of realtors."
realtors,1,"{""2023"": 1}",1,"However, short-term rentals also provide housing for tourists, pointed out Ryan Castle, CEO of a local association of realtors."
servicing,1,"{""2023"": 1}",0,
tourist,1,"{""2023"": 1}",0,
serviced,1,"{""2023"": 1}",0,
cyclical,1,"{""2023"": 1}",0,
crux,1,"{""2023"": 1}",1,"Short-term rentals themselves are not the crux of the issue, said Keren Hom, an expert on affordable housing policy."
keren,1,"{""2023"": 1}",1,"Short-term rentals themselves are not the crux of the issue, said Keren Hom, an expert on affordable housing policy."
expert,1,"{""2023"": 1}",1,"Short-term rentals themselves are not the crux of the issue, said Keren Hom, an expert on affordable housing policy."
rent,1,"{""2023"": 1}",1,I think individuals being able to rent out their second home is a good thing.
vacation,1,"{""2023"": 1}",0,
empty,1,"{""2023"": 1}",0,
arise,1,"{""2023"": 1}",1,"Issues arise, however, when developers attempt to create large-scale short-term rental facilities—de facto hotels—to bypass taxes and regulations."
facto,1,"{""2023"": 1}",1,"Issues arise, however, when developers attempt to create large-scale short-term rental facilities—de facto hotels—to bypass taxes and regulations."
hotels,1,"{""2023"": 1}",1,"Issues arise, however, when developers attempt to create large-scale short-term rental facilities—de facto hotels—to bypass taxes and regulations."
bypass,1,"{""2023"": 1}",1,"Issues arise, however, when developers attempt to create large-scale short-term rental facilities—de facto hotels—to bypass taxes and regulations."
shouldn't,1,"{""2023"": 1}",0,
developer,1,"{""2023"": 1}",0,
disguising,1,"{""2023"": 1}",0,
treated,1,"{""2023"": 1}",0,
taxed,1,"{""2023"": 1}",0,
baker,1,"{""2023"": 1}",1,"At the end of 2018, Governor Charlie Baker of Massachusetts signed a bill to rein in those potential investor-buyers."
rein,1,"{""2023"": 1}",1,"At the end of 2018, Governor Charlie Baker of Massachusetts signed a bill to rein in those potential investor-buyers."
investor-buyers,1,"{""2023"": 1}",1,"At the end of 2018, Governor Charlie Baker of Massachusetts signed a bill to rein in those potential investor-buyers."
opens,1,"{""2023"": 1}",1,"The bill requires every rental host to register with the state, mandates they carry insurance, and opens the potential for local taxes on top of a new state levy."
top,1,"{""2023"": 1}",1,"The bill requires every rental host to register with the state, mandates they carry insurance, and opens the potential for local taxes on top of a new state levy."
boston,1,"{""2023"": 1}",0,
renters,1,"{""2023"": 1}",0,
inspectional,1,"{""2023"": 1}",0,
struggling,1,"{""2023"": 1}",1,"Hom said similar registration requirements could benefit struggling cities and towns, but if we want to make a change in the housing market, the main one is we have to build a lot more."
speculation,1,"{""2023"": 1}",0,
dealings,1,"{""2023"": 1}",0,
estate,1,"{""2023"": 1}",0,
agents,1,"{""2023"": 1}",0,
emphasize,1,"{""2023"": 1}",0,
upgrade,1,"{""2023"": 1}",0,
evading,1,"{""2023"": 1}",0,
renting,1,"{""2023"": 1}",0,
houses,1,"{""2023"": 1}",0,
irrational,1,"{""2023"": 1}",0,
unfeasible,1,"{""2023"": 1}",0,
unnecessary,1,"{""2023"": 1}",0,
heading,1,"{""2023"": 1}",0,
retailer,1,"{""2023"": 1}",0,
duchess,1,"{""2023"": 1}",0,
sussex's,1,"{""2023"": 1}",0,
president's,1,"{""2023"": 1}",0,
thriller,1,"{""2023"": 1}",0,
clinton,1,"{""2023"": 1}",0,
patterson,1,"{""2023"": 1}",0,
penguin,1,"{""2023"": 1}",1,"Both of these books are published next week by Penguin Random House (PRH), a company currently involved in a stand-off with Waterstones."
stand-off,1,"{""2023"": 1}",1,"Both of these books are published next week by Penguin Random House (PRH), a company currently involved in a stand-off with Waterstones."
confirmed,1,"{""2023"": 1}",1,"The problem began late last year, when PRH confirmed that it had introduced a credit limit with Waterstones at a very significant level."
magazine,1,"{""2023"": 1}",1,"The trade magazine The Bookseller reported that Waterstones branch managers were being told to remove PRH books from prominent areas such as tables, display spaces and windows, and were quietly retiring them to their relevant sections."
bookseller,1,"{""2023"": 1}",1,"The trade magazine The Bookseller reported that Waterstones branch managers were being told to remove PRH books from prominent areas such as tables, display spaces and windows, and were quietly retiring them to their relevant sections."
tables,1,"{""2023"": 1}",1,"The trade magazine The Bookseller reported that Waterstones branch managers were being told to remove PRH books from prominent areas such as tables, display spaces and windows, and were quietly retiring them to their relevant sections."
spaces,1,"{""2023"": 1}",1,"The trade magazine The Bookseller reported that Waterstones branch managers were being told to remove PRH books from prominent areas such as tables, display spaces and windows, and were quietly retiring them to their relevant sections."
windows,1,"{""2023"": 1}",1,"The trade magazine The Bookseller reported that Waterstones branch managers were being told to remove PRH books from prominent areas such as tables, display spaces and windows, and were quietly retiring them to their relevant sections."
quietly,1,"{""2023"": 1}",1,"The trade magazine The Bookseller reported that Waterstones branch managers were being told to remove PRH books from prominent areas such as tables, display spaces and windows, and were quietly retiring them to their relevant sections."
declined,1,"{""2023"": 1}",1,"PRH declined to comment on the issue, but a spokesperson for Waterstones told me: Waterstones are currently operating with reduced credit terms from PRH, the only publisher in the UK to place any limitations on our ability to trade."
limitations,1,"{""2023"": 1}",1,"PRH declined to comment on the issue, but a spokesperson for Waterstones told me: Waterstones are currently operating with reduced credit terms from PRH, the only publisher in the UK to place any limitations on our ability to trade."
boycotting,1,"{""2023"": 1}",1,We are not boycotting PRH titles but we are doing our utmost to ensure that availability for customers remains good despite the lower overall levels of stock.
utmost,1,"{""2023"": 1}",1,We are not boycotting PRH titles but we are doing our utmost to ensure that availability for customers remains good despite the lower overall levels of stock.
normality,1,"{""2023"": 1}",1,We are hopeful with our shops now open again that normality will return and that we will be allowed to buy appropriately.
appropriately,1,"{""2023"": 1}",1,We are hopeful with our shops now open again that normality will return and that we will be allowed to buy appropriately.
exceptionally,1,"{""2023"": 1}",1,"Certainly, our shops are exceptionally busy."
normally,1,"{""2023"": 1}",0,
staff's,1,"{""2023"": 1}",0,
passion,1,"{""2023"": 1}",0,
promoting,1,"{""2023"": 1}",0,
praying,1,"{""2023"": 1}",0,
simon,1,"{""2023"": 1}",1,"It comes at a time when authors are already worried about the consequences of the proposed merger between PRH and another big publisher, Simon & Schuster—the reduction in the number of unaligned UK publishers is likely to lead to fewer bidding wars, lower advances, and more conformity in terms of what is published."
schuster,1,"{""2023"": 1}",1,"It comes at a time when authors are already worried about the consequences of the proposed merger between PRH and another big publisher, Simon & Schuster—the reduction in the number of unaligned UK publishers is likely to lead to fewer bidding wars, lower advances, and more conformity in terms of what is published."
unaligned,1,"{""2023"": 1}",1,"It comes at a time when authors are already worried about the consequences of the proposed merger between PRH and another big publisher, Simon & Schuster—the reduction in the number of unaligned UK publishers is likely to lead to fewer bidding wars, lower advances, and more conformity in terms of what is published."
bidding,1,"{""2023"": 1}",1,"It comes at a time when authors are already worried about the consequences of the proposed merger between PRH and another big publisher, Simon & Schuster—the reduction in the number of unaligned UK publishers is likely to lead to fewer bidding wars, lower advances, and more conformity in terms of what is published."
conformity,1,"{""2023"": 1}",1,"It comes at a time when authors are already worried about the consequences of the proposed merger between PRH and another big publisher, Simon & Schuster—the reduction in the number of unaligned UK publishers is likely to lead to fewer bidding wars, lower advances, and more conformity in terms of what is published."
concentration,1,"{""2023"": 1}",1,"This is all part of a wider change towards concentration of power, says literary agent Andrew Lownie."
agent,1,"{""2023"": 1}",1,"This is all part of a wider change towards concentration of power, says literary agent Andrew Lownie."
lownie,1,"{""2023"": 1}",1,"This is all part of a wider change towards concentration of power, says literary agent Andrew Lownie."
talks,1,"{""2023"": 1}",1,"The publishing industry talks about diversity in terms of authors and staff but it also needs a plurality of ways of delivering intellectual contact, choice and different voices."
voices,1,"{""2023"": 1}",1,"The publishing industry talks about diversity in terms of authors and staff but it also needs a plurality of ways of delivering intellectual contact, choice and different voices."
casualty,1,"{""2023"": 1}",1,We shall see whether that plurality is a casualty of the current need among publishers to be big enough to take on all-comers.
all-comers,1,"{""2023"": 1}",1,We shall see whether that plurality is a casualty of the current need among publishers to be big enough to take on all-comers.
ongoing,1,"{""2023"": 1}",0,
prevailing,1,"{""2023"": 1}",0,
sentiment,1,"{""2023"": 1}",0,
retire,1,"{""2023"": 1}",0,
noticeable,1,"{""2023"": 1}",0,
comply,1,"{""2023"": 1}",0,
systematic,1,"{""2023"": 1}",0,
slack,1,"{""2023"": 1}",0,
consequence,1,"{""2023"": 1}",0,
considerably,1,"{""2023"": 1}",0,
hesitate,1,"{""2023"": 1}",0,
branches,1,"{""2023"": 1}",0,
lownie's,1,"{""2023"": 1}",0,
stick,1,"{""2023"": 1}",0,
worrying,1,"{""2023"": 1}",0,
recordkeepers,1,"{""2023"": 1}",1,Scientific papers are the recordkeepers of progress in research.
title's,1,"{""2023"": 1}",0,
accumulates,1,"{""2023"": 1}",0,
depend,1,"{""2023"": 1}",1,"The careers of scientists and the reputation of their institutions depend on the number and prestige of the papers they produce, but even more so on the citations attracted by these papers."
attracted,1,"{""2023"": 1}",1,"The careers of scientists and the reputation of their institutions depend on the number and prestige of the papers they produce, but even more so on the citations attracted by these papers."
cartels,1,"{""2023"": 1}",1,"Citation cartels, where journals, authors, and institutions conspire to inflate citation numbers, have existed for a long time."
conspire,1,"{""2023"": 1}",1,"Citation cartels, where journals, authors, and institutions conspire to inflate citation numbers, have existed for a long time."
inflate,1,"{""2023"": 1}",1,"Citation cartels, where journals, authors, and institutions conspire to inflate citation numbers, have existed for a long time."
existed,1,"{""2023"": 1}",1,"Citation cartels, where journals, authors, and institutions conspire to inflate citation numbers, have existed for a long time."
disproportionately,1,"{""2023"": 1}",1,"In 2016, researchers developed an algorithm to recognize suspicious citation patterns, including groups of authors that disproportionately cite one another and groups of journals that cite each other frequently to increase the impact factors of their publications."
publications,1,"{""2023"": 1}",1,"In 2016, researchers developed an algorithm to recognize suspicious citation patterns, including groups of authors that disproportionately cite one another and groups of journals that cite each other frequently to increase the impact factors of their publications."
editorial,1,"{""2023"": 1}",1,"Recently, another expression of this predatory behavior has emerged: so-called support service consultancies that provide language and other editorial support to individual authors and to journals sometimes advise contributors to add a number of citations to their articles."
advent,1,"{""2023"": 1}",1,The advent of electronic publishing and authors' need to find outlets for their papers resulted in thousands of new journals.
electronic,1,"{""2023"": 1}",1,The advent of electronic publishing and authors' need to find outlets for their papers resulted in thousands of new journals.
cows,1,"{""2023"": 1}",1,These journals can act as milk cows where every single article in an issue may cite a specific paper or a series of papers.
instances,1,"{""2023"": 1}",1,"In some instances, there is absolutely no relationship between the content of the article and the citations."
supposedly,1,"{""2023"": 1}",1,The peculiar part is that the journal that the editor is supposedly working for is not profiting at all—it is just providing citations to other journals.
profiting,1,"{""2023"": 1}",1,The peculiar part is that the journal that the editor is supposedly working for is not profiting at all—it is just providing citations to other journals.
accrue,1,"{""2023"": 1}",1,Such practices can lead an article to accrue more than 150 citations in the same year that it was published.
insidious,1,"{""2023"": 1}",1,How insidious is this type of citation manipulation?
acting,1,"{""2023"": 1}",1,"In one example, an individual— acting as author, editor, and consultant—was able to use at least 15 journals as citation providers to articles published by five scientists at three universities."
consultant,1,"{""2023"": 1}",1,"In one example, an individual— acting as author, editor, and consultant—was able to use at least 15 journals as citation providers to articles published by five scientists at three universities."
rampant,1,"{""2023"": 1}",1,"The problem is rampant in Scopus, a citation database, which includes a high number of the new international journals."
listing,1,"{""2023"": 1}",1,"In fact, a listing in Scopus seems to be a criterion to be targeted in this type of citation manipulation."
criterion,1,"{""2023"": 1}",1,"In fact, a listing in Scopus seems to be a criterion to be targeted in this type of citation manipulation."
targeted,1,"{""2023"": 1}",1,"In fact, a listing in Scopus seems to be a criterion to be targeted in this type of citation manipulation."
detect,1,"{""2023"": 1}",1,Scopus itself has all the data necessary to detect this malpractice.
malpractice,1,"{""2023"": 1}",1,Scopus itself has all the data necessary to detect this malpractice.
red,1,"{""2023"": 1}",1,Red flags include a large number of citations to an article within the first year.
flags,1,"{""2023"": 1}",1,Red flags include a large number of citations to an article within the first year.
steer,1,"{""2023"": 1}",1,"And for authors who wish to steer clear of citation cartel activities: when an editor, a reviewer, or a support service asks you to add inappropriate references, do not oblige and do report the request to the journal."
cartel,1,"{""2023"": 1}",1,"And for authors who wish to steer clear of citation cartel activities: when an editor, a reviewer, or a support service asks you to add inappropriate references, do not oblige and do report the request to the journal."
reviewer,1,"{""2023"": 1}",1,"And for authors who wish to steer clear of citation cartel activities: when an editor, a reviewer, or a support service asks you to add inappropriate references, do not oblige and do report the request to the journal."
asks,1,"{""2023"": 1}",1,"And for authors who wish to steer clear of citation cartel activities: when an editor, a reviewer, or a support service asks you to add inappropriate references, do not oblige and do report the request to the journal."
inappropriate,1,"{""2023"": 1}",1,"And for authors who wish to steer clear of citation cartel activities: when an editor, a reviewer, or a support service asks you to add inappropriate references, do not oblige and do report the request to the journal."
references,1,"{""2023"": 1}",1,"And for authors who wish to steer clear of citation cartel activities: when an editor, a reviewer, or a support service asks you to add inappropriate references, do not oblige and do report the request to the journal."
oblige,1,"{""2023"": 1}",1,"And for authors who wish to steer clear of citation cartel activities: when an editor, a reviewer, or a support service asks you to add inappropriate references, do not oblige and do report the request to the journal."
request,1,"{""2023"": 1}",1,"And for authors who wish to steer clear of citation cartel activities: when an editor, a reviewer, or a support service asks you to add inappropriate references, do not oblige and do report the request to the journal."
circles,1,"{""2023"": 1}",1,how many times their papers are cited. the prestige of the people they work with. the status they have in scientific circles.
cow,1,"{""2023"": 1}",1,The function of the milk cow journals is to boost citation counts for certain authors. help scholars publish articles at low cost. instruct first-time contributors in citation. increase the readership of new journals.
counts,1,"{""2023"": 1}",1,The function of the milk cow journals is to boost citation counts for certain authors. help scholars publish articles at low cost. instruct first-time contributors in citation. increase the readership of new journals.
instruct,1,"{""2023"": 1}",1,The function of the milk cow journals is to boost citation counts for certain authors. help scholars publish articles at low cost. instruct first-time contributors in citation. increase the readership of new journals.
first-time,1,"{""2023"": 1}",1,The function of the milk cow journals is to boost citation counts for certain authors. help scholars publish articles at low cost. instruct first-time contributors in citation. increase the readership of new journals.
readership,1,"{""2023"": 1}",1,The function of the milk cow journals is to boost citation counts for certain authors. help scholars publish articles at low cost. instruct first-time contributors in citation. increase the readership of new journals.
fosters,1,"{""2023"": 1}",1,It fosters competition among citation providers.
capability,1,"{""2023"": 1}",1,It has the capability to identify suspicious citations.
hinders,1,"{""2023"": 1}",1,It hinders the growth of international journals.
manipulators,1,"{""2023"": 1}",1,What should an author do to deal with citation manipulators?
misconduct,1,"{""2023"": 1}",0,
anniversary,1,"{""2023"": 1}",0,
renowned,1,"{""2023"": 1}",0,
william,1,"{""2023"": 1}",0,
henry,1,"{""2023"": 1}",0,
snapped,1,"{""2023"": 1}",0,
first-ever,1,"{""2023"": 1}",0,
iconic,1,"{""2023"": 1}",0,
landmarks,1,"{""2023"": 1}",0,
tetons,1,"{""2023"": 1}",0,
colorado,1,"{""2023"": 1}",0,
rockies,1,"{""2023"": 1}",0,
basin,1,"{""2023"": 1}",0,
conducted,1,"{""2023"": 1}",0,
head,1,"{""2023"": 1}",0,
geological,1,"{""2023"": 1}",0,
geographical,1,"{""2023"": 1}",0,
meteorologist,1,"{""2023"": 1}",1,"The team included a meteorologist, a zoologist, a mineralogist, and an agricultural statistician."
zoologist,1,"{""2023"": 1}",1,"The team included a meteorologist, a zoologist, a mineralogist, and an agricultural statistician."
mineralogist,1,"{""2023"": 1}",1,"The team included a meteorologist, a zoologist, a mineralogist, and an agricultural statistician."
statistician,1,"{""2023"": 1}",1,"The team included a meteorologist, a zoologist, a mineralogist, and an agricultural statistician."
exploiting,1,"{""2023"": 1}",1,"Two centuries ago, the idea of preserving nature, rather than exploiting it, was a novel one to many US settlers."
novel,1,"{""2023"": 1}",1,"Two centuries ago, the idea of preserving nature, rather than exploiting it, was a novel one to many US settlers."
settlers,1,"{""2023"": 1}",1,"Two centuries ago, the idea of preserving nature, rather than exploiting it, was a novel one to many US settlers."
turning,1,"{""2023"": 1}",1,One of the turning points in public support for land conservation efforts—and recognizing the magnificence of the Yellowstone region in particular—came in the form of vivid photographs.
recognizing,1,"{""2023"": 1}",1,One of the turning points in public support for land conservation efforts—and recognizing the magnificence of the Yellowstone region in particular—came in the form of vivid photographs.
magnificence,1,"{""2023"": 1}",1,One of the turning points in public support for land conservation efforts—and recognizing the magnificence of the Yellowstone region in particular—came in the form of vivid photographs.
operator,1,"{""2023"": 1}",0,
sensed,1,"{""2023"": 1}",0,
capitalize,1,"{""2023"": 1}",0,
expedition's,1,"{""2023"": 1}",0,
visuals,1,"{""2023"": 1}",0,
moran's,1,"{""2023"": 1}",0,
paintings,1,"{""2023"": 1}",0,
member,1,"{""2023"": 1}",0,
visualization,1,"{""2023"": 1}",0,
alicia,1,"{""2023"": 1}",0,
murphy,1,"{""2023"": 1}",0,
yellowstone's,1,"{""2023"": 1}",0,
trip,1,"{""2023"": 1}",1,"Throughout the trip, Jackson juggled multiple cameras and plate sizes using the collodion process that involved coating the plates with a chemical mixture, exposing them and developing the resulting images with a portable darkroom."
juggled,1,"{""2023"": 1}",1,"Throughout the trip, Jackson juggled multiple cameras and plate sizes using the collodion process that involved coating the plates with a chemical mixture, exposing them and developing the resulting images with a portable darkroom."
sizes,1,"{""2023"": 1}",1,"Throughout the trip, Jackson juggled multiple cameras and plate sizes using the collodion process that involved coating the plates with a chemical mixture, exposing them and developing the resulting images with a portable darkroom."
collodion,1,"{""2023"": 1}",1,"Throughout the trip, Jackson juggled multiple cameras and plate sizes using the collodion process that involved coating the plates with a chemical mixture, exposing them and developing the resulting images with a portable darkroom."
coating,1,"{""2023"": 1}",1,"Throughout the trip, Jackson juggled multiple cameras and plate sizes using the collodion process that involved coating the plates with a chemical mixture, exposing them and developing the resulting images with a portable darkroom."
plates,1,"{""2023"": 1}",1,"Throughout the trip, Jackson juggled multiple cameras and plate sizes using the collodion process that involved coating the plates with a chemical mixture, exposing them and developing the resulting images with a portable darkroom."
mixture,1,"{""2023"": 1}",1,"Throughout the trip, Jackson juggled multiple cameras and plate sizes using the collodion process that involved coating the plates with a chemical mixture, exposing them and developing the resulting images with a portable darkroom."
darkroom,1,"{""2023"": 1}",1,"Throughout the trip, Jackson juggled multiple cameras and plate sizes using the collodion process that involved coating the plates with a chemical mixture, exposing them and developing the resulting images with a portable darkroom."
crude,1,"{""2023"": 1}",1,"The crude technique required educated guesses on exposure times, and involved heavy, awkward equipment—several men had to assist in its transportation."
technique,1,"{""2023"": 1}",1,"The crude technique required educated guesses on exposure times, and involved heavy, awkward equipment—several men had to assist in its transportation."
guesses,1,"{""2023"": 1}",1,"The crude technique required educated guesses on exposure times, and involved heavy, awkward equipment—several men had to assist in its transportation."
heavy,1,"{""2023"": 1}",1,"The crude technique required educated guesses on exposure times, and involved heavy, awkward equipment—several men had to assist in its transportation."
awkward,1,"{""2023"": 1}",1,"The crude technique required educated guesses on exposure times, and involved heavy, awkward equipment—several men had to assist in its transportation."
ranging,1,"{""2023"": 1}",1,"Despite these challenges, Jackson captured dozens of striking photos, ranging from majestic images like his now-famous snapshot of Old Faithful, to casual portraits of expedition members at the camp."
majestic,1,"{""2023"": 1}",1,"Despite these challenges, Jackson captured dozens of striking photos, ranging from majestic images like his now-famous snapshot of Old Faithful, to casual portraits of expedition members at the camp."
now-famous,1,"{""2023"": 1}",1,"Despite these challenges, Jackson captured dozens of striking photos, ranging from majestic images like his now-famous snapshot of Old Faithful, to casual portraits of expedition members at the camp."
snapshot,1,"{""2023"": 1}",1,"Despite these challenges, Jackson captured dozens of striking photos, ranging from majestic images like his now-famous snapshot of Old Faithful, to casual portraits of expedition members at the camp."
veterans,1,"{""2023"": 1}",1,"While veterans of previous expeditions had written at length about stunning sights, these vivid photographs were another thing entirely."
expeditions,1,"{""2023"": 1}",1,"While veterans of previous expeditions had written at length about stunning sights, these vivid photographs were another thing entirely."
sights,1,"{""2023"": 1}",1,"While veterans of previous expeditions had written at length about stunning sights, these vivid photographs were another thing entirely."
officially,1,"{""2023"": 1}",1,"The journey officially began in Ogden, Utah, on June 8, 1871."
ogden,1,"{""2023"": 1}",1,"The journey officially began in Ogden, Utah, on June 8, 1871."
utah,1,"{""2023"": 1}",1,"The journey officially began in Ogden, Utah, on June 8, 1871."
june,1,"{""2023"": 1}",1,"The journey officially began in Ogden, Utah, on June 8, 1871."
horseback,1,"{""2023"": 1}",1,"Over nearly four months, dozens of men made their way on horseback into Montana and traversed along the Yellowstone River and around Yellowstone Lake."
montana,1,"{""2023"": 1}",1,"Over nearly four months, dozens of men made their way on horseback into Montana and traversed along the Yellowstone River and around Yellowstone Lake."
traversed,1,"{""2023"": 1}",1,"Over nearly four months, dozens of men made their way on horseback into Montana and traversed along the Yellowstone River and around Yellowstone Lake."
lake,1,"{""2023"": 1}",1,"Over nearly four months, dozens of men made their way on horseback into Montana and traversed along the Yellowstone River and around Yellowstone Lake."
fort,1,"{""2023"": 1}",1,"That fall, they concluded the survey in Fort Bridger, Wyoming."
bridger,1,"{""2023"": 1}",1,"That fall, they concluded the survey in Fort Bridger, Wyoming."
wyoming,1,"{""2023"": 1}",1,"That fall, they concluded the survey in Fort Bridger, Wyoming."
miners,1,"{""2023"": 1}",0,
fur,1,"{""2023"": 1}",0,
trappers,1,"{""2023"": 1}",0,
area's,1,"{""2023"": 1}",0,
hayden's,1,"{""2023"": 1}",0,
fuller,1,"{""2023"": 1}",0,
hot,1,"{""2023"": 1}",0,
springs,1,"{""2023"": 1}",0,
waterfalls,1,"{""2023"": 1}",0,
flora,1,"{""2023"": 1}",0,
fauna,1,"{""2023"": 1}",0,
entourage,1,"{""2023"": 1}",1,"In addition to the entourage of scientists, the team also included artists: Painter Thomas Moran and photographer Jackson were charged with capturing this astounding natural beauty and sharing it with the world."
painter,1,"{""2023"": 1}",1,"In addition to the entourage of scientists, the team also included artists: Painter Thomas Moran and photographer Jackson were charged with capturing this astounding natural beauty and sharing it with the world."
thomas,1,"{""2023"": 1}",1,"In addition to the entourage of scientists, the team also included artists: Painter Thomas Moran and photographer Jackson were charged with capturing this astounding natural beauty and sharing it with the world."
moran,1,"{""2023"": 1}",1,"In addition to the entourage of scientists, the team also included artists: Painter Thomas Moran and photographer Jackson were charged with capturing this astounding natural beauty and sharing it with the world."
charged,1,"{""2023"": 1}",1,"In addition to the entourage of scientists, the team also included artists: Painter Thomas Moran and photographer Jackson were charged with capturing this astounding natural beauty and sharing it with the world."
capturing,1,"{""2023"": 1}",1,"In addition to the entourage of scientists, the team also included artists: Painter Thomas Moran and photographer Jackson were charged with capturing this astounding natural beauty and sharing it with the world."
astounding,1,"{""2023"": 1}",1,"In addition to the entourage of scientists, the team also included artists: Painter Thomas Moran and photographer Jackson were charged with capturing this astounding natural beauty and sharing it with the world."
sailed,1,"{""2023"": 1}",1,The bill proved largely popular and sailed through Congress with large majorities in favor.
majorities,1,"{""2023"": 1}",1,The bill proved largely popular and sailed through Congress with large majorities in favor.
quick,1,"{""2023"": 1}",1,"In quick succession, the Senate and House passed legislation protecting Yellowstone in early 1872."
succession,1,"{""2023"": 1}",1,"In quick succession, the Senate and House passed legislation protecting Yellowstone in early 1872."
march,1,"{""2023"": 1}",0,
ulysses,1,"{""2023"": 1}",0,
designation,1,"{""2023"": 1}",0,
jackson's,1,"{""2023"": 1}",0,
heather,1,"{""2023"": 1}",0,
hansen,1,"{""2023"": 1}",0,
journalist,1,"{""2023"": 1}",0,
prophets,1,"{""2023"": 1}",0,
moguls,1,"{""2023"": 1}",0,
rangers,1,"{""2023"": 1}",0,
rogues,1,"{""2023"": 1}",0,
bison,1,"{""2023"": 1}",0,
bears,1,"{""2023"": 1}",0,
documentary,1,"{""2023"": 1}",1,"Perhaps most importantly, these images provided documentary evidence that later made its way to government officials."
team's,1,"{""2023"": 1}",0,
observations,1,"{""2023"": 1}",0,
convincing,1,"{""2023"": 1}",0,
senators,1,"{""2023"": 1}",0,
representatives,1,"{""2023"": 1}",0,
interior,1,"{""2023"": 1}",0,
exploration,1,"{""2023"": 1}",0,
analyse,1,"{""2023"": 1}",1,"For example, AI can be used to analyse what type of advertising content or copy would be appropriate to speak to a specific target customer group by revealing information about trends and preferences through the analysis of big data."
trends,1,"{""2023"": 1}",1,"For example, AI can be used to analyse what type of advertising content or copy would be appropriate to speak to a specific target customer group by revealing information about trends and preferences through the analysis of big data."
hobbies,1,"{""2023"": 1}",1,"AI can also be used to identify the lifestyle choices of customers regarding their hobbies, favourite celebrities, and fashions to provide unique content in marketing messages put out through social media."
favourite,1,"{""2023"": 1}",1,"AI can also be used to identify the lifestyle choices of customers regarding their hobbies, favourite celebrities, and fashions to provide unique content in marketing messages put out through social media."
celebrities,1,"{""2023"": 1}",1,"AI can also be used to identify the lifestyle choices of customers regarding their hobbies, favourite celebrities, and fashions to provide unique content in marketing messages put out through social media."
fashions,1,"{""2023"": 1}",1,"AI can also be used to identify the lifestyle choices of customers regarding their hobbies, favourite celebrities, and fashions to provide unique content in marketing messages put out through social media."
disadvantage,1,"{""2023"": 1}",1,"The main disadvantage of using AI to respond to customers is that there are concerns about trusting personal interactions to machines, which could lead not only to the subsequent loss of interpersonal connections, but also to a decrease in marketing personnel."
trusting,1,"{""2023"": 1}",1,"The main disadvantage of using AI to respond to customers is that there are concerns about trusting personal interactions to machines, which could lead not only to the subsequent loss of interpersonal connections, but also to a decrease in marketing personnel."
machines,1,"{""2023"": 1}",1,"The main disadvantage of using AI to respond to customers is that there are concerns about trusting personal interactions to machines, which could lead not only to the subsequent loss of interpersonal connections, but also to a decrease in marketing personnel."
personnel,1,"{""2023"": 1}",1,"The main disadvantage of using AI to respond to customers is that there are concerns about trusting personal interactions to machines, which could lead not only to the subsequent loss of interpersonal connections, but also to a decrease in marketing personnel."
impacting,1,"{""2023"": 1}",0,
marketer's,1,"{""2023"": 1}",0,
removing,1,"{""2023"": 1}",0,
aware,1,"{""2023"": 1}",0,
allowing,1,"{""2023"": 1}",1,By allowing AI to develop content some brand marketers may find that they are losing control over the brand narrative.
marketers,1,"{""2023"": 1}",1,By allowing AI to develop content some brand marketers may find that they are losing control over the brand narrative.
no-one,1,"{""2023"": 1}",1,"Algorithms used to simulate human interactions are creating many of these concerns, especially as no-one is quite sure what the outcomes of using AI to interact with customers will be."
automated,1,"{""2023"": 1}",1,"For AI to be successful, data needs to be accessible, but the use of personal data is becoming more regulated and the automated sharing of data is becoming more difficult."
starved,1,"{""2023"": 1}",1,"If customers are not willing to share data, AI will be starved of essential information and will not be able to function effectively or employ machine learning to improve its marketing content and communication."
employ,1,"{""2023"": 1}",1,"If customers are not willing to share data, AI will be starved of essential information and will not be able to function effectively or employ machine learning to improve its marketing content and communication."
agreements,1,"{""2023"": 1}",1,"Therefore, unless customers are prepared to sign release agreements, the use of AI may become somewhat restricted in the future."
somewhat,1,"{""2023"": 1}",1,"Therefore, unless customers are prepared to sign release agreements, the use of AI may become somewhat restricted in the future."
restricted,1,"{""2023"": 1}",1,"Therefore, unless customers are prepared to sign release agreements, the use of AI may become somewhat restricted in the future."
gathered,1,"{""2023"": 1}",1,"Data can be gathered on where the customer can be engaged, such as location, devices used, website interactions, and sites visited, to display marketing messages in appropriate forms, including emails, social media posts, pop-up advertisements, and banners at an appropriate frequency."
engaged,1,"{""2023"": 1}",1,"Data can be gathered on where the customer can be engaged, such as location, devices used, website interactions, and sites visited, to display marketing messages in appropriate forms, including emails, social media posts, pop-up advertisements, and banners at an appropriate frequency."
visited,1,"{""2023"": 1}",1,"Data can be gathered on where the customer can be engaged, such as location, devices used, website interactions, and sites visited, to display marketing messages in appropriate forms, including emails, social media posts, pop-up advertisements, and banners at an appropriate frequency."
emails,1,"{""2023"": 1}",1,"Data can be gathered on where the customer can be engaged, such as location, devices used, website interactions, and sites visited, to display marketing messages in appropriate forms, including emails, social media posts, pop-up advertisements, and banners at an appropriate frequency."
pop-up,1,"{""2023"": 1}",1,"Data can be gathered on where the customer can be engaged, such as location, devices used, website interactions, and sites visited, to display marketing messages in appropriate forms, including emails, social media posts, pop-up advertisements, and banners at an appropriate frequency."
advertisements,1,"{""2023"": 1}",1,"Data can be gathered on where the customer can be engaged, such as location, devices used, website interactions, and sites visited, to display marketing messages in appropriate forms, including emails, social media posts, pop-up advertisements, and banners at an appropriate frequency."
banners,1,"{""2023"": 1}",1,"Data can be gathered on where the customer can be engaged, such as location, devices used, website interactions, and sites visited, to display marketing messages in appropriate forms, including emails, social media posts, pop-up advertisements, and banners at an appropriate frequency."
delivery,1,"{""2023"": 1}",1,The non-intrusive delivery of the marketing messages in a way that is sensitive to the needs of target customers is one of the critical challenges to the digital marketer.
marketer,1,"{""2023"": 1}",1,The non-intrusive delivery of the marketing messages in a way that is sensitive to the needs of target customers is one of the critical challenges to the digital marketer.
recruit,1,"{""2023"": 1}",0,
prof,1,"{""2023"": 1}",0,
smith's,1,"{""2023"": 1}",0,
specify,1,"{""2023"": 1}",0,
welcoming,1,"{""2024"": 1}",0,
touched,1,"{""2024"": 1}",1,"Without the need to be touched to open or close, automatic doors are essential in improving disabled access to buildings and helping provide general convenience to commercial buildings."
disabled,1,"{""2024"": 1}",1,"Without the need to be touched to open or close, automatic doors are essential in improving disabled access to buildings and helping provide general convenience to commercial buildings."
self-sliding,1,"{""2024"": 1}",1,Self-sliding doors began to emerge as a commercial product in 1960 after being invented six years previously by Americans Dee Horton and Lew Hewitt.
invented,1,"{""2024"": 1}",1,Self-sliding doors began to emerge as a commercial product in 1960 after being invented six years previously by Americans Dee Horton and Lew Hewitt.
six,1,"{""2024"": 1}",1,Self-sliding doors began to emerge as a commercial product in 1960 after being invented six years previously by Americans Dee Horton and Lew Hewitt.
dee,1,"{""2024"": 1}",1,Self-sliding doors began to emerge as a commercial product in 1960 after being invented six years previously by Americans Dee Horton and Lew Hewitt.
horton,1,"{""2024"": 1}",1,Self-sliding doors began to emerge as a commercial product in 1960 after being invented six years previously by Americans Dee Horton and Lew Hewitt.
lew,1,"{""2024"": 1}",1,Self-sliding doors began to emerge as a commercial product in 1960 after being invented six years previously by Americans Dee Horton and Lew Hewitt.
hewitt,1,"{""2024"": 1}",1,Self-sliding doors began to emerge as a commercial product in 1960 after being invented six years previously by Americans Dee Horton and Lew Hewitt.
novelty,1,"{""2024"": 1}",1,"They started out as a novelty feature, but as their use has grown, their benefits have extended within our technologically advanced world."
technologically,1,"{""2024"": 1}",1,"They started out as a novelty feature, but as their use has grown, their benefits have extended within our technologically advanced world."
emergency,1,"{""2024"": 1}",1,"Particularly useful in busy locations or during times of emergency, the doors act as crowd management by reducing the obstacles put in peoples' way."
crowd,1,"{""2024"": 1}",1,"Particularly useful in busy locations or during times of emergency, the doors act as crowd management by reducing the obstacles put in peoples' way."
total,1,"{""2024"": 1}",1,"As well as making access both in and out of buildings easier for people, the difference in the way many of these doors open helps reduce the total area occupied by them."
sliding,1,"{""2024"": 1}",0,
swing,1,"{""2024"": 1}",1,"Replacing swing doors, these allow smaller buildings to maximise the usable space inside without having to clear the way for a large, sticking-out door."
smaller,1,"{""2024"": 1}",1,"Replacing swing doors, these allow smaller buildings to maximise the usable space inside without having to clear the way for a large, sticking-out door."
maximise,1,"{""2024"": 1}",1,"Replacing swing doors, these allow smaller buildings to maximise the usable space inside without having to clear the way for a large, sticking-out door."
usable,1,"{""2024"": 1}",1,"Replacing swing doors, these allow smaller buildings to maximise the usable space inside without having to clear the way for a large, sticking-out door."
sticking-out,1,"{""2024"": 1}",1,"Replacing swing doors, these allow smaller buildings to maximise the usable space inside without having to clear the way for a large, sticking-out door."
weight,1,"{""2024"": 1}",1,"Each automatic door system analyses the light, sound, weight or movement in their vicinity as a signal to open."
vicinity,1,"{""2024"": 1}",1,"Each automatic door system analyses the light, sound, weight or movement in their vicinity as a signal to open."
sensor,1,"{""2024"": 1}",1,Sensor types are chosen to complement the different environments they are needed in.
chosen,1,"{""2024"": 1}",1,Sensor types are chosen to complement the different environments they are needed in.
motion-sensored,1,"{""2024"": 1}",1,"For example, a busy street might not suit a motion-sensored door, as it would constantly be opening for passers-by."
passers-by,1,"{""2024"": 1}",1,"For example, a busy street might not suit a motion-sensored door, as it would constantly be opening for passers-by."
pressure-sensitive,1,"{""2024"": 1}",0,
mat,1,"{""2024"": 1}",0,
surveyed,1,"{""2024"": 1}",0,
demanding,1,"{""2024"": 1}",0,
convenience,1,"{""2024"": 1}",1,"Without the need to be touched to open or close, automatic doors are essential in improving disabled access to buildings and helping provide general convenience to commercial buildings."
guidance,1,"{""2024"": 1}",0,
reference,1,"{""2024"": 1}",0,
successively,1,"{""2024"": 1}",0,
eventually,1,"{""2024"": 1}",0,
settled,1,"{""2024"": 1}",0,
simple,1,"{""2024"": 1}",0,
flexible,1,"{""2024"": 1}",0,
insist,1,"{""2024"": 1}",0,
deriving,1,"{""2024"": 1}",0,
pointing,1,"{""2024"": 1}",0,
positions,1,"{""2024"": 1}",0,
controls,1,"{""2024"": 1}",0,
analyses,1,"{""2024"": 1}",1,"Each automatic door system analyses the light, sound, weight or movement in their vicinity as a signal to open."
produces,1,"{""2024"": 1}",0,
mixes,1,"{""2024"": 1}",0,
decorate,1,"{""2024"": 1}",0,
compare,1,"{""2024"": 1}",0,
complement,1,"{""2024"": 1}",1,Sensor types are chosen to complement the different environments they are needed in.
obvious,1,"{""2024"": 1}",0,
delicate,1,"{""2024"": 1}",0,
scotland,1,"{""2024"": 1}",1,"Nearly 2,000 years ago, as the Romans began to pull out of Scotland, they left behind a curious treasure: 10 tons of nails, nearly a million of the things."
treasure,1,"{""2024"": 1}",1,"Nearly 2,000 years ago, as the Romans began to pull out of Scotland, they left behind a curious treasure: 10 tons of nails, nearly a million of the things."
hoard,1,"{""2024"": 1}",1,The nail hoard was discovered in 1960 in a four-metre-deep pit covered by two metres of gravel.
four-metre-deep,1,"{""2024"": 1}",1,The nail hoard was discovered in 1960 in a four-metre-deep pit covered by two metres of gravel.
pit,1,"{""2024"": 1}",1,The nail hoard was discovered in 1960 in a four-metre-deep pit covered by two metres of gravel.
metres,1,"{""2024"": 1}",1,The nail hoard was discovered in 1960 in a four-metre-deep pit covered by two metres of gravel.
gravel,1,"{""2024"": 1}",1,The nail hoard was discovered in 1960 in a four-metre-deep pit covered by two metres of gravel.
withdrawal,1,"{""2024"": 1}",0,
rushed,1,"{""2024"": 1}",0,
caledonians,1,"{""2024"": 1}",0,
weapon-grade,1,"{""2024"": 1}",0,
blacksmith's,1,"{""2024"": 1}",0,
roma,1,"{""2024"": 1}",1,"As Roma Agrawal explains in her new delightful book Nuts and Bolts, early 17th-century Virginians would sometimes burn down their homes if they were planning to relocate."
agrawal,1,"{""2024"": 1}",1,"As Roma Agrawal explains in her new delightful book Nuts and Bolts, early 17th-century Virginians would sometimes burn down their homes if they were planning to relocate."
explains,1,"{""2024"": 1}",1,"As Roma Agrawal explains in her new delightful book Nuts and Bolts, early 17th-century Virginians would sometimes burn down their homes if they were planning to relocate."
delightful,1,"{""2024"": 1}",1,"As Roma Agrawal explains in her new delightful book Nuts and Bolts, early 17th-century Virginians would sometimes burn down their homes if they were planning to relocate."
nuts,1,"{""2024"": 1}",1,"As Roma Agrawal explains in her new delightful book Nuts and Bolts, early 17th-century Virginians would sometimes burn down their homes if they were planning to relocate."
bolts,1,"{""2024"": 1}",1,"As Roma Agrawal explains in her new delightful book Nuts and Bolts, early 17th-century Virginians would sometimes burn down their homes if they were planning to relocate."
planning,1,"{""2024"": 1}",1,"As Roma Agrawal explains in her new delightful book Nuts and Bolts, early 17th-century Virginians would sometimes burn down their homes if they were planning to relocate."
relocate,1,"{""2024"": 1}",1,"As Roma Agrawal explains in her new delightful book Nuts and Bolts, early 17th-century Virginians would sometimes burn down their homes if they were planning to relocate."
reused,1,"{""2024"": 1}",1,"This was an attempt to recover the valuable nails, which could be reused after sifting the ashes."
sifting,1,"{""2024"": 1}",1,"This was an attempt to recover the valuable nails, which could be reused after sifting the ashes."
ashes,1,"{""2024"": 1}",1,"This was an attempt to recover the valuable nails, which could be reused after sifting the ashes."
reclaim,1,"{""2024"": 1}",1,"The idea that one might burn down an entire house just to reclaim the nails underlines how scarce, costly and valuable the simple-seeming technology was."
underlines,1,"{""2024"": 1}",1,"The idea that one might burn down an entire house just to reclaim the nails underlines how scarce, costly and valuable the simple-seeming technology was."
scarce,1,"{""2024"": 1}",1,"The idea that one might burn down an entire house just to reclaim the nails underlines how scarce, costly and valuable the simple-seeming technology was."
simple-seeming,1,"{""2024"": 1}",1,"The idea that one might burn down an entire house just to reclaim the nails underlines how scarce, costly and valuable the simple-seeming technology was."
fell,1,"{""2024"": 1}",0,
daniel,1,"{""2024"": 1}",0,
falling,1,"{""2024"": 1}",1,"According to Sichel, although the falling price of nails was driven partly by cheaper iron and cheaper energy, most of the credit goes to nail manufacturers who simply found more efficient ways to turn steel into nails."
manufacturers,1,"{""2024"": 1}",1,"According to Sichel, although the falling price of nails was driven partly by cheaper iron and cheaper energy, most of the credit goes to nail manufacturers who simply found more efficient ways to turn steel into nails."
steel,1,"{""2024"": 1}",1,"According to Sichel, although the falling price of nails was driven partly by cheaper iron and cheaper energy, most of the credit goes to nail manufacturers who simply found more efficient ways to turn steel into nails."
haven't,1,"{""2024"": 1}",0,
lamps,1,"{""2024"": 1}",1,"Roman lamps and Roman chariots are very different from LED strips and sports cars, but Roman nails are still clearly nails."
chariots,1,"{""2024"": 1}",1,"Roman lamps and Roman chariots are very different from LED strips and sports cars, but Roman nails are still clearly nails."
strips,1,"{""2024"": 1}",1,"Roman lamps and Roman chariots are very different from LED strips and sports cars, but Roman nails are still clearly nails."
clearly,1,"{""2024"": 1}",1,"Roman lamps and Roman chariots are very different from LED strips and sports cars, but Roman nails are still clearly nails."
absurd,1,"{""2024"": 1}",1,"It would be absurd to try to track the changing price of sports cars since 1695, but to ask the same question of nails makes perfect sense."
perfect,1,"{""2024"": 1}",1,"It would be absurd to try to track the changing price of sports cars since 1695, but to ask the same question of nails makes perfect sense."
obsessed,1,"{""2024"": 1}",1,I make no apology for being obsessed by a particular feature of these objects: their price.
enchantingly,1,"{""2024"": 1}",0,
hype,1,"{""2024"": 1}",0,
gutenberg,1,"{""2024"": 1}",1,"The Gutenberg printing press transformed civilisation not by changing the nature of writing but by changing its cost—and it would have achieved little without a parallel collapse in the price of surfaces to write on, thanks to an often-overlooked technology called paper."
printing,1,"{""2024"": 1}",1,"The Gutenberg printing press transformed civilisation not by changing the nature of writing but by changing its cost—and it would have achieved little without a parallel collapse in the price of surfaces to write on, thanks to an often-overlooked technology called paper."
civilisation,1,"{""2024"": 1}",1,"The Gutenberg printing press transformed civilisation not by changing the nature of writing but by changing its cost—and it would have achieved little without a parallel collapse in the price of surfaces to write on, thanks to an often-overlooked technology called paper."
surfaces,1,"{""2024"": 1}",1,"The Gutenberg printing press transformed civilisation not by changing the nature of writing but by changing its cost—and it would have achieved little without a parallel collapse in the price of surfaces to write on, thanks to an often-overlooked technology called paper."
often-overlooked,1,"{""2024"": 1}",1,"The Gutenberg printing press transformed civilisation not by changing the nature of writing but by changing its cost—and it would have achieved little without a parallel collapse in the price of surfaces to write on, thanks to an often-overlooked technology called paper."
transforming,1,"{""2024"": 1}",1,Solar panels had few niche uses until they became cheap; now they are transforming the global energy system.
rusting,1,"{""2024"": 1}",0,
letting,1,"{""2024"": 1}",0,
grow,1,"{""2024"": 1}",0,
hiding,1,"{""2024"": 1}",0,
highlight,1,"{""2024"": 1}",0,
thriftiness,1,"{""2024"": 1}",0,
blacksmiths,1,"{""2024"": 1}",0,
attitudes,1,"{""2024"": 1}",0,
preciousness,1,"{""2024"": 1}",0,
nail-making,1,"{""2024"": 1}",0,
lowering,1,"{""2024"": 1}",0,
energies,1,"{""2024"": 1}",0,
fiercer,1,"{""2024"": 1}",0,
undergone,1,"{""2024"": 1}",0,
remained,1,"{""2024"": 1}",0,
basically,1,"{""2024"": 1}",0,
summarises,1,"{""2024"": 1}",0,
revolutionary,1,"{""2024"": 1}",0,
defines,1,"{""2024"": 1}",0,
contented,1,"{""2024"": 1}",1,"Parenting tips obtained from hunter-gatherers in Africa may be the key to bringing up more contented children, researchers have suggested."
botswana,1,"{""2024"": 1}",1,"The idea is based on studies of communities such as the Kung of Botswana, where each child is cared for by many adults."
cared,1,"{""2024"": 1}",1,"The idea is based on studies of communities such as the Kung of Botswana, where each child is cared for by many adults."
baby-wearing,1,"{""2024"": 1}",1,"Kung children as young as four will help to look after younger ones and baby-wearing, in which infants are carried in slings, is considered the norm."
slings,1,"{""2024"": 1}",1,"Kung children as young as four will help to look after younger ones and baby-wearing, in which infants are carried in slings, is considered the norm."
nikhil,1,"{""2024"": 1}",1,"According to Dr Nikhil Chaudhary, an evolutionary anthropologist at Cambridge University, these practices, known as alloparenting, could lead to less anxiety for children and parents."
anthropologist,1,"{""2024"": 1}",1,"According to Dr Nikhil Chaudhary, an evolutionary anthropologist at Cambridge University, these practices, known as alloparenting, could lead to less anxiety for children and parents."
cambridge,1,"{""2024"": 1}",1,"According to Dr Nikhil Chaudhary, an evolutionary anthropologist at Cambridge University, these practices, known as alloparenting, could lead to less anxiety for children and parents."
annie,1,"{""2024"": 1}",1,"Dr Annie Swanepoel, a child psychiatrist, believes that there are ways to incorporate them into western life."
swanepoel,1,"{""2024"": 1}",1,"Dr Annie Swanepoel, a child psychiatrist, believes that there are ways to incorporate them into western life."
psychiatrist,1,"{""2024"": 1}",1,"Dr Annie Swanepoel, a child psychiatrist, believes that there are ways to incorporate them into western life."
incorporate,1,"{""2024"": 1}",1,"Dr Annie Swanepoel, a child psychiatrist, believes that there are ways to incorporate them into western life."
paired,1,"{""2024"": 1}",0,
akin,1,"{""2024"": 1}",1,"The residents help to look after the children, an arrangement akin to alloparenting."
friendships,1,"{""2024"": 1}",1,"Another measure could be encouraging friendships between children in different school years, to mirror the unsupervised mixed-age playgroups in hunter-gatherer communities."
unsupervised,1,"{""2024"": 1}",1,"Another measure could be encouraging friendships between children in different school years, to mirror the unsupervised mixed-age playgroups in hunter-gatherer communities."
psychology,1,"{""2024"": 1}",1,"In a paper published in the Journal of Child Psychology and Psychiatry, researchers said that the western nuclear family was a recent invention which broke with evolutionary history."
psychiatry,1,"{""2024"": 1}",1,"In a paper published in the Journal of Child Psychology and Psychiatry, researchers said that the western nuclear family was a recent invention which broke with evolutionary history."
nuclear,1,"{""2024"": 1}",1,"In a paper published in the Journal of Child Psychology and Psychiatry, researchers said that the western nuclear family was a recent invention which broke with evolutionary history."
abrupt,1,"{""2024"": 1}",1,"This abrupt shift to an intensive mothering narrative, which suggests that mothers should manage childcare alone, was likely to have been harmful."
mothers,1,"{""2024"": 1}",1,"This abrupt shift to an intensive mothering narrative, which suggests that mothers should manage childcare alone, was likely to have been harmful."
manage,1,"{""2024"": 1}",1,"This abrupt shift to an intensive mothering narrative, which suggests that mothers should manage childcare alone, was likely to have been harmful."
harmful,1,"{""2024"": 1}",1,"This abrupt shift to an intensive mothering narrative, which suggests that mothers should manage childcare alone, was likely to have been harmful."
exhaustion,1,"{""2024"": 1}",1,"Such narratives can lead to maternal exhaustion and have dangerous consequences, they wrote."
congo,1,"{""2024"": 1}",1,One previous study looked at the Efé people of the Democratic Republic of Congo.
alloparents,1,"{""2024"": 1}",1,"It found that infants had an average of 14 alloparents a day by the time they were 18 weeks old, and were passed between caregivers eight times an hour."
hour,1,"{""2024"": 1}",1,"It found that infants had an average of 14 alloparents a day by the time they were 18 weeks old, and were passed between caregivers eight times an hour."
knock-on,1,"{""2024"": 1}",0,
contrasts,1,"{""2024"": 1}",1,An infant born to a hunter-gatherer society could have more than ten caregivers—this contrasts starkly to nursery settings in the UK where regulations call for a ratio of one carer to four children aged two to three.
starkly,1,"{""2024"": 1}",1,An infant born to a hunter-gatherer society could have more than ten caregivers—this contrasts starkly to nursery settings in the UK where regulations call for a ratio of one carer to four children aged two to three.
settings,1,"{""2024"": 1}",1,An infant born to a hunter-gatherer society could have more than ten caregivers—this contrasts starkly to nursery settings in the UK where regulations call for a ratio of one carer to four children aged two to three.
carer,1,"{""2024"": 1}",1,An infant born to a hunter-gatherer society could have more than ten caregivers—this contrasts starkly to nursery settings in the UK where regulations call for a ratio of one carer to four children aged two to three.
observation,1,"{""2024"": 1}",1,"While hunter-gatherer children learnt from observation and imitation in mixed-age playgroups, researchers said that western instructive teaching, where pupils are asked to sit still, may contribute to conditions such as attention deficit hyperactivity disorder."
hyperactivity,1,"{""2024"": 1}",1,"While hunter-gatherer children learnt from observation and imitation in mixed-age playgroups, researchers said that western instructive teaching, where pupils are asked to sit still, may contribute to conditions such as attention deficit hyperactivity disorder."
disorder,1,"{""2024"": 1}",1,"While hunter-gatherer children learnt from observation and imitation in mixed-age playgroups, researchers said that western instructive teaching, where pupils are asked to sit still, may contribute to conditions such as attention deficit hyperactivity disorder."
siblings,1,"{""2024"": 1}",1,Chaudhary said that Britain should explore the possibility that older siblings helping their parents might also enhance their own social development.
assigning,1,"{""2024"": 1}",0,
babies,1,"{""2024"": 1}",0,
adult,1,"{""2024"": 1}",0,
intergenerational,1,"{""2024"": 1}",0,
integrating,1,"{""2024"": 1}",0,
alleviates,1,"{""2024"": 1}",0,
consolidates,1,"{""2024"": 1}",0,
child-centered,1,"{""2024"": 1}",0,
departs,1,"{""2024"": 1}",0,
evolution,1,"{""2024"": 1}",0,
nurseries,1,"{""2024"": 1}",0,
difficulty,1,"{""2024"": 1}",0,
carer-to-child,1,"{""2024"": 1}",0,
parental,1,"{""2024"": 1}",0,
dilemma,1,"{""2024"": 1}",0,
anxious,1,"{""2024"": 1}",0,
happier,1,"{""2024"": 1}",0,
playgroup,1,"{""2024"": 1}",0,
lonely,1,"{""2024"": 1}",0,
polish,1,"{""2024"": 1}",0,
dreamy,1,"{""2024"": 1}",0,
fantasy,1,"{""2024"": 1}",0,
landscapes,1,"{""2024"": 1}",0,
illustrations,1,"{""2024"": 1}",0,
games,1,"{""2024"": 1}",0,
dungeons,1,"{""2024"": 1}",0,
dragons,1,"{""2024"": 1}",0,
sudden,1,"{""2024"": 1}",0,
distinctive,1,"{""2024"": 1}",1,His distinctive style is now one of the most commonly used prompts in the new open-source AI art generator Stable Diffusion.
commonly,1,"{""2024"": 1}",1,His distinctive style is now one of the most commonly used prompts in the new open-source AI art generator Stable Diffusion.
image-generation,1,"{""2024"": 1}",1,"The tool, along with other popular image-generation AI models, allows anyone to create impressive images based on text prompts."
allows,1,"{""2024"": 1}",1,"The tool, along with other popular image-generation AI models, allows anyone to create impressive images based on text prompts."
wizard,1,"{""2024"": 1}",0,
glowing,1,"{""2024"": 1}",0,
orb,1,"{""2024"": 1}",0,
dragon,1,"{""2024"": 1}",0,
scraping,1,"{""2024"": 1}",1,"But these open-source programs are built by scraping images from the internet, often without permission and proper attribution to artists."
permission,1,"{""2024"": 1}",1,"But these open-source programs are built by scraping images from the internet, often without permission and proper attribution to artists."
attribution,1,"{""2024"": 1}",1,"But these open-source programs are built by scraping images from the internet, often without permission and proper attribution to artists."
tricky,1,"{""2024"": 1}",1,"As a result, they are raising tricky questions about ethics and copyright."
ethics,1,"{""2024"": 1}",1,"As a result, they are raising tricky questions about ethics and copyright."
lexica,1,"{""2024"": 1}",0,
tracks,1,"{""2024"": 1}",0,
generated,1,"{""2024"": 1}",0,
flooded,1,"{""2024"": 1}",0,
concerning,1,"{""2024"": 1}",0,
popularity,1,"{""2024"": 1}",1,Other artists besides Rutkowski have been surprised by the apparent popularity of their work in text-to-image generators—and some are now fighting back.
fighting,1,"{""2024"": 1}",1,Other artists besides Rutkowski have been surprised by the apparent popularity of their work in text-to-image generators—and some are now fighting back.
karla,1,"{""2024"": 1}",0,
illustrator,1,"{""2024"": 1}",0,
san,1,"{""2024"": 1}",0,
francisco,1,"{""2024"": 1}",0,
diffusion's,1,"{""2024"": 1}",0,
copyrighted,1,"{""2024"": 1}",1,Artists say they risk losing income as people start using AI-generated images based on copyrighted material for commercial purposes.
arguing,1,"{""2024"": 1}",0,
linked,1,"{""2024"": 1}",0,
figure,1,"{""2024"": 1}",1,"There is a coalition growing within artist industries to figure out how to tackle or mitigate this, says Ortiz."
tackle,1,"{""2024"": 1}",1,"There is a coalition growing within artist industries to figure out how to tackle or mitigate this, says Ortiz."
mitigate,1,"{""2024"": 1}",1,"There is a coalition growing within artist industries to figure out how to tackle or mitigate this, says Ortiz."
mobilization,1,"{""2024"": 1}",1,"The group is in its early days of mobilization, which could involve pushing for new policies or regulation."
suggestion,1,"{""2024"": 1}",1,"One suggestion is that AI models could be trained on images in the public domain, and AI companies could forge partnerships with museums and artists, Ortiz says."
trained,1,"{""2024"": 1}",1,"One suggestion is that AI models could be trained on images in the public domain, and AI companies could forge partnerships with museums and artists, Ortiz says."
domain,1,"{""2024"": 1}",1,"One suggestion is that AI models could be trained on images in the public domain, and AI companies could forge partnerships with museums and artists, Ortiz says."
forge,1,"{""2024"": 1}",1,"One suggestion is that AI models could be trained on images in the public domain, and AI companies could forge partnerships with museums and artists, Ortiz says."
enthusiastic,1,"{""2024"": 1}",0,
admiration,1,"{""2024"": 1}",0,
illustrators,1,"{""2024"": 1}",0,
specializes,1,"{""2024"": 1}",0,
digitalization,1,"{""2024"": 1}",0,
flexibility,1,"{""2024"": 1}",0,
responding,1,"{""2024"": 1}",0,
unpredictable,1,"{""2024"": 1}",0,
unauthorized,1,"{""2024"": 1}",0,
consent,1,"{""2024"": 1}",0,
bearing,1,"{""2024"": 1}",0,
al's,1,"{""2024"": 1}",0,
expanded,1,"{""2024"": 1}",0,
opposing,1,"{""2024"": 1}",0,
depths,1,"{""2024"": 1}",1,"The miracle of the Chesapeake Bay lies not in its depths, but in the complexity of its natural construction, the interaction of fresh and saline waters, and the mix of land and water."
saline,1,"{""2024"": 1}",1,"The miracle of the Chesapeake Bay lies not in its depths, but in the complexity of its natural construction, the interaction of fresh and saline waters, and the mix of land and water."
shallows,1,"{""2024"": 1}",1,"The shallows provide homes for hundreds of species while storing floodwaters, filtering pollutants from water, and protecting nearby communities from potentially destructive storm surges."
floodwaters,1,"{""2024"": 1}",1,"The shallows provide homes for hundreds of species while storing floodwaters, filtering pollutants from water, and protecting nearby communities from potentially destructive storm surges."
filtering,1,"{""2024"": 1}",1,"The shallows provide homes for hundreds of species while storing floodwaters, filtering pollutants from water, and protecting nearby communities from potentially destructive storm surges."
destructive,1,"{""2024"": 1}",1,"The shallows provide homes for hundreds of species while storing floodwaters, filtering pollutants from water, and protecting nearby communities from potentially destructive storm surges."
storm,1,"{""2024"": 1}",1,"The shallows provide homes for hundreds of species while storing floodwaters, filtering pollutants from water, and protecting nearby communities from potentially destructive storm surges."
surges,1,"{""2024"": 1}",1,"The shallows provide homes for hundreds of species while storing floodwaters, filtering pollutants from water, and protecting nearby communities from potentially destructive storm surges."
waterways,1,"{""2024"": 1}",1,Environmental Protection Agency (EPA) far less authority to regulate wetlands and waterways.
specifically,1,"{""2024"": 1}",1,"Specifically, a 5-4 majority decided that wetlands protected by the EPA under its Clean Water Act authority must have a continuous surface connection to bodies of water."
decided,1,"{""2024"": 1}",1,"Specifically, a 5-4 majority decided that wetlands protected by the EPA under its Clean Water Act authority must have a continuous surface connection to bodies of water."
continuous,1,"{""2024"": 1}",1,"Specifically, a 5-4 majority decided that wetlands protected by the EPA under its Clean Water Act authority must have a continuous surface connection to bodies of water."
surface,1,"{""2024"": 1}",1,"Specifically, a 5-4 majority decided that wetlands protected by the EPA under its Clean Water Act authority must have a continuous surface connection to bodies of water."
narrowing,1,"{""2024"": 1}",1,"This narrowing of the regulatory scope was a victory for builders, mining operators and other commercial interests often at odds with environmental rules."
scope,1,"{""2024"": 1}",1,"This narrowing of the regulatory scope was a victory for builders, mining operators and other commercial interests often at odds with environmental rules."
victory,1,"{""2024"": 1}",1,"This narrowing of the regulatory scope was a victory for builders, mining operators and other commercial interests often at odds with environmental rules."
builders,1,"{""2024"": 1}",1,"This narrowing of the regulatory scope was a victory for builders, mining operators and other commercial interests often at odds with environmental rules."
carries,1,"{""2024"": 1}",1,"And it carries significant repercussions for water quality and flood control throughout the United States, as Justice Brett Kavanaugh observed."
repercussions,1,"{""2024"": 1}",1,"And it carries significant repercussions for water quality and flood control throughout the United States, as Justice Brett Kavanaugh observed."
flood,1,"{""2024"": 1}",1,"And it carries significant repercussions for water quality and flood control throughout the United States, as Justice Brett Kavanaugh observed."
brett,1,"{""2024"": 1}",1,"And it carries significant repercussions for water quality and flood control throughout the United States, as Justice Brett Kavanaugh observed."
kavanaugh,1,"{""2024"": 1}",1,"And it carries significant repercussions for water quality and flood control throughout the United States, as Justice Brett Kavanaugh observed."
observed,1,"{""2024"": 1}",1,"And it carries significant repercussions for water quality and flood control throughout the United States, as Justice Brett Kavanaugh observed."
shortsighted,1,"{""2024"": 1}",0,
respect,1,"{""2024"": 1}",0,
square-mile,1,"{""2024"": 1}",1,"The Chesapeake draws from a 64,000-square-mile watershed that extends into Virginia, Pennsylvania, New York, West Virginia, the District of Columbia and Delaware."
extends,1,"{""2024"": 1}",1,"The Chesapeake draws from a 64,000-square-mile watershed that extends into Virginia, Pennsylvania, New York, West Virginia, the District of Columbia and Delaware."
york,1,"{""2024"": 1}",1,"The Chesapeake draws from a 64,000-square-mile watershed that extends into Virginia, Pennsylvania, New York, West Virginia, the District of Columbia and Delaware."
delaware,1,"{""2024"": 1}",1,"The Chesapeake draws from a 64,000-square-mile watershed that extends into Virginia, Pennsylvania, New York, West Virginia, the District of Columbia and Delaware."
sackett,1,"{""2024"": 1}",0,
misleading,1,"{""2024"": 1}",1,"It is too easy, and misleading, to see such court rulings as merely standing up for the rights of land owners when the consequences can be so dire for their neighbors."
dire,1,"{""2024"": 1}",1,"It is too easy, and misleading, to see such court rulings as merely standing up for the rights of land owners when the consequences can be so dire for their neighbors."
neighbors,1,"{""2024"": 1}",1,"It is too easy, and misleading, to see such court rulings as merely standing up for the rights of land owners when the consequences can be so dire for their neighbors."
reminder,1,"{""2024"": 1}",0,
transcend,1,"{""2024"": 1}",0,
deep-pocketed,1,"{""2024"": 1}",0,
blue,1,"{""2024"": 1}",0,
crab,1,"{""2024"": 1}",0,
harvest,1,"{""2024"": 1}",0,
fields,1,"{""2024"": 1}",0,
runoff,1,"{""2024"": 1}",0,
creeks,1,"{""2024"": 1}",0,
downstream,1,"{""2024"": 1}",0,
richmond,1,"{""2024"": 1}",1,And so we would call on state lawmakers from Richmond to Albany to consider reviewing their own wetlands protections and see for themselves the enormous stakes involved.
albany,1,"{""2024"": 1}",1,And so we would call on state lawmakers from Richmond to Albany to consider reviewing their own wetlands protections and see for themselves the enormous stakes involved.
stakes,1,"{""2024"": 1}",1,And so we would call on state lawmakers from Richmond to Albany to consider reviewing their own wetlands protections and see for themselves the enormous stakes involved.
blackwater,1,"{""2024"": 1}",1,We can offer them a visit to Blackwater National Wildlife Refuge in Dorchester County where bald eagles fly over tidal marshes so shallow you could not paddle a boat across them but teaming with aquatic life.
refuge,1,"{""2024"": 1}",1,We can offer them a visit to Blackwater National Wildlife Refuge in Dorchester County where bald eagles fly over tidal marshes so shallow you could not paddle a boat across them but teaming with aquatic life.
dorchester,1,"{""2024"": 1}",1,We can offer them a visit to Blackwater National Wildlife Refuge in Dorchester County where bald eagles fly over tidal marshes so shallow you could not paddle a boat across them but teaming with aquatic life.
county,1,"{""2024"": 1}",1,We can offer them a visit to Blackwater National Wildlife Refuge in Dorchester County where bald eagles fly over tidal marshes so shallow you could not paddle a boat across them but teaming with aquatic life.
bald,1,"{""2024"": 1}",1,We can offer them a visit to Blackwater National Wildlife Refuge in Dorchester County where bald eagles fly over tidal marshes so shallow you could not paddle a boat across them but teaming with aquatic life.
eagles,1,"{""2024"": 1}",1,We can offer them a visit to Blackwater National Wildlife Refuge in Dorchester County where bald eagles fly over tidal marshes so shallow you could not paddle a boat across them but teaming with aquatic life.
tidal,1,"{""2024"": 1}",1,We can offer them a visit to Blackwater National Wildlife Refuge in Dorchester County where bald eagles fly over tidal marshes so shallow you could not paddle a boat across them but teaming with aquatic life.
marshes,1,"{""2024"": 1}",1,We can offer them a visit to Blackwater National Wildlife Refuge in Dorchester County where bald eagles fly over tidal marshes so shallow you could not paddle a boat across them but teaming with aquatic life.
shallow,1,"{""2024"": 1}",1,We can offer them a visit to Blackwater National Wildlife Refuge in Dorchester County where bald eagles fly over tidal marshes so shallow you could not paddle a boat across them but teaming with aquatic life.
paddle,1,"{""2024"": 1}",1,We can offer them a visit to Blackwater National Wildlife Refuge in Dorchester County where bald eagles fly over tidal marshes so shallow you could not paddle a boat across them but teaming with aquatic life.
boat,1,"{""2024"": 1}",1,We can offer them a visit to Blackwater National Wildlife Refuge in Dorchester County where bald eagles fly over tidal marshes so shallow you could not paddle a boat across them but teaming with aquatic life.
teaming,1,"{""2024"": 1}",1,We can offer them a visit to Blackwater National Wildlife Refuge in Dorchester County where bald eagles fly over tidal marshes so shallow you could not paddle a boat across them but teaming with aquatic life.
aquatic,1,"{""2024"": 1}",1,We can offer them a visit to Blackwater National Wildlife Refuge in Dorchester County where bald eagles fly over tidal marshes so shallow you could not paddle a boat across them but teaming with aquatic life.
scenic,1,"{""2024"": 1}",0,
described,1,"{""2024"": 1}",0,
headache,1,"{""2024"": 1}",0,
reinforces,1,"{""2024"": 1}",0,
pollution,1,"{""2024"": 1}",0,
weakens,1,"{""2024"": 1}",0,
conflicts,1,"{""2024"": 1}",0,
opposition,1,"{""2024"": 1}",0,
balance,1,"{""2024"": 1}",0,
fisheries,1,"{""2024"": 1}",0,
respecting,1,"{""2024"": 1}",0,
landowners,1,"{""2024"": 1}",0,
attach,1,"{""2024"": 1}",0,
expand,1,"{""2024"": 1}",0,
summarizing,1,"{""2024"": 1}",0,
hannah,1,"{""2024"": 1}",0,
smithsonian,1,"{""2024"": 1}",0,
source,1,"{""2024"": 1}",1,These should be available to them as part of their cultural heritage and history and as a source of national pride.
pride,1,"{""2024"": 1}",1,These should be available to them as part of their cultural heritage and history and as a source of national pride.
objectives,1,"{""2024"": 1}",1,There is no good reason that these artifacts should be beyond the ordinary reach of the educational objectives or inspiration of the generations to which they were left.
except,1,"{""2024"": 1}",1,They serve no purpose in a museum in the United States or elsewhere except as curious objects.
sale,1,"{""2024"": 1}",1,They cannot be compared to works of art produced for sale which can be passed from hand to hand and place to place by purchase.
purchase,1,"{""2024"": 1}",1,They cannot be compared to works of art produced for sale which can be passed from hand to hand and place to place by purchase.
buck,1,"{""2024"": 1}",0,
artwork,1,"{""2024"": 1}",1,We know very exact reproductions of artwork can be and are regularly produced.
resolving,1,"{""2024"": 1}",1,Perhaps museums and governments might explore some role for the use of nearly exact reproductions as a means of resolving issues relating to returning works of art and antiquities.
relating,1,"{""2024"": 1}",1,Perhaps museums and governments might explore some role for the use of nearly exact reproductions as a means of resolving issues relating to returning works of art and antiquities.
antiquities,1,"{""2024"": 1}",1,Perhaps museums and governments might explore some role for the use of nearly exact reproductions as a means of resolving issues relating to returning works of art and antiquities.
context,1,"{""2024"": 1}",1,The context of any exhibit is more important to me than whether the object being displayed is 2000 years old or 2 months old.
agreeing,1,"{""2024"": 1}",1,In many cases the experts have a hard time agreeing on what is the real object and what is a forgery.
forgery,1,"{""2024"": 1}",1,In many cases the experts have a hard time agreeing on what is the real object and what is a forgery.
matters,1,"{""2024"": 1}",1,"Again, the story an exhibit is trying to tell is what matters."
sara,1,"{""2024"": 1}",0,
visiting,1,"{""2024"": 1}",1,"When visiting the Baltimore Museum of Art, I came across a magnificent 15th-century Chinese sculpture."
baltimore,1,"{""2024"": 1}",1,"When visiting the Baltimore Museum of Art, I came across a magnificent 15th-century Chinese sculpture."
magnificent,1,"{""2024"": 1}",1,"When visiting the Baltimore Museum of Art, I came across a magnificent 15th-century Chinese sculpture."
sculpture,1,"{""2024"": 1}",1,"When visiting the Baltimore Museum of Art, I came across a magnificent 15th-century Chinese sculpture."
inspired,1,"{""2024"": 1}",1,It inspired me to learn more about the culture that it represented.
spark,1,"{""2024"": 1}",1,"Artifacts in museums have the power to inspire, and perhaps spark that need to learn and understand the nature of their creators."
sanctioned,1,"{""2024"": 1}",1,"Having said that, I do feel that whatever artifacts find their way to public museums should, in fact, be sanctioned as having been obtained on loan, legally purchased, or obtained by treaty."
loan,1,"{""2024"": 1}",1,"Having said that, I do feel that whatever artifacts find their way to public museums should, in fact, be sanctioned as having been obtained on loan, legally purchased, or obtained by treaty."
purchased,1,"{""2024"": 1}",1,"Having said that, I do feel that whatever artifacts find their way to public museums should, in fact, be sanctioned as having been obtained on loan, legally purchased, or obtained by treaty."
treaty,1,"{""2024"": 1}",1,"Having said that, I do feel that whatever artifacts find their way to public museums should, in fact, be sanctioned as having been obtained on loan, legally purchased, or obtained by treaty."
obscene,1,"{""2024"": 1}",1,"Stealing artifacts from other peoples' cultures is obscene; it robs not only the physical objects, but the dignity and spirit of their creators."
robs,1,"{""2024"": 1}",1,"Stealing artifacts from other peoples' cultures is obscene; it robs not only the physical objects, but the dignity and spirit of their creators."
victor,1,"{""2024"": 1}",0,
hold,1,"{""2024"": 1}",1,The foreign countries have no right to hold back returning the items.
discuss,1,"{""2024"": 1}",1,I would ask that the foreign nations and the original country discuss the terms of transfer.
boston's,1,"{""2024"": 1}",0,
gardner,1,"{""2024"": 1}",0,
theft,1,"{""2024"": 1}",0,
rembrandt,1,"{""2024"": 1}",0,
vermeer,1,"{""2024"": 1}",0,
manet,1,"{""2024"": 1}",0,
masterpieces,1,"{""2024"": 1}",0,
nowhere,1,"{""2024"": 1}",1,"Nothing is absolutely safe, nowhere."
agitators,1,"{""2024"": 1}",1,And now Climate Change agitators are attacking publicly displayed works in European museums.
attacking,1,"{""2024"": 1}",1,And now Climate Change agitators are attacking publicly displayed works in European museums.
entitled,1,"{""2024"": 1}",0,
elgin,1,"{""2024"": 1}",0,
marbles,1,"{""2024"": 1}",0,
whenever,1,"{""2024"": 1}",0,
athens,1,"{""2024"": 1}",0,
intrinsic,1,"{""2024"": 1}",1,What intrinsic factors make the West a suitable home for these artifacts but preclude them from being preserved and displayed by their countries of origin?
preclude,1,"{""2024"": 1}",1,What intrinsic factors make the West a suitable home for these artifacts but preclude them from being preserved and displayed by their countries of origin?
assuming,1,"{""2024"": 1}",0,
compensated,1,"{""2024"": 1}",0,
stolen,1,"{""2024"": 1}",0,
originals,1,"{""2024"": 1}",0,
perfectly,1,"{""2024"": 1}",0,
authentic,1,"{""2024"": 1}",0,
lawful,1,"{""2024"": 1}",0,
excuse,1,"{""2024"": 1}",0,
refusing,1,"{""2024"": 1}",0,
folklore,1,"{""2024"": 1}",0,
foundation,1,"{""2024"": 1}",0,
savanna,1,"{""2024"": 1}",1,"The African savanna elephant, also known as the African bush elephant, is distributed across 37 African countries."
bush,1,"{""2024"": 1}",1,"The African savanna elephant, also known as the African bush elephant, is distributed across 37 African countries."
grasslands,1,"{""2024"": 1}",1,"They move between a variety of habitats, including forests, grasslands, woodlands, wetlands and agricultural land."
woodlands,1,"{""2024"": 1}",1,"They move between a variety of habitats, including forests, grasslands, woodlands, wetlands and agricultural land."
sixty,1,"{""2024"": 1}",1,"They sometimes travel more than sixty miles to find food or water, and are very good at working out where other elephants are—even when they are out of sight."
tracking,1,"{""2024"": 1}",1,"Using tracking devices, researchers have shown that they have remarkable spatial acuity."
spatial,1,"{""2024"": 1}",1,"Using tracking devices, researchers have shown that they have remarkable spatial acuity."
acuity,1,"{""2024"": 1}",1,"Using tracking devices, researchers have shown that they have remarkable spatial acuity."
waterholes,1,"{""2024"": 1}",1,"When finding their way to waterholes, they headed off in exactly the right direction, on one occasion from a distance of roughly thirty miles."
thirty,1,"{""2024"": 1}",1,"When finding their way to waterholes, they headed off in exactly the right direction, on one occasion from a distance of roughly thirty miles."
waterhole,1,"{""2024"": 1}",1,"What is more, they almost always seem to choose the nearest waterhole."
precisely,1,"{""2024"": 1}",1,"The researchers are convinced that the elephants always know precisely where they are in relation to all the resources they need, and can therefore take shortcuts, as well as following familiar routes."
shortcuts,1,"{""2024"": 1}",1,"The researchers are convinced that the elephants always know precisely where they are in relation to all the resources they need, and can therefore take shortcuts, as well as following familiar routes."
familiar,1,"{""2024"": 1}",1,"The researchers are convinced that the elephants always know precisely where they are in relation to all the resources they need, and can therefore take shortcuts, as well as following familiar routes."
cues,1,"{""2024"": 1}",1,"Although the cues used by African elephants for long-distance navigation are not yet understood, smell may well play a part."
long-distance,1,"{""2024"": 1}",1,"Although the cues used by African elephants for long-distance navigation are not yet understood, smell may well play a part."
navigation,1,"{""2024"": 1}",1,"Although the cues used by African elephants for long-distance navigation are not yet understood, smell may well play a part."
understood,1,"{""2024"": 1}",1,"Although the cues used by African elephants for long-distance navigation are not yet understood, smell may well play a part."
choosy,1,"{""2024"": 1}",1,"Elephants are very choosy eaters, but until recently little was known about how they selected their food."
eaters,1,"{""2024"": 1}",1,"Elephants are very choosy eaters, but until recently little was known about how they selected their food."
selected,1,"{""2024"": 1}",1,"Elephants are very choosy eaters, but until recently little was known about how they selected their food."
wasted,1,"{""2024"": 1}",1,"One possibility was that they merely used their eyes and tried out the plants they found, but that would probably result in a lot of wasted time and energy, not least because their eyesight is actually not very good."
eyesight,1,"{""2024"": 1}",1,"One possibility was that they merely used their eyes and tried out the plants they found, but that would probably result in a lot of wasted time and energy, not least because their eyesight is actually not very good."
volatile,1,"{""2024"": 1}",1,"The volatile chemicals produced by plants can be carried a long way, and they are very characteristic: Each plant or tree has its own particular odor signature."
characteristic,1,"{""2024"": 1}",1,"The volatile chemicals produced by plants can be carried a long way, and they are very characteristic: Each plant or tree has its own particular odor signature."
odor,1,"{""2024"": 1}",1,"The volatile chemicals produced by plants can be carried a long way, and they are very characteristic: Each plant or tree has its own particular odor signature."
detected,1,"{""2024"": 1}",1,"What is more, they can be detected even when they are not actually visible."
visible,1,"{""2024"": 1}",1,"What is more, they can be detected even when they are not actually visible."
guiding,1,"{""2024"": 1}",1,New research suggests that smell is a crucial factor in guiding elephants—and probably other herbivores—to the best food resources.
herbivores,1,"{""2024"": 1}",1,New research suggests that smell is a crucial factor in guiding elephants—and probably other herbivores—to the best food resources.
foraging,1,"{""2024"": 1}",1,The researchers first established what kinds of plant the elephants preferred either to eat or avoid when foraging freely.
station,1,"{""2024"": 1}",1,"They then set up a food station experiment, in which they gave the elephants a series of choices based only on smell."
patches,1,"{""2024"": 1}",1,"The experiment showed that elephants may well use smell to identify patches of trees that are good to eat, and secondly to assess the quality of the trees within each patch."
secondly,1,"{""2024"": 1}",1,"The experiment showed that elephants may well use smell to identify patches of trees that are good to eat, and secondly to assess the quality of the trees within each patch."
patch,1,"{""2024"": 1}",1,"The experiment showed that elephants may well use smell to identify patches of trees that are good to eat, and secondly to assess the quality of the trees within each patch."
free-ranging,1,"{""2024"": 1}",1,Free-ranging elephants presumably also use this information to locate their preferred food.
presumably,1,"{""2024"": 1}",1,Free-ranging elephants presumably also use this information to locate their preferred food.
locate,1,"{""2024"": 1}",1,Free-ranging elephants presumably also use this information to locate their preferred food.
well-developed,1,"{""2024"": 1}",1,"Their well-developed hippocampal structures may enable elephants, like rats and people, to construct cognitive maps."
hippocampal,1,"{""2024"": 1}",1,"Their well-developed hippocampal structures may enable elephants, like rats and people, to construct cognitive maps."
rats,1,"{""2024"": 1}",1,"Their well-developed hippocampal structures may enable elephants, like rats and people, to construct cognitive maps."
construct,1,"{""2024"": 1}",1,"Their well-developed hippocampal structures may enable elephants, like rats and people, to construct cognitive maps."
cognitive,1,"{""2024"": 1}",1,"Their well-developed hippocampal structures may enable elephants, like rats and people, to construct cognitive maps."
maps,1,"{""2024"": 1}",1,"Their well-developed hippocampal structures may enable elephants, like rats and people, to construct cognitive maps."
assignment,1,"{""2024"": 1}",0,
oral,1,"{""2024"": 1}",0,
prepare,1,"{""2024"": 1}",0,
thank,1,"{""2024"": 1}",1,Thank you for your help.
neolithic,1,"{""2025"": 1}",0,
settlement,1,"{""2025"": 1}",0,
aegean,1,"{""2025"": 1}",1,"This area of the Aegean Sea is prone to earthquakes and tsunamis, which caused the city to gradually sink."
earthquakes,1,"{""2025"": 1}",1,"This area of the Aegean Sea is prone to earthquakes and tsunamis, which caused the city to gradually sink."
tsunamis,1,"{""2025"": 1}",1,"This area of the Aegean Sea is prone to earthquakes and tsunamis, which caused the city to gradually sink."
sink,1,"{""2025"": 1}",1,"This area of the Aegean Sea is prone to earthquakes and tsunamis, which caused the city to gradually sink."
mediterranean,1,"{""2025"": 1}",1,"The slow sea level rise in the Mediterranean submerged the city more than 3,000 years ago."
feet,1,"{""2025"": 1}",0,
thick,1,"{""2025"": 1}",1,They were covered by a thick layer of sand off the island of Laconia.
layer,1,"{""2025"": 1}",1,They were covered by a thick layer of sand off the island of Laconia.
sand,1,"{""2025"": 1}",1,They were covered by a thick layer of sand off the island of Laconia.
laconia,1,"{""2025"": 1}",1,They were covered by a thick layer of sand off the island of Laconia.
shifting,1,"{""2025"": 1}",1,"In recent decades, shifting currents and climate change have eroded a natural barrier that protected Pavlopetri."
barrier,1,"{""2025"": 1}",1,"In recent decades, shifting currents and climate change have eroded a natural barrier that protected Pavlopetri."
coast,1,"{""2025"": 1}",1,"In 1967, a scientific survey of the Peloponnesian coast was gathering data to analyze changes in sea levels when British oceanographer Nicholas Flemming first spotted the sunken structures."
oceanographer,1,"{""2025"": 1}",1,"In 1967, a scientific survey of the Peloponnesian coast was gathering data to analyze changes in sea levels when British oceanographer Nicholas Flemming first spotted the sunken structures."
nicholas,1,"{""2025"": 1}",1,"In 1967, a scientific survey of the Peloponnesian coast was gathering data to analyze changes in sea levels when British oceanographer Nicholas Flemming first spotted the sunken structures."
flemming,1,"{""2025"": 1}",1,"In 1967, a scientific survey of the Peloponnesian coast was gathering data to analyze changes in sea levels when British oceanographer Nicholas Flemming first spotted the sunken structures."
spotted,1,"{""2025"": 1}",1,"In 1967, a scientific survey of the Peloponnesian coast was gathering data to analyze changes in sea levels when British oceanographer Nicholas Flemming first spotted the sunken structures."
sunken,1,"{""2025"": 1}",1,"In 1967, a scientific survey of the Peloponnesian coast was gathering data to analyze changes in sea levels when British oceanographer Nicholas Flemming first spotted the sunken structures."
map,1,"{""2025"": 1}",1,"A year later, he returned with a few students to examine the location and map the site."
identified,1,"{""2025"": 1}",1,"The team identified some techniques buildings, courtyards, a network of streets, and two chamber tombs."
streets,1,"{""2025"": 1}",1,"The team identified some techniques buildings, courtyards, a network of streets, and two chamber tombs."
tombs,1,"{""2025"": 1}",1,"The team identified some techniques buildings, courtyards, a network of streets, and two chamber tombs."
initial,1,"{""2025"": 1}",1,"Despite the exciting initial finds, the site would lie 13 for decades before archaeologists would return."
finds,1,"{""2025"": 1}",1,"Despite the exciting initial finds, the site would lie 13 for decades before archaeologists would return."
lie,1,"{""2025"": 1}",1,"Despite the exciting initial finds, the site would lie 13 for decades before archaeologists would return."
chrysanthi,1,"{""2025"": 1}",1,In 2009 archaeologists Chrysanthi Gallon and Jon Henderson resumed excavation of Pavlopetri in cooperation with the Greek Ministry of Culture.
gallon,1,"{""2025"": 1}",1,In 2009 archaeologists Chrysanthi Gallon and Jon Henderson resumed excavation of Pavlopetri in cooperation with the Greek Ministry of Culture.
jon,1,"{""2025"": 1}",1,In 2009 archaeologists Chrysanthi Gallon and Jon Henderson resumed excavation of Pavlopetri in cooperation with the Greek Ministry of Culture.
henderson,1,"{""2025"": 1}",1,In 2009 archaeologists Chrysanthi Gallon and Jon Henderson resumed excavation of Pavlopetri in cooperation with the Greek Ministry of Culture.
excavation,1,"{""2025"": 1}",1,In 2009 archaeologists Chrysanthi Gallon and Jon Henderson resumed excavation of Pavlopetri in cooperation with the Greek Ministry of Culture.
greek,1,"{""2025"": 1}",1,In 2009 archaeologists Chrysanthi Gallon and Jon Henderson resumed excavation of Pavlopetri in cooperation with the Greek Ministry of Culture.
ministry,1,"{""2025"": 1}",1,In 2009 archaeologists Chrysanthi Gallon and Jon Henderson resumed excavation of Pavlopetri in cooperation with the Greek Ministry of Culture.
archaeology,1,"{""2025"": 1}",0,
robotics,1,"{""2025"": 1}",1,"The team employed robotics, sonar mapping, and state-of-the-art graphics to survey the site."
sonar,1,"{""2025"": 1}",1,"The team employed robotics, sonar mapping, and state-of-the-art graphics to survey the site."
mapping,1,"{""2025"": 1}",1,"The team employed robotics, sonar mapping, and state-of-the-art graphics to survey the site."
state-of-the-art,1,"{""2025"": 1}",1,"The team employed robotics, sonar mapping, and state-of-the-art graphics to survey the site."
graphics,1,"{""2025"": 1}",1,"The team employed robotics, sonar mapping, and state-of-the-art graphics to survey the site."
covering,1,"{""2025"": 1}",0,
acres,1,"{""2025"": 1}",0,
pavlopetri's,1,"{""2025"": 1}",0,
roads,1,"{""2025"": 1}",0,
rectangular,1,"{""2025"": 1}",0,
excavations,1,"{""2025"": 1}",1,"Excavations revealed a large number of Minoan-style loom weights, suggesting Pavlopetri was a thriving trade center with a robust textile industry."
minoan-style,1,"{""2025"": 1}",1,"Excavations revealed a large number of Minoan-style loom weights, suggesting Pavlopetri was a thriving trade center with a robust textile industry."
loom,1,"{""2025"": 1}",1,"Excavations revealed a large number of Minoan-style loom weights, suggesting Pavlopetri was a thriving trade center with a robust textile industry."
weights,1,"{""2025"": 1}",1,"Excavations revealed a large number of Minoan-style loom weights, suggesting Pavlopetri was a thriving trade center with a robust textile industry."
thriving,1,"{""2025"": 1}",1,"Excavations revealed a large number of Minoan-style loom weights, suggesting Pavlopetri was a thriving trade center with a robust textile industry."
textile,1,"{""2025"": 1}",1,"Excavations revealed a large number of Minoan-style loom weights, suggesting Pavlopetri was a thriving trade center with a robust textile industry."
disguised,1,"{""2025"": 1}",0,
legends,1,"{""2025"": 1}",0,
currents,1,"{""2025"": 1}",1,"In recent decades, shifting currents and climate change have eroded a natural barrier that protected Pavlopetri."
elevated,1,"{""2025"": 1}",0,
belongings,1,"{""2025"": 1}",0,
unchallenged,1,"{""2025"": 1}",0,
ordered,1,"{""2025"": 1}",0,
crossed,1,"{""2025"": 1}",0,
expecting,1,"{""2025"": 1}",0,
robust,1,"{""2025"": 1}",1,"Excavations revealed a large number of Minoan-style loom weights, suggesting Pavlopetri was a thriving trade center with a robust textile industry."
prone,1,"{""2025"": 1}",1,"This area of the Aegean Sea is prone to earthquakes and tsunamis, which caused the city to gradually sink."
submerged,1,"{""2025"": 1}",1,"The slow sea level rise in the Mediterranean submerged the city more than 3,000 years ago."
rivers,1,"{""2025"": 1}",0,
separated,1,"{""2025"": 1}",0,
restoring,1,"{""2025"": 1}",0,
select,1,"{""2025"": 1}",0,
transferred,1,"{""2025"": 1}",0,
theories,1,"{""2025"": 1}",0,
suggesting,1,"{""2025"": 1}",1,"Excavations revealed a large number of Minoan-style loom weights, suggesting Pavlopetri was a thriving trade center with a robust textile industry."
diverse,1,"{""2025"": 1}",0,
relocated,1,"{""2025"": 1}",0,
comprised,1,"{""2025"": 1}",0,
updating,1,"{""2025"": 1}",0,
unorganized,1,"{""2025"": 1}",0,
resumed,1,"{""2025"": 1}",1,In 2009 archaeologists Chrysanthi Gallon and Jon Henderson resumed excavation of Pavlopetri in cooperation with the Greek Ministry of Culture.
blocked,1,"{""2025"": 1}",0,
predicting,1,"{""2025"": 1}",0,
alien,1,"{""2025"": 1}",0,
via,1,"{""2025"": 1}",0,
winds,1,"{""2025"": 1}",0,
supplying,1,"{""2025"": 1}",0,
examine,1,"{""2025"": 1}",1,"A year later, he returned with a few students to examine the location and map the site."
canceled,1,"{""2025"": 1}",0,
altered,1,"{""2025"": 1}",0,
recalling,1,"{""2025"": 1}",0,
dependent,1,"{""2025"": 1}",0,
grammar,1,"{""2025"": 1}",0,
boy,1,"{""2025"": 1}",0,
stratford-upon-avon,1,"{""2025"": 1}",0,
landed,1,"{""2025"": 1}",0,
scholarly,1,"{""2025"": 1}",0,
punch,1,"{""2025"": 1}",0,
groundbreaking,1,"{""2025"": 1}",0,
broadened,1,"{""2025"": 1}",0,
jacqui,1,"{""2025"": 1}",0,
royal,1,"{""2025"": 1}",0,
commissioned,1,"{""2025"": 1}",0,
randomised,1,"{""2025"": 1}",1,The randomised control trial involved hundreds of year 5 pupils — aged nine and ten — at 45 state primary schools that had not been previously exposed to RSC pedagogy.
nine,1,"{""2025"": 1}",1,The randomised control trial involved hundreds of year 5 pupils — aged nine and ten — at 45 state primary schools that had not been previously exposed to RSC pedagogy.
exposed,1,"{""2025"": 1}",1,The randomised control trial involved hundreds of year 5 pupils — aged nine and ten — at 45 state primary schools that had not been previously exposed to RSC pedagogy.
pedagogy,1,"{""2025"": 1}",1,The randomised control trial involved hundreds of year 5 pupils — aged nine and ten — at 45 state primary schools that had not been previously exposed to RSC pedagogy.
split,1,"{""2025"": 1}",1,"They were split into target and control groups and asked to write, for example, a message in a bottle as Ferdinand following the shipwreck in The Tempest."
bottle,1,"{""2025"": 1}",1,"They were split into target and control groups and asked to write, for example, a message in a bottle as Ferdinand following the shipwreck in The Tempest."
shipwreck,1,"{""2025"": 1}",1,"They were split into target and control groups and asked to write, for example, a message in a bottle as Ferdinand following the shipwreck in The Tempest."
tempest,1,"{""2025"": 1}",1,"They were split into target and control groups and asked to write, for example, a message in a bottle as Ferdinand following the shipwreck in The Tempest."
minute,1,"{""2025"": 1}",1,The target group were given a 30-minute drama-based activity to accompany the passage.
drama-based,1,"{""2025"": 1}",1,The target group were given a 30-minute drama-based activity to accompany the passage.
accompany,1,"{""2025"": 1}",1,The target group were given a 30-minute drama-based activity to accompany the passage.
peer-reviewed,1,"{""2025"": 1}",1,"The peer-reviewed results showed that the target group of pupils drew on a wider vocabulary, used words classed as more sophisticated or rarer, and wrote at greater length."
classed,1,"{""2025"": 1}",1,"The peer-reviewed results showed that the target group of pupils drew on a wider vocabulary, used words classed as more sophisticated or rarer, and wrote at greater length."
rarer,1,"{""2025"": 1}",1,"The peer-reviewed results showed that the target group of pupils drew on a wider vocabulary, used words classed as more sophisticated or rarer, and wrote at greater length."
shipwrecked,1,"{""2025"": 1}",0,
character,1,"{""2025"": 1}",0,
character's,1,"{""2025"": 1}",0,
palm,1,"{""2025"": 1}",0,
expansive,1,"{""2025"": 1}",0,
sky,1,"{""2025"": 1}",0,
atmospheric,1,"{""2025"": 1}",0,
describing,1,"{""2025"": 1}",1,They were comfortable in describing different emotional states and part of what you do in drama is put yourself in different shoes.
embedding,1,"{""2025"": 1}",1,"The study showed the importance of embedding arts in education, she said."
replicated,1,"{""2025"": 1}",1,But could the results be replicated with any old dramatist?
dramatist,1,"{""2025"": 1}",1,But could the results be replicated with any old dramatist?
shakespeare's,1,"{""2025"": 1}",0,
performances,1,"{""2025"": 1}",0,
instruction,1,"{""2025"": 1}",0,
enhances,1,"{""2025"": 1}",0,
fluency,1,"{""2025"": 1}",0,
affects,1,"{""2025"": 1}",0,
stimulates,1,"{""2025"": 1}",0,
reliance,1,"{""2025"": 1}",0,
weakness,1,"{""2025"": 1}",0,
description,1,"{""2025"": 1}",0,
omission,1,"{""2025"": 1}",0,
details,1,"{""2025"": 1}",0,
preference,1,"{""2025"": 1}",0,
manner,1,"{""2025"": 1}",1,Writing in an imaginative manner.
drawing,1,"{""2025"": 1}",1,Drawing inspiration from nature.
concentrating,1,"{""2025"": 1}",1,Concentrating on real-life situations.
real-life,1,"{""2025"": 1}",1,Concentrating on real-life situations.
shocked,1,"{""2025"": 1}",1,I was shocked to learn recently that some scientists want to scale back their research in an effort to decrease carbon emissions.
unarguable,1,"{""2025"": 1}",0,
instruments,1,"{""2025"": 1}",0,
rockets,1,"{""2025"": 1}",0,
satellites,1,"{""2025"": 1}",0,
pulse,1,"{""2025"": 1}",0,
science's,1,"{""2025"": 1}",0,
unrelenting,1,"{""2025"": 1}",0,
appetite,1,"{""2025"": 1}",0,
mushrooming,1,"{""2025"": 1}",0,
consume,1,"{""2025"": 1}",0,
makers,1,"{""2025"": 1}",0,
ultimately,1,"{""2025"": 1}",1,The carbon emissions from technological research are well spent: ultimately this research will safeguard the future of our planet.
safeguard,1,"{""2025"": 1}",1,The carbon emissions from technological research are well spent: ultimately this research will safeguard the future of our planet.
lend,1,"{""2025"": 1}",1,"It can be hard for scientists to make the case because our work is complex, often takes place behind closed doors and does not always lend itself to easy interpretation or explanation."
interpretation,1,"{""2025"": 1}",1,"It can be hard for scientists to make the case because our work is complex, often takes place behind closed doors and does not always lend itself to easy interpretation or explanation."
demonstrating,1,"{""2025"": 1}",0,
efficacy,1,"{""2025"": 1}",0,
greatest,1,"{""2025"": 1}",0,
paralysed,1,"{""2025"": 1}",1,It is all too easy to feel paralysed in the face of daunting problems such as climate change and to do nothing.
daunting,1,"{""2025"": 1}",1,It is all too easy to feel paralysed in the face of daunting problems such as climate change and to do nothing.
friend's,1,"{""2025"": 1}",0,
fears,1,"{""2025"": 1}",0,
wind,1,"{""2025"": 1}",0,
engineer,1,"{""2025"": 1}",0,
thrives,1,"{""2025"": 1}",0,
recognising,1,"{""2025"": 1}",1,"Recognising the hope that science and engineering can bring was the impetus behind the creation of the Millennium Technology Prize, which is now entering its 20th year as a celebration of human ingenuity."
engineering,1,"{""2025"": 1}",1,"Recognising the hope that science and engineering can bring was the impetus behind the creation of the Millennium Technology Prize, which is now entering its 20th year as a celebration of human ingenuity."
impetus,1,"{""2025"": 1}",1,"Recognising the hope that science and engineering can bring was the impetus behind the creation of the Millennium Technology Prize, which is now entering its 20th year as a celebration of human ingenuity."
millennium,1,"{""2025"": 1}",1,"Recognising the hope that science and engineering can bring was the impetus behind the creation of the Millennium Technology Prize, which is now entering its 20th year as a celebration of human ingenuity."
entering,1,"{""2025"": 1}",1,"Recognising the hope that science and engineering can bring was the impetus behind the creation of the Millennium Technology Prize, which is now entering its 20th year as a celebration of human ingenuity."
celebration,1,"{""2025"": 1}",1,"Recognising the hope that science and engineering can bring was the impetus behind the creation of the Millennium Technology Prize, which is now entering its 20th year as a celebration of human ingenuity."
wales,1,"{""2025"": 1}",0,
inventor,1,"{""2025"": 1}",0,
passivated,1,"{""2025"": 1}",0,
emitter,1,"{""2025"": 1}",0,
rear,1,"{""2025"": 1}",0,
cell,1,"{""2025"": 1}",0,
technologists,1,"{""2025"": 1}",1,"Every day, scientists, technologists and engineers are discovering new ways to exploit renewable energy sources and develop techniques not just to use power more intelligently but to power our intelligence."
engineers,1,"{""2025"": 1}",1,"Every day, scientists, technologists and engineers are discovering new ways to exploit renewable energy sources and develop techniques not just to use power more intelligently but to power our intelligence."
exploit,1,"{""2025"": 1}",1,"Every day, scientists, technologists and engineers are discovering new ways to exploit renewable energy sources and develop techniques not just to use power more intelligently but to power our intelligence."
intelligently,1,"{""2025"": 1}",1,"Every day, scientists, technologists and engineers are discovering new ways to exploit renewable energy sources and develop techniques not just to use power more intelligently but to power our intelligence."
europe's,1,"{""2025"": 1}",0,
largest,1,"{""2025"": 1}",0,
supercomputer,1,"{""2025"": 1}",0,
finland,1,"{""2025"": 1}",0,
astonishingly,1,"{""2025"": 1}",0,
carbon-negative,1,"{""2025"": 1}",0,
mill,1,"{""2025"": 1}",1,"Established in an old paper mill, it is powered by a nearby river and its remote heat warms the people who live in the surrounding town of Kajaani."
powered,1,"{""2025"": 1}",1,"Established in an old paper mill, it is powered by a nearby river and its remote heat warms the people who live in the surrounding town of Kajaani."
remote,1,"{""2025"": 1}",1,"Established in an old paper mill, it is powered by a nearby river and its remote heat warms the people who live in the surrounding town of Kajaani."
warms,1,"{""2025"": 1}",1,"Established in an old paper mill, it is powered by a nearby river and its remote heat warms the people who live in the surrounding town of Kajaani."
surrounding,1,"{""2025"": 1}",1,"Established in an old paper mill, it is powered by a nearby river and its remote heat warms the people who live in the surrounding town of Kajaani."
kajaani,1,"{""2025"": 1}",1,"Established in an old paper mill, it is powered by a nearby river and its remote heat warms the people who live in the surrounding town of Kajaani."
computing,1,"{""2025"": 1}",1,"If the world is to meet its net-zero ambitions, we must think hard about how we can deliver sustainable computing and deliver more LUMIs."
lumis,1,"{""2025"": 1}",1,"If the world is to meet its net-zero ambitions, we must think hard about how we can deliver sustainable computing and deliver more LUMIs."
unwillingness,1,"{""2025"": 1}",0,
intention,1,"{""2025"": 1}",0,
grave,1,"{""2025"": 1}",0,
aroused,1,"{""2025"": 1}",0,
groundless,1,"{""2025"": 1}",0,
worries,1,"{""2025"": 1}",0,
justifiable,1,"{""2025"": 1}",0,
achievements,1,"{""2025"": 1}",0,
addressing,1,"{""2025"": 1}",0,
rewards,1,"{""2025"": 1}",0,
fostering,1,"{""2025"": 1}",0,
sustainability,1,"{""2025"": 1}",0,
triumph,1,"{""2025"": 1}",0,
shortage,1,"{""2025"": 1}",0,
owes,1,"{""2025"": 1}",0,
initiatives,1,"{""2025"": 1}",0,
emission-free,1,"{""2025"": 1}",1,Emission-free modelling demands extra funding.
supercomputers,1,"{""2025"": 1}",1,The need for supercomputers is difficult to meet.
inc,1,"{""2025"": 1}",1,"Ever since taking on Netflix Inc. at its own game, old Hollywood has struggled to turn a profit in streaming, with the likes of Disney+, Peacock and Paramount+ losing billions of dollars each year, sparking concerns that the services will never be as profitable as cable once was."
struggled,1,"{""2025"": 1}",1,"Ever since taking on Netflix Inc. at its own game, old Hollywood has struggled to turn a profit in streaming, with the likes of Disney+, Peacock and Paramount+ losing billions of dollars each year, sparking concerns that the services will never be as profitable as cable once was."
peacock,1,"{""2025"": 1}",1,"Ever since taking on Netflix Inc. at its own game, old Hollywood has struggled to turn a profit in streaming, with the likes of Disney+, Peacock and Paramount+ losing billions of dollars each year, sparking concerns that the services will never be as profitable as cable once was."
paramount,1,"{""2025"": 1}",1,"Ever since taking on Netflix Inc. at its own game, old Hollywood has struggled to turn a profit in streaming, with the likes of Disney+, Peacock and Paramount+ losing billions of dollars each year, sparking concerns that the services will never be as profitable as cable once was."
sparking,1,"{""2025"": 1}",1,"Ever since taking on Netflix Inc. at its own game, old Hollywood has struggled to turn a profit in streaming, with the likes of Disney+, Peacock and Paramount+ losing billions of dollars each year, sparking concerns that the services will never be as profitable as cable once was."
boon,1,"{""2025"": 1}",1,"But the age of streaming has been a boon for some unintended winners: pirates that use software to rip a film or television show in seconds from legitimate online video platforms and host the titles on their own, illegitimate services, which rake in about $2 billion annually from ads and subscriptions."
unintended,1,"{""2025"": 1}",1,"But the age of streaming has been a boon for some unintended winners: pirates that use software to rip a film or television show in seconds from legitimate online video platforms and host the titles on their own, illegitimate services, which rake in about $2 billion annually from ads and subscriptions."
rip,1,"{""2025"": 1}",1,"But the age of streaming has been a boon for some unintended winners: pirates that use software to rip a film or television show in seconds from legitimate online video platforms and host the titles on their own, illegitimate services, which rake in about $2 billion annually from ads and subscriptions."
seconds,1,"{""2025"": 1}",1,"But the age of streaming has been a boon for some unintended winners: pirates that use software to rip a film or television show in seconds from legitimate online video platforms and host the titles on their own, illegitimate services, which rake in about $2 billion annually from ads and subscriptions."
illegitimate,1,"{""2025"": 1}",1,"But the age of streaming has been a boon for some unintended winners: pirates that use software to rip a film or television show in seconds from legitimate online video platforms and host the titles on their own, illegitimate services, which rake in about $2 billion annually from ads and subscriptions."
rake,1,"{""2025"": 1}",1,"But the age of streaming has been a boon for some unintended winners: pirates that use software to rip a film or television show in seconds from legitimate online video platforms and host the titles on their own, illegitimate services, which rake in about $2 billion annually from ads and subscriptions."
ads,1,"{""2025"": 1}",1,"But the age of streaming has been a boon for some unintended winners: pirates that use software to rip a film or television show in seconds from legitimate online video platforms and host the titles on their own, illegitimate services, which rake in about $2 billion annually from ads and subscriptions."
motion,1,"{""2025"": 1}",0,
cropped,1,"{""2025"": 1}",0,
file,1,"{""2025"": 1}",1,"Initially the rise of legitimate online businesses such as Netflix actually helped curb digital piracy, which had largely been based on file uploads."
uploads,1,"{""2025"": 1}",1,"Initially the rise of legitimate online businesses such as Netflix actually helped curb digital piracy, which had largely been based on file uploads."
involving,1,"{""2025"": 1}",0,
estimates,1,"{""2025"": 1}",0,
commerce's,1,"{""2025"": 1}",0,
mom,1,"{""2025"": 1}",1,"The people who are stealing our movies and our television shows and operating piracy sites are not mom and pop operations, says Charlie Rivkin, chief executive officer of the MPA."
pop,1,"{""2025"": 1}",1,"The people who are stealing our movies and our television shows and operating piracy sites are not mom and pop operations, says Charlie Rivkin, chief executive officer of the MPA."
organized,1,"{""2025"": 1}",1,This is organized crime.
formed,1,"{""2025"": 1}",1,"In 2017 the association formed the Alliance for Creativity and Entertainment (ACE), an enforcement task force of about 100 detectives circling the globe to help local authorities arrest streaming pirates."
alliance,1,"{""2025"": 1}",1,"In 2017 the association formed the Alliance for Creativity and Entertainment (ACE), an enforcement task force of about 100 detectives circling the globe to help local authorities arrest streaming pirates."
detectives,1,"{""2025"": 1}",1,"In 2017 the association formed the Alliance for Creativity and Entertainment (ACE), an enforcement task force of about 100 detectives circling the globe to help local authorities arrest streaming pirates."
circling,1,"{""2025"": 1}",1,"In 2017 the association formed the Alliance for Creativity and Entertainment (ACE), an enforcement task force of about 100 detectives circling the globe to help local authorities arrest streaming pirates."
arrest,1,"{""2025"": 1}",1,"In 2017 the association formed the Alliance for Creativity and Entertainment (ACE), an enforcement task force of about 100 detectives circling the globe to help local authorities arrest streaming pirates."
mpa's,1,"{""2025"": 1}",0,
consulting,1,"{""2025"": 1}",1,Consulting firm Parks Associates predicts that legitimate US streaming services' cumulative loss from piracy since 2022 will reach $113 billion in the next two years.
associates,1,"{""2025"": 1}",1,Consulting firm Parks Associates predicts that legitimate US streaming services' cumulative loss from piracy since 2022 will reach $113 billion in the next two years.
predicts,1,"{""2025"": 1}",1,Consulting firm Parks Associates predicts that legitimate US streaming services' cumulative loss from piracy since 2022 will reach $113 billion in the next two years.
cumulative,1,"{""2025"": 1}",1,Consulting firm Parks Associates predicts that legitimate US streaming services' cumulative loss from piracy since 2022 will reach $113 billion in the next two years.
optimism,1,"{""2025"": 1}",1,"While there is some optimism that emerging countermeasures and best practices may see piracy begin to plateau by 2027, there is no consensus among stakeholders as to when it may begin to decline, says analyst Steve Hawley."
emerging,1,"{""2025"": 1}",1,"While there is some optimism that emerging countermeasures and best practices may see piracy begin to plateau by 2027, there is no consensus among stakeholders as to when it may begin to decline, says analyst Steve Hawley."
plateau,1,"{""2025"": 1}",1,"While there is some optimism that emerging countermeasures and best practices may see piracy begin to plateau by 2027, there is no consensus among stakeholders as to when it may begin to decline, says analyst Steve Hawley."
stakeholders,1,"{""2025"": 1}",1,"While there is some optimism that emerging countermeasures and best practices may see piracy begin to plateau by 2027, there is no consensus among stakeholders as to when it may begin to decline, says analyst Steve Hawley."
analyst,1,"{""2025"": 1}",1,"While there is some optimism that emerging countermeasures and best practices may see piracy begin to plateau by 2027, there is no consensus among stakeholders as to when it may begin to decline, says analyst Steve Hawley."
steve,1,"{""2025"": 1}",1,"While there is some optimism that emerging countermeasures and best practices may see piracy begin to plateau by 2027, there is no consensus among stakeholders as to when it may begin to decline, says analyst Steve Hawley."
lessons,1,"{""2025"": 1}",0,
advertisers,1,"{""2025"": 1}",0,
reaped,1,"{""2025"": 1}",0,
promised,1,"{""2025"": 1}",0,
file-uploading,1,"{""2025"": 1}",0,
protest,1,"{""2025"": 1}",0,
urged,1,"{""2025"": 1}",0,
checked,1,"{""2025"": 1}",0,
overwhelm,1,"{""2025"": 1}",0,
diminish,1,"{""2025"": 1}",0,
near,1,"{""2025"": 1}",0,
analysts,1,"{""2025"": 1}",0,
emphasized,1,"{""2025"": 1}",0,
coordinate,1,"{""2025"": 1}",1,The need to coordinate anti-piracy action.
anti-piracy,1,"{""2025"": 1}",1,The need to coordinate anti-piracy action.
criminal,1,"{""2025"": 1}",1,The criminal nature of copyright violation.
violation,1,"{""2025"": 1}",1,The criminal nature of copyright violation.
prospect,1,"{""2025"": 1}",1,The prospect of eliminating online piracy.
eliminating,1,"{""2025"": 1}",1,The prospect of eliminating online piracy.
store,1,"{""2025"": 1}",0,
you'll,1,"{""2025"": 1}",0,
brochure,1,"{""2025"": 1}",0,
detailing,1,"{""2025"": 1}",0,
sinclair,1,"{""2025"": 1}",0,
dinosaur,1,"{""2025"": 1}",0,
ephemera,1,"{""2025"": 1}",0,
truly,1,"{""2025"": 1}",0,
ephemeral,1,"{""2025"": 1}",0,
pondered,1,"{""2025"": 1}",1,"Have you pondered the life cycle of intangible formats, digital information, given that those who produce these artifacts seldom make provision for their long-term preservation?"
intangible,1,"{""2025"": 1}",1,"Have you pondered the life cycle of intangible formats, digital information, given that those who produce these artifacts seldom make provision for their long-term preservation?"
seldom,1,"{""2025"": 1}",1,"Have you pondered the life cycle of intangible formats, digital information, given that those who produce these artifacts seldom make provision for their long-term preservation?"
provision,1,"{""2025"": 1}",1,"Have you pondered the life cycle of intangible formats, digital information, given that those who produce these artifacts seldom make provision for their long-term preservation?"
medium,1,"{""2025"": 1}",1,The thing itself is the medium that delivers the information.
delivers,1,"{""2025"": 1}",1,The thing itself is the medium that delivers the information.
surviving,1,"{""2025"": 1}",1,"At the time of creation, no attempts were made at intentional preservation, yet analog materials have a chance of surviving and serving as the historical record that biographers, historians, and novelists rely on."
biographers,1,"{""2025"": 1}",1,"At the time of creation, no attempts were made at intentional preservation, yet analog materials have a chance of surviving and serving as the historical record that biographers, historians, and novelists rely on."
novelists,1,"{""2025"": 1}",1,"At the time of creation, no attempts were made at intentional preservation, yet analog materials have a chance of surviving and serving as the historical record that biographers, historians, and novelists rely on."
archives,1,"{""2025"": 1}",1,"Libraries and archives have traditionally shouldered the responsibility of organization, preservation, and access to information."
traditionally,1,"{""2025"": 1}",1,"Libraries and archives have traditionally shouldered the responsibility of organization, preservation, and access to information."
shouldered,1,"{""2025"": 1}",1,"Libraries and archives have traditionally shouldered the responsibility of organization, preservation, and access to information."
digitize,1,"{""2025"": 1}",1,"Thus, librarians digitize the tangible so that researchers the world over can quickly search and access their holdings."
holdings,1,"{""2025"": 1}",1,"Thus, librarians digitize the tangible so that researchers the world over can quickly search and access their holdings."
embarrassment,1,"{""2025"": 1}",1,"The result is an embarrassment of historical riches, which brings its own needle-and-haystack problems."
needle-and-haystack,1,"{""2025"": 1}",1,"The result is an embarrassment of historical riches, which brings its own needle-and-haystack problems."
selfless,1,"{""2025"": 1}",0,
devotion,1,"{""2025"": 1}",0,
cellphone,1,"{""2025"": 1}",0,
maintained,1,"{""2025"": 1}",1,"Yet how was that universality of access made possible and, perhaps more importantly, how is it maintained?"
curates,1,"{""2025"": 1}",1,Who curates what is preserved?
born-digital,1,"{""2025"": 1}",1,"When it comes to born-digital information, the terrifying answer can be: if not librarians and archivists, then no one."
terrifying,1,"{""2025"": 1}",1,"When it comes to born-digital information, the terrifying answer can be: if not librarians and archivists, then no one."
archivists,1,"{""2025"": 1}",1,"When it comes to born-digital information, the terrifying answer can be: if not librarians and archivists, then no one."
carrier,1,"{""2025"": 1}",0,
format,1,"{""2025"": 1}",1,"As technology advances and a format becomes obsolete, the object is useless."
stared,1,"{""2025"": 1}",1,"Have you ever stared helplessly at a ZIP disk, thinking: how do I get the files off this?"
helplessly,1,"{""2025"": 1}",1,"Have you ever stared helplessly at a ZIP disk, thinking: how do I get the files off this?"
migration,1,"{""2025"": 1}",1,"Without constant migration of digital assets, a nightmare about the foreseeable future is what keeps historians up at night: a historical record that abruptly stops when digital replace analog."
nightmare,1,"{""2025"": 1}",1,"Without constant migration of digital assets, a nightmare about the foreseeable future is what keeps historians up at night: a historical record that abruptly stops when digital replace analog."
foreseeable,1,"{""2025"": 1}",1,"Without constant migration of digital assets, a nightmare about the foreseeable future is what keeps historians up at night: a historical record that abruptly stops when digital replace analog."
keeps,1,"{""2025"": 1}",1,"Without constant migration of digital assets, a nightmare about the foreseeable future is what keeps historians up at night: a historical record that abruptly stops when digital replace analog."
abruptly,1,"{""2025"": 1}",1,"Without constant migration of digital assets, a nightmare about the foreseeable future is what keeps historians up at night: a historical record that abruptly stops when digital replace analog."
stops,1,"{""2025"": 1}",1,"Without constant migration of digital assets, a nightmare about the foreseeable future is what keeps historians up at night: a historical record that abruptly stops when digital replace analog."
librarian,1,"{""2025"": 1}",0,
terrors,1,"{""2025"": 1}",0,
lying,1,"{""2025"": 1}",0,
comprehensive,1,"{""2025"": 1}",0,
exists,1,"{""2025"": 1}",0,
comfort,1,"{""2025"": 1}",1,"Yet researchers can take some comfort in the fact that there are a multitude of librarians devoted to discovering, organizing, and preserving digital information for researchers current and future."
multitude,1,"{""2025"": 1}",1,"Yet researchers can take some comfort in the fact that there are a multitude of librarians devoted to discovering, organizing, and preserving digital information for researchers current and future."
organizing,1,"{""2025"": 1}",1,"Yet researchers can take some comfort in the fact that there are a multitude of librarians devoted to discovering, organizing, and preserving digital information for researchers current and future."
uniquely,1,"{""2025"": 1}",1,Librarians are uniquely positioned to understand how end users seek and use information.
positioned,1,"{""2025"": 1}",1,Librarians are uniquely positioned to understand how end users seek and use information.
accessibility,1,"{""2025"": 1}",0,
realm,1,"{""2025"": 1}",0,
ply,1,"{""2025"": 1}",0,
oversupply,1,"{""2025"": 1}",0,
undervaluation,1,"{""2025"": 1}",0,
underperformance,1,"{""2025"": 1}",0,
overreliance,1,"{""2025"": 1}",0,
retrieving,1,"{""2025"": 1}",0,
unusual,1,"{""2025"": 1}",0,
infeasibility,1,"{""2025"": 1}",0,
migrating,1,"{""2025"": 1}",0,
inconvenience,1,"{""2025"": 1}",0,
summarizes,1,"{""2025"": 1}",0,
accessing,1,"{""2025"": 1}",1,Accessing databases is essential to researchers.
databases,1,"{""2025"": 1}",1,Accessing databases is essential to researchers.
glanville,1,"{""2025"": 1}",1,His pictures of a Glanville fritillary rising from the sea-pinks beside the chalk cliffs of Compton Bay on the Isle of Wight are particularly glorious.
fritillary,1,"{""2025"": 1}",1,His pictures of a Glanville fritillary rising from the sea-pinks beside the chalk cliffs of Compton Bay on the Isle of Wight are particularly glorious.
sea-pinks,1,"{""2025"": 1}",1,His pictures of a Glanville fritillary rising from the sea-pinks beside the chalk cliffs of Compton Bay on the Isle of Wight are particularly glorious.
beside,1,"{""2025"": 1}",1,His pictures of a Glanville fritillary rising from the sea-pinks beside the chalk cliffs of Compton Bay on the Isle of Wight are particularly glorious.
chalk,1,"{""2025"": 1}",1,His pictures of a Glanville fritillary rising from the sea-pinks beside the chalk cliffs of Compton Bay on the Isle of Wight are particularly glorious.
cliffs,1,"{""2025"": 1}",1,His pictures of a Glanville fritillary rising from the sea-pinks beside the chalk cliffs of Compton Bay on the Isle of Wight are particularly glorious.
compton,1,"{""2025"": 1}",1,His pictures of a Glanville fritillary rising from the sea-pinks beside the chalk cliffs of Compton Bay on the Isle of Wight are particularly glorious.
isle,1,"{""2025"": 1}",1,His pictures of a Glanville fritillary rising from the sea-pinks beside the chalk cliffs of Compton Bay on the Isle of Wight are particularly glorious.
wight,1,"{""2025"": 1}",1,His pictures of a Glanville fritillary rising from the sea-pinks beside the chalk cliffs of Compton Bay on the Isle of Wight are particularly glorious.
glorious,1,"{""2025"": 1}",1,His pictures of a Glanville fritillary rising from the sea-pinks beside the chalk cliffs of Compton Bay on the Isle of Wight are particularly glorious.
wide-angle,1,"{""2025"": 1}",1,"These take-off shots are even more challenging because they require a wide-angle lens, which means he must be less than 2cm from the butterfly."
lens,1,"{""2025"": 1}",1,"These take-off shots are even more challenging because they require a wide-angle lens, which means he must be less than 2cm from the butterfly."
incredibly,1,"{""2025"": 1}",0,
skittish,1,"{""2025"": 1}",0,
sun-warmed,1,"{""2025"": 1}",0,
insect,1,"{""2025"": 1}",0,
photographers,1,"{""2025"": 1}",1,"Unlike some photographers, who cheat by keeping insects in a fridge to slow them down, Peters refuses to tamper with wild butterflies."
cheat,1,"{""2025"": 1}",1,"Unlike some photographers, who cheat by keeping insects in a fridge to slow them down, Peters refuses to tamper with wild butterflies."
fridge,1,"{""2025"": 1}",1,"Unlike some photographers, who cheat by keeping insects in a fridge to slow them down, Peters refuses to tamper with wild butterflies."
refuses,1,"{""2025"": 1}",1,"Unlike some photographers, who cheat by keeping insects in a fridge to slow them down, Peters refuses to tamper with wild butterflies."
tamper,1,"{""2025"": 1}",1,"Unlike some photographers, who cheat by keeping insects in a fridge to slow them down, Peters refuses to tamper with wild butterflies."
shot,1,"{""2025"": 1}",1,"Peters' signature shot is a butterfly take-off, showing the multiple wing-beats of one butterfly in one frame as it lifts off from a flower."
wing-beats,1,"{""2025"": 1}",1,"Peters' signature shot is a butterfly take-off, showing the multiple wing-beats of one butterfly in one frame as it lifts off from a flower."
lifts,1,"{""2025"": 1}",1,"Peters' signature shot is a butterfly take-off, showing the multiple wing-beats of one butterfly in one frame as it lifts off from a flower."
flower,1,"{""2025"": 1}",1,"Peters' signature shot is a butterfly take-off, showing the multiple wing-beats of one butterfly in one frame as it lifts off from a flower."
slr,1,"{""2025"": 1}",1,A typical digital SLR camera shoots 20 frames a second.
high-speed,1,"{""2025"": 1}",1,He uses a high-speed OM System which shoots 120 frames a second.
mainland,1,"{""2025"": 1}",1,"Britain has relatively few butterfly species compared with mainland Europe and 80% are in decline, mostly because intensive chemical farming has reduced many species to tiny fragments of habitat and small nature reserves."
farming,1,"{""2025"": 1}",1,"Britain has relatively few butterfly species compared with mainland Europe and 80% are in decline, mostly because intensive chemical farming has reduced many species to tiny fragments of habitat and small nature reserves."
fragments,1,"{""2025"": 1}",1,"Britain has relatively few butterfly species compared with mainland Europe and 80% are in decline, mostly because intensive chemical farming has reduced many species to tiny fragments of habitat and small nature reserves."
reserves,1,"{""2025"": 1}",1,"Britain has relatively few butterfly species compared with mainland Europe and 80% are in decline, mostly because intensive chemical farming has reduced many species to tiny fragments of habitat and small nature reserves."
heating,1,"{""2025"": 1}",0,
gardening,1,"{""2025"": 1}",0,
paving,1,"{""2025"": 1}",0,
gardens,1,"{""2025"": 1}",0,
pesticides,1,"{""2025"": 1}",0,
pollinate,1,"{""2025"": 1}",1,"Butterflies may not pollinate as many plants as wild bees and hoverflies, but because British butterflies are the best-studied group of insects in the world, they are an extremely useful indicator of the wider declines in flying insects."
hoverflies,1,"{""2025"": 1}",1,"Butterflies may not pollinate as many plants as wild bees and hoverflies, but because British butterflies are the best-studied group of insects in the world, they are an extremely useful indicator of the wider declines in flying insects."
best-studied,1,"{""2025"": 1}",1,"Butterflies may not pollinate as many plants as wild bees and hoverflies, but because British butterflies are the best-studied group of insects in the world, they are an extremely useful indicator of the wider declines in flying insects."
indicator,1,"{""2025"": 1}",1,"Butterflies may not pollinate as many plants as wild bees and hoverflies, but because British butterflies are the best-studied group of insects in the world, they are an extremely useful indicator of the wider declines in flying insects."
declines,1,"{""2025"": 1}",1,"Butterflies may not pollinate as many plants as wild bees and hoverflies, but because British butterflies are the best-studied group of insects in the world, they are an extremely useful indicator of the wider declines in flying insects."
flying,1,"{""2025"": 1}",1,"Butterflies may not pollinate as many plants as wild bees and hoverflies, but because British butterflies are the best-studied group of insects in the world, they are an extremely useful indicator of the wider declines in flying insects."
summer's,1,"{""2025"": 1}",0,
fusek,1,"{""2025"": 1}",0,
diagnosed,1,"{""2025"": 1}",0,
bowel,1,"{""2025"": 1}",0,
waiting,1,"{""2025"": 1}",1,"I was waiting for surgery, feeling really ill, sitting in my garden."
surgery,1,"{""2025"": 1}",1,"I was waiting for surgery, feeling really ill, sitting in my garden."
ill,1,"{""2025"": 1}",1,"I was waiting for surgery, feeling really ill, sitting in my garden."
sitting,1,"{""2025"": 1}",1,"I was waiting for surgery, feeling really ill, sitting in my garden."
garden,1,"{""2025"": 1}",1,"I was waiting for surgery, feeling really ill, sitting in my garden."
amazing,1,"{""2025"": 1}",1,"It was amazing weather and there were painted lady butterflies everywhere, he says."
symbol,1,"{""2025"": 1}",1,"They were a symbol of fragile life, of hope and defiance, and something appealed to my soul."
fragile,1,"{""2025"": 1}",1,"They were a symbol of fragile life, of hope and defiance, and something appealed to my soul."
defiance,1,"{""2025"": 1}",1,"They were a symbol of fragile life, of hope and defiance, and something appealed to my soul."
appealed,1,"{""2025"": 1}",1,"They were a symbol of fragile life, of hope and defiance, and something appealed to my soul."
soul,1,"{""2025"": 1}",1,"They were a symbol of fragile life, of hope and defiance, and something appealed to my soul."
insists,1,"{""2025"": 1}",1,"That makes it sound easy, and artificial, but Peters insists it is still a massive challenge."
sequence,1,"{""2025"": 1}",1,"He typically takes between 10,000 and 20,000 shots to get one butterfly take-off sequence in focus."
speeds,1,"{""2025"": 1}",1,"At such high shutter speeds, the depth of field is tiny, and as butterflies do not fly in a straight line they swiftly flutter out of focus."
depth,1,"{""2025"": 1}",1,"At such high shutter speeds, the depth of field is tiny, and as butterflies do not fly in a straight line they swiftly flutter out of focus."
straight,1,"{""2025"": 1}",1,"At such high shutter speeds, the depth of field is tiny, and as butterflies do not fly in a straight line they swiftly flutter out of focus."
flutter,1,"{""2025"": 1}",1,"At such high shutter speeds, the depth of field is tiny, and as butterflies do not fly in a straight line they swiftly flutter out of focus."
fieldcraft,1,"{""2025"": 1}",0,
anticipate,1,"{""2025"": 1}",0,
butterfly's,1,"{""2025"": 1}",0,
flight-line,1,"{""2025"": 1}",0,
sweaty,1,"{""2025"": 1}",0,
elusive,1,"{""2025"": 1}",0,
fast-moving,1,"{""2025"": 1}",0,
bloody,1,"{""2025"": 1}",1,"It just feels bloody brilliant, says Peters."
brilliant,1,"{""2025"": 1}",1,"It just feels bloody brilliant, says Peters."
full,1,"{""2025"": 1}",1,"If I've had a full day of good encounters with butterflies, met interesting butterfly people and I've got some good shots, that becomes a vault in my spiritual bank."
encounters,1,"{""2025"": 1}",1,"If I've had a full day of good encounters with butterflies, met interesting butterfly people and I've got some good shots, that becomes a vault in my spiritual bank."
met,1,"{""2025"": 1}",1,"If I've had a full day of good encounters with butterflies, met interesting butterfly people and I've got some good shots, that becomes a vault in my spiritual bank."
vault,1,"{""2025"": 1}",1,"If I've had a full day of good encounters with butterflies, met interesting butterfly people and I've got some good shots, that becomes a vault in my spiritual bank."
spiritual,1,"{""2025"": 1}",1,"If I've had a full day of good encounters with butterflies, met interesting butterfly people and I've got some good shots, that becomes a vault in my spiritual bank."
bank,1,"{""2025"": 1}",1,"If I've had a full day of good encounters with butterflies, met interesting butterfly people and I've got some good shots, that becomes a vault in my spiritual bank."
happy,1,"{""2025"": 1}",0,
amateur,1,"{""2025"": 1}",0,
watched,1,"{""2025"": 1}",0,
idly,1,"{""2025"": 1}",0,
wondered,1,"{""2025"": 1}",0,
obsession,1,"{""2025"": 1}",1,It swiftly became an obsession as he recovered from a successful operation to remove the cancer.
recovered,1,"{""2025"": 1}",1,It swiftly became an obsession as he recovered from a successful operation to remove the cancer.
breadth,1,"{""2025"": 1}",1,"In recent summers, he has travelled the length and breadth of Britain to photograph all 58 native species of butterfly."
fruits,1,"{""2025"": 1}",1,Now the fruits of those summers have been published in a beautiful new book.
half-presses,1,"{""2025"": 1}",1,"A butterfly takes off so quickly it is still impossible to react quickly enough to capture that take-off but if he half-presses the shutter, the camera saves the 70 previous frames before the moment he actually takes the picture."
saves,1,"{""2025"": 1}",1,"A butterfly takes off so quickly it is still impossible to react quickly enough to capture that take-off but if he half-presses the shutter, the camera saves the 70 previous frames before the moment he actually takes the picture."
miss,1,"{""2025"": 1}",0,
layers,1,"{""2025"": 1}",0,
photoshop,1,"{""2025"": 1}",0,
musician,1,"{""2025"": 1}",1,It was a musician who discovered the planet Uranus in the 18th century by making his own telescope with mirrors composed of copper and tin.
uranus,1,"{""2025"": 1}",1,It was a musician who discovered the planet Uranus in the 18th century by making his own telescope with mirrors composed of copper and tin.
telescope,1,"{""2025"": 1}",1,It was a musician who discovered the planet Uranus in the 18th century by making his own telescope with mirrors composed of copper and tin.
mirrors,1,"{""2025"": 1}",1,It was a musician who discovered the planet Uranus in the 18th century by making his own telescope with mirrors composed of copper and tin.
composed,1,"{""2025"": 1}",1,It was a musician who discovered the planet Uranus in the 18th century by making his own telescope with mirrors composed of copper and tin.
tin,1,"{""2025"": 1}",1,It was a musician who discovered the planet Uranus in the 18th century by making his own telescope with mirrors composed of copper and tin.
convention,1,"{""2025"": 1}",1,"Recent decades have seen science move into a convention where engagement in the subject can only be done through institutions, such as a university."
democratisation,1,"{""2025"": 1}",1,Citizen science provides an opportunity for greater public engagement and the democratisation of science.
teams,1,"{""2025"": 1}",1,"In the information era, large data sets, small teams and financial restrictions have slowed scientific process."
restrictions,1,"{""2025"": 1}",1,"In the information era, large data sets, small teams and financial restrictions have slowed scientific process."
utilising,1,"{""2025"": 1}",1,But by utilising the natural curiosity of the general public it is possible to overcome many of these challenges by engaging non-scientists directly in the research process.
overcome,1,"{""2025"": 1}",1,But by utilising the natural curiosity of the general public it is possible to overcome many of these challenges by engaging non-scientists directly in the research process.
engaging,1,"{""2025"": 1}",1,But by utilising the natural curiosity of the general public it is possible to overcome many of these challenges by engaging non-scientists directly in the research process.
non-scientists,1,"{""2025"": 1}",1,But by utilising the natural curiosity of the general public it is possible to overcome many of these challenges by engaging non-scientists directly in the research process.
nationality,1,"{""2025"": 1}",1,"Anyone can be a citizen scientist, regardless of age, nationality or academic experience."
inquisitive,1,"{""2025"": 1}",0,
outcome,1,"{""2025"": 1}",0,
sample,1,"{""2025"": 1}",1,"Scientists have employed a variety of ways to engage the general public in their research, such as making data analysis into an online game or sample collection into a smartphone application."
implored,1,"{""2025"": 1}",1,"They've implored citizens to help with bug counting and categorising cancer cells, and even identifying distant galaxies."
citizens,1,"{""2025"": 1}",1,"They've implored citizens to help with bug counting and categorising cancer cells, and even identifying distant galaxies."
bug,1,"{""2025"": 1}",1,"They've implored citizens to help with bug counting and categorising cancer cells, and even identifying distant galaxies."
counting,1,"{""2025"": 1}",1,"They've implored citizens to help with bug counting and categorising cancer cells, and even identifying distant galaxies."
categorising,1,"{""2025"": 1}",1,"They've implored citizens to help with bug counting and categorising cancer cells, and even identifying distant galaxies."
galaxies,1,"{""2025"": 1}",1,"They've implored citizens to help with bug counting and categorising cancer cells, and even identifying distant galaxies."
race,1,"{""2025"": 1}",1,This form of accessible science means that great minds are able to join the race to create and develop projects with the potential to change the world.
problem-solve,1,"{""2025"": 1}",1,"A citizen science-based approach can extend the field of vision and include different ideas and different brains to problem-solve and create, making innovation faster and more effective."
biotechnological,1,"{""2025"": 1}",1,These groups of people are part of a rapidly expanding biotechnological social movement of citizen scientists and professional scientists seeking to take discovery out of institutions and put it into the hands of anyone with the enthusiasm.
tel,1,"{""2025"": 1}",1,"There are around 40 official do-it-yourself biology centres across the globe in locations including Paris, London, Sydney, and Tel Aviv."
aviv,1,"{""2025"": 1}",1,"There are around 40 official do-it-yourself biology centres across the globe in locations including Paris, London, Sydney, and Tel Aviv."
solutions,1,"{""2025"": 1}",1,"They pool resources, collaborate, think outside the box, and find solutions and ways around obstacles to explore science for the sake of science without the traditional boundaries of working inside a formal setting."
petri,1,"{""2025"": 1}",1,So is it time to take the Petri dish out of the laboratory and into the garage?
dish,1,"{""2025"": 1}",1,So is it time to take the Petri dish out of the laboratory and into the garage?
garage,1,"{""2025"": 1}",1,So is it time to take the Petri dish out of the laboratory and into the garage?
classmate,1,"{""2025"": 1}",0,
excited,1,"{""2025"": 1}",0,
you'd,1,"{""2025"": 1}",0,
invite,1,"{""2025"": 1}",0,
craftsmen,1,"{""2025"": 1}",0,
innovative,1,"{""2025"": 1}",0,
craft-making,1,"{""2025"": 1}",0,
they'll,1,"{""2025"": 1}",0,
let,1,"{""2025"": 1}",0,
aspect,1,"{""2026"": 1}",1,考 研 英 语 一 · 英 语 一 真 题 · 2026 年 Advances in artificial intelligence (AI) are rapidly changing every aspect of human life.
buzzing,1,"{""2026"": 1}",0,
enrich,1,"{""2026"": 1}",0,
collaborative,1,"{""2026"": 1}",0,
endeavors,1,"{""2026"": 1}",0,
convenient,1,"{""2026"": 1}",0,
provocative,1,"{""2026"": 1}",0,
enables,1,"{""2026"": 1}",0,
virtual,1,"{""2026"": 1}",0,
try-on,1,"{""2026"": 1}",0,
virtually,1,"{""2026"": 1}",0,
hairstyles,1,"{""2026"": 1}",0,
clothing,1,"{""2026"": 1}",0,
cosmetic,1,"{""2026"": 1}",0,
facial,1,"{""2026"": 1}",0,
features,1,"{""2026"": 1}",0,
skin,1,"{""2026"": 1}",0,
personalized,1,"{""2026"": 1}",0,
recommendations,1,"{""2026"": 1}",0,
tailored,1,"{""2026"": 1}",0,
characteristics,1,"{""2026"": 1}",0,
vehicle,1,"{""2026"": 1}",0,
self-discovery,1,"{""2026"": 1}",0,
possibilities,1,"{""2026"": 1}",0,
raises,1,"{""2026"": 1}",0,
ethical,1,"{""2026"": 1}",0,
deepening,1,"{""2026"": 1}",0,
societal,1,"{""2026"": 1}",0,
perpetuating,1,"{""2026"": 1}",0,
unattainable,1,"{""2026"": 1}",0,
ai-powered,1,"{""2026"": 1}",0,
editing,1,"{""2026"": 1}",0,
distorted,1,"{""2026"": 1}",0,
self-perception,1,"{""2026"": 1}",0,
dissatisfaction,1,"{""2026"": 1}",0,
summarized,1,"{""2026"": 1}",0,
post,1,"{""2026"": 1}",0,
hidden,1,"{""2026"": 1}",0,
dangers,1,"{""2026"": 1}",0,
presentation,1,"{""2026"": 1}",0,
self-esteem,1,"{""2026"": 1}",0,
note,1,"{""2026"": 1}",0,
derive,1,"{""2026"": 1}",0,
afterward,1,"{""2026"": 1}",0,
narrating,1,"{""2026"": 1}",0,
ignoring,1,"{""2026"": 1}",0,
dominating,1,"{""2026"": 1}",0,
clue,1,"{""2026"": 1}",0,
balancing,1,"{""2026"": 1}",0,
distinguishing,1,"{""2026"": 1}",0,
combining,1,"{""2026"": 1}",0,
sentiments,1,"{""2026"": 1}",0,
upon,1,"{""2026"": 1}",0,
cherish,1,"{""2026"": 1}",0,
reserve,1,"{""2026"": 1}",0,
localized,1,"{""2026"": 1}",0,
normalized,1,"{""2026"": 1}",0,
randomized,1,"{""2026"": 1}",0,
customized,1,"{""2026"": 1}",0,
contrary,1,"{""2026"": 1}",0,
divisions,1,"{""2026"": 1}",0,
values,1,"{""2026"": 1}",0,
mysteries,1,"{""2026"": 1}",0,
understandings,1,"{""2026"": 1}",0,
approximately,1,"{""2026"": 1}",0,
additionally,1,"{""2026"": 1}",0,
checking,1,"{""2026"": 1}",0,
appreciation,1,"{""2026"": 1}",0,
seize,1,"{""2026"": 1}",0,
propelling,1,"{""2026"": 1}",0,
civilizations,1,"{""2026"": 1}",0,
forward,1,"{""2026"": 1}",0,
wheeled,1,"{""2026"": 1}",1,"They've helped pull wheeled vehicles, carry travelers and move goods across the world."
vehicles,1,"{""2026"": 1}",1,"They've helped pull wheeled vehicles, carry travelers and move goods across the world."
intertwined,1,"{""2026"": 1}",1,But where and when these animals first became intertwined with humans has been a mystery.
trace,1,"{""2026"": 1}",1,"Now, researchers have used genomes of over 200 donkeys to trace their domestication back to a single event around 7,000 years ago in East Africa — about 3,000 years before humans tamed horses."
samantha,1,"{""2026"": 1}",1,"Through their DNA, the animals are telling their history themselves, co-author Samantha Brooks, an equine researcher at the University of Florida, says in a statement."
equine,1,"{""2026"": 1}",1,"Through their DNA, the animals are telling their history themselves, co-author Samantha Brooks, an equine researcher at the University of Florida, says in a statement."
florida,1,"{""2026"": 1}",1,"Through their DNA, the animals are telling their history themselves, co-author Samantha Brooks, an equine researcher at the University of Florida, says in a statement."
human's,1,"{""2026"": 1}",0,
testimony,1,"{""2026"": 1}",1,"Looking at these DNA sequences, we get a biological testimony to the environment these animals lived in and the experiences they survived."
examined,1,"{""2026"": 1}",1,The researchers examined 207 genomes from modern donkeys living in 31 countries across the globe.
equids,1,"{""2026"": 1}",1,"They also looked at genomes from 15 wild equids and 31 earlier donkeys that lived between about 4,000 and 100 years ago."
reconstructed,1,"{""2026"": 1}",1,The team reconstructed the animals' evolutionary tree and used computer models to pinpoint the domestication event when herders in Kenya and the Horn of Africa tamed wild asses.
pinpoint,1,"{""2026"": 1}",1,The team reconstructed the animals' evolutionary tree and used computer models to pinpoint the domestication event when herders in Kenya and the Horn of Africa tamed wild asses.
kenya,1,"{""2026"": 1}",1,The team reconstructed the animals' evolutionary tree and used computer models to pinpoint the domestication event when herders in Kenya and the Horn of Africa tamed wild asses.
horn,1,"{""2026"": 1}",1,The team reconstructed the animals' evolutionary tree and used computer models to pinpoint the domestication event when herders in Kenya and the Horn of Africa tamed wild asses.
asses,1,"{""2026"": 1}",1,The team reconstructed the animals' evolutionary tree and used computer models to pinpoint the domestication event when herders in Kenya and the Horn of Africa tamed wild asses.
traced,1,"{""2026"": 1}",1,"They then traced how the animals spread across the rest of the continent into Europe and Asia about 2,500 years later."
unclear,1,"{""2026"": 1}",0,
freda,1,"{""2026"": 1}",0,
reports,1,"{""2026"": 1}",0,
coincided,1,"{""2026"": 1}",0,
drier,1,"{""2026"": 1}",0,
champions,1,"{""2026"": 1}",1,"Donkeys are champions when it comes to carrying stuff and are good at crossing deserts, co-author Ludovic Orlando, an evolutionary biologist at Paul Sabatier University in France, tells the publication."
stuff,1,"{""2026"": 1}",1,"Donkeys are champions when it comes to carrying stuff and are good at crossing deserts, co-author Ludovic Orlando, an evolutionary biologist at Paul Sabatier University in France, tells the publication."
crossing,1,"{""2026"": 1}",1,"Donkeys are champions when it comes to carrying stuff and are good at crossing deserts, co-author Ludovic Orlando, an evolutionary biologist at Paul Sabatier University in France, tells the publication."
deserts,1,"{""2026"": 1}",1,"Donkeys are champions when it comes to carrying stuff and are good at crossing deserts, co-author Ludovic Orlando, an evolutionary biologist at Paul Sabatier University in France, tells the publication."
ludovic,1,"{""2026"": 1}",1,"Donkeys are champions when it comes to carrying stuff and are good at crossing deserts, co-author Ludovic Orlando, an evolutionary biologist at Paul Sabatier University in France, tells the publication."
biologist,1,"{""2026"": 1}",1,"Donkeys are champions when it comes to carrying stuff and are good at crossing deserts, co-author Ludovic Orlando, an evolutionary biologist at Paul Sabatier University in France, tells the publication."
sabatier,1,"{""2026"": 1}",1,"Donkeys are champions when it comes to carrying stuff and are good at crossing deserts, co-author Ludovic Orlando, an evolutionary biologist at Paul Sabatier University in France, tells the publication."
tells,1,"{""2026"": 1}",1,"Donkeys are champions when it comes to carrying stuff and are good at crossing deserts, co-author Ludovic Orlando, an evolutionary biologist at Paul Sabatier University in France, tells the publication."
prehistoric,1,"{""2026"": 1}",1,Prehistoric humans may have tamed donkeys to help navigate the expanding Sahara.
navigate,1,"{""2026"": 1}",1,Prehistoric humans may have tamed donkeys to help navigate the expanding Sahara.
spotlight,1,"{""2026"": 1}",1,Researchers say these findings could help put donkeys in the spotlight.
equator,1,"{""2026"": 1}",1,"The animals could benefit from more research: Currently, there are no published genomes from donkeys located south of the Equator in Africa."
domesticated,1,"{""2026"": 1}",1,But understanding where the animals were first domesticated could guide archaeologists to a narrow region to search for insights about the original tamed donkeys.
guide,1,"{""2026"": 1}",1,But understanding where the animals were first domesticated could guide archaeologists to a narrow region to search for insights about the original tamed donkeys.
insights,1,"{""2026"": 1}",1,But understanding where the animals were first domesticated could guide archaeologists to a narrow region to search for insights about the original tamed donkeys.
equines,1,"{""2026"": 1}",0,
contribution,1,"{""2026"": 1}",0,
alters,1,"{""2026"": 1}",0,
seemed,1,"{""2026"": 1}",0,
mysterious,1,"{""2026"": 1}",0,
underwent,1,"{""2026"": 1}",0,
vividly,1,"{""2026"": 1}",0,
portrayed,1,"{""2026"": 1}",0,
conveyed,1,"{""2026"": 1}",0,
earliest,1,"{""2026"": 1}",0,
hardly,1,"{""2026"": 1}",0,
traceable,1,"{""2026"": 1}",0,
clues,1,"{""2026"": 1}",0,
donkey,1,"{""2026"": 1}",0,
insight,1,"{""2026"": 1}",0,
sounds,1,"{""2026"": 1}",1,"If that sounds melodramatic, consider this: The Art Directors Guild, a labor union representing about 3,000 film workers, has suspended a training program and issued a statement explaining that we cannot in good conscience encourage you to pursue our profession."
melodramatic,1,"{""2026"": 1}",1,"If that sounds melodramatic, consider this: The Art Directors Guild, a labor union representing about 3,000 film workers, has suspended a training program and issued a statement explaining that we cannot in good conscience encourage you to pursue our profession."
guild,1,"{""2026"": 1}",1,"If that sounds melodramatic, consider this: The Art Directors Guild, a labor union representing about 3,000 film workers, has suspended a training program and issued a statement explaining that we cannot in good conscience encourage you to pursue our profession."
explaining,1,"{""2026"": 1}",1,"If that sounds melodramatic, consider this: The Art Directors Guild, a labor union representing about 3,000 film workers, has suspended a training program and issued a statement explaining that we cannot in good conscience encourage you to pursue our profession."
conscience,1,"{""2026"": 1}",1,"If that sounds melodramatic, consider this: The Art Directors Guild, a labor union representing about 3,000 film workers, has suspended a training program and issued a statement explaining that we cannot in good conscience encourage you to pursue our profession."
encourage,1,"{""2026"": 1}",1,"If that sounds melodramatic, consider this: The Art Directors Guild, a labor union representing about 3,000 film workers, has suspended a training program and issued a statement explaining that we cannot in good conscience encourage you to pursue our profession."
profession,1,"{""2026"": 1}",1,"If that sounds melodramatic, consider this: The Art Directors Guild, a labor union representing about 3,000 film workers, has suspended a training program and issued a statement explaining that we cannot in good conscience encourage you to pursue our profession."
hollywood's,1,"{""2026"": 1}",0,
reaching,1,"{""2026"": 1}",0,
slipping,1,"{""2026"": 1}",0,
canada,1,"{""2026"": 1}",1,"Other regions in the United States, Canada and Europe have steadily increased incentives to attract TV shows and movies, leaving California in the dust."
dust,1,"{""2026"": 1}",1,"Other regions in the United States, Canada and Europe have steadily increased incentives to attract TV shows and movies, leaving California in the dust."
transferable,1,"{""2026"": 1}",1,"Georgia offers up to 30% in transferable tax credits on film and TV production costs, plus an additional 10% increase on the base tax credit if the project includes a Georgia promotional logo."
credits,1,"{""2026"": 1}",1,"Georgia offers up to 30% in transferable tax credits on film and TV production costs, plus an additional 10% increase on the base tax credit if the project includes a Georgia promotional logo."
plus,1,"{""2026"": 1}",1,"Georgia offers up to 30% in transferable tax credits on film and TV production costs, plus an additional 10% increase on the base tax credit if the project includes a Georgia promotional logo."
promotional,1,"{""2026"": 1}",1,"Georgia offers up to 30% in transferable tax credits on film and TV production costs, plus an additional 10% increase on the base tax credit if the project includes a Georgia promotional logo."
logo,1,"{""2026"": 1}",1,"Georgia offers up to 30% in transferable tax credits on film and TV production costs, plus an additional 10% increase on the base tax credit if the project includes a Georgia promotional logo."
plenty,1,"{""2026"": 1}",1,"Even as California lost a huge volume of production to other locations, there was still plenty of film production taking place in Los Angeles before this year."
afloat,1,"{""2026"": 1}",1,"We were kept afloat by peak TV, the glut of content that was required by the explosion of streaming services."
glut,1,"{""2026"": 1}",1,"We were kept afloat by peak TV, the glut of content that was required by the explosion of streaming services."
hemorrhaged,1,"{""2026"": 1}",1,"Back then platforms such as Netflix, Amazon and Apple TV hemorrhaged billions of dollars to generate content to attract new subscribers, resulting in 633 scripted series being released that year."
scripted,1,"{""2026"": 1}",1,"Back then platforms such as Netflix, Amazon and Apple TV hemorrhaged billions of dollars to generate content to attract new subscribers, resulting in 633 scripted series being released that year."
emphasis,1,"{""2026"": 1}",0,
subscriber,1,"{""2026"": 1}",0,
profitability,1,"{""2026"": 1}",0,
industry's,1,"{""2026"": 1}",0,
drift,1,"{""2026"": 1}",0,
persuading,1,"{""2026"": 1}",0,
on-screen,1,"{""2026"": 1}",0,
dispersed,1,"{""2026"": 1}",0,
behavioral,1,"{""2026"": 1}",0,
traits,1,"{""2026"": 1}",0,
adapted,1,"{""2026"": 1}",0,
calls,1,"{""2026"": 1}",0,
recovering,1,"{""2026"": 1}",0,
counterpart,1,"{""2026"": 1}",0,
dramatically,1,"{""2026"": 1}",1,These agencies and other government bodies should dramatically improve incentives to keep our current shows and attract new productions to Los Angeles.
let's,1,"{""2026"": 1}",0,
isolation,1,"{""2026"": 1}",1,"Sir John Reith said that it would end isolation of the spirit and rejoiced: It does not matter how many thousands may be listening, there is always enough for others... the genius and the fool, the wealthy and the poor listen simultaneously."
rejoiced,1,"{""2026"": 1}",1,"Sir John Reith said that it would end isolation of the spirit and rejoiced: It does not matter how many thousands may be listening, there is always enough for others... the genius and the fool, the wealthy and the poor listen simultaneously."
genius,1,"{""2026"": 1}",1,"Sir John Reith said that it would end isolation of the spirit and rejoiced: It does not matter how many thousands may be listening, there is always enough for others... the genius and the fool, the wealthy and the poor listen simultaneously."
fool,1,"{""2026"": 1}",1,"Sir John Reith said that it would end isolation of the spirit and rejoiced: It does not matter how many thousands may be listening, there is always enough for others... the genius and the fool, the wealthy and the poor listen simultaneously."
wealthy,1,"{""2026"": 1}",1,"Sir John Reith said that it would end isolation of the spirit and rejoiced: It does not matter how many thousands may be listening, there is always enough for others... the genius and the fool, the wealthy and the poor listen simultaneously."
listen,1,"{""2026"": 1}",1,"Sir John Reith said that it would end isolation of the spirit and rejoiced: It does not matter how many thousands may be listening, there is always enough for others... the genius and the fool, the wealthy and the poor listen simultaneously."
curated,1,"{""2026"": 1}",1,"Opening this week, a book and exhibition curated by Beatty Rubens at the Bodleian in Oxford records how radio changed everyday life from 1922 to 1939."
beatty,1,"{""2026"": 1}",1,"Opening this week, a book and exhibition curated by Beatty Rubens at the Bodleian in Oxford records how radio changed everyday life from 1922 to 1939."
rubens,1,"{""2026"": 1}",1,"Opening this week, a book and exhibition curated by Beatty Rubens at the Bodleian in Oxford records how radio changed everyday life from 1922 to 1939."
diaries,1,"{""2026"": 1}",1,"She draws on letters, diaries and fiction, and a 1939 field notebook of verbatim audience research by Winifred Gill."
notebook,1,"{""2026"": 1}",1,"She draws on letters, diaries and fiction, and a 1939 field notebook of verbatim audience research by Winifred Gill."
verbatim,1,"{""2026"": 1}",1,"She draws on letters, diaries and fiction, and a 1939 field notebook of verbatim audience research by Winifred Gill."
winifred,1,"{""2026"": 1}",1,"She draws on letters, diaries and fiction, and a 1939 field notebook of verbatim audience research by Winifred Gill."
gill,1,"{""2026"": 1}",1,"She draws on letters, diaries and fiction, and a 1939 field notebook of verbatim audience research by Winifred Gill."
guild's,1,"{""2026"": 1}",0,
nostalgia,1,"{""2026"": 1}",0,
gloomy,1,"{""2026"": 1}",0,
lure,1,"{""2026"": 1}",0,
stimulate,1,"{""2026"": 1}",0,
technical,1,"{""2026"": 1}",0,
strategic,1,"{""2026"": 1}",0,
priorities,1,"{""2026"": 1}",0,
wary,1,"{""2026"": 1}",0,
unhappy,1,"{""2026"": 1}",0,
california's,1,"{""2026"": 1}",0,
drain,1,"{""2026"": 1}",0,
dramatic,1,"{""2026"": 1}",0,
concludes,1,"{""2026"": 1}",0,
emphasizing,1,"{""2026"": 1}",0,
strive,1,"{""2026"": 1}",0,
standard,1,"{""2026"": 1}",0,
testimonies,1,"{""2026"": 1}",0,
enjoying,1,"{""2026"": 1}",0,
newness,1,"{""2026"": 1}",0,
cartoon,1,"{""2026"": 1}",1,A cartoon mocks a group failing to converse because they're all in headphones.
mocks,1,"{""2026"": 1}",1,A cartoon mocks a group failing to converse because they're all in headphones.
failing,1,"{""2026"": 1}",1,A cartoon mocks a group failing to converse because they're all in headphones.
converse,1,"{""2026"": 1}",1,A cartoon mocks a group failing to converse because they're all in headphones.
broadcast,1,"{""2026"": 1}",1,People report that broadcast music made workmen whistle new tunes.
workmen,1,"{""2026"": 1}",1,People report that broadcast music made workmen whistle new tunes.
whistle,1,"{""2026"": 1}",1,People report that broadcast music made workmen whistle new tunes.
woman,1,"{""2026"": 1}",1,A woman says there have been fewer street fights since the arrival of the wireless but also less stopping and talking on the brush handle.
arrival,1,"{""2026"": 1}",1,A woman says there have been fewer street fights since the arrival of the wireless but also less stopping and talking on the brush handle.
loved,1,"{""2026"": 1}",0,
thirties,1,"{""2026"": 1}",0,
interested,1,"{""2026"": 1}",0,
ice,1,"{""2026"": 1}",0,
hockey,1,"{""2026"": 1}",0,
pre-digital,1,"{""2026"": 1}",1,"True: for more than 80 pre-digital years, linear speech broadcasting brought the gift of serendipity, random enlivening of a car journey or dull manual task."
linear,1,"{""2026"": 1}",1,"True: for more than 80 pre-digital years, linear speech broadcasting brought the gift of serendipity, random enlivening of a car journey or dull manual task."
speech,1,"{""2026"": 1}",1,"True: for more than 80 pre-digital years, linear speech broadcasting brought the gift of serendipity, random enlivening of a car journey or dull manual task."
enlivening,1,"{""2026"": 1}",1,"True: for more than 80 pre-digital years, linear speech broadcasting brought the gift of serendipity, random enlivening of a car journey or dull manual task."
manual,1,"{""2026"": 1}",1,"True: for more than 80 pre-digital years, linear speech broadcasting brought the gift of serendipity, random enlivening of a car journey or dull manual task."
startlingly,1,"{""2026"": 1}",1,"In my own book about radio I recorded how, on one drive: I caught up with the news, learnt some 17th-century history, and was startlingly educated by an unpretentious programme on the history of the stethoscope."
unpretentious,1,"{""2026"": 1}",1,"In my own book about radio I recorded how, on one drive: I caught up with the news, learnt some 17th-century history, and was startlingly educated by an unpretentious programme on the history of the stethoscope."
programme,1,"{""2026"": 1}",1,"In my own book about radio I recorded how, on one drive: I caught up with the news, learnt some 17th-century history, and was startlingly educated by an unpretentious programme on the history of the stethoscope."
stethoscope,1,"{""2026"": 1}",1,"In my own book about radio I recorded how, on one drive: I caught up with the news, learnt some 17th-century history, and was startlingly educated by an unpretentious programme on the history of the stethoscope."
radio's,1,"{""2026"": 1}",0,
enriching,1,"{""2026"": 1}",0,
ebbing,1,"{""2026"": 1}",0,
podcasts,1,"{""2026"": 1}",1,"With multiple networks and countless podcasts, a smartphone user selects what to hear and when."
wonderful,1,"{""2026"": 1}",1,"And while it is wonderful to take a walk with anything in your headphones, infinite choice encourages us to shrink into niche interests and sympathetic beliefs."
infinite,1,"{""2026"": 1}",1,"And while it is wonderful to take a walk with anything in your headphones, infinite choice encourages us to shrink into niche interests and sympathetic beliefs."
encourages,1,"{""2026"": 1}",1,"And while it is wonderful to take a walk with anything in your headphones, infinite choice encourages us to shrink into niche interests and sympathetic beliefs."
sympathetic,1,"{""2026"": 1}",1,"And while it is wonderful to take a walk with anything in your headphones, infinite choice encourages us to shrink into niche interests and sympathetic beliefs."
hundred,1,"{""2026"": 1}",1,"A hundred years on from Marconi and Reith, is the art of mere listening endangered?"
marconi,1,"{""2026"": 1}",1,"A hundred years on from Marconi and Reith, is the art of mere listening endangered?"
mere,1,"{""2026"": 1}",1,"A hundred years on from Marconi and Reith, is the art of mere listening endangered?"
audiobook,1,"{""2026"": 1}",1,"Some will say the audiobook boom revives it, though I suppose you can then worry about the decline of reading."
boom,1,"{""2026"": 1}",1,"Some will say the audiobook boom revives it, though I suppose you can then worry about the decline of reading."
revives,1,"{""2026"": 1}",1,"Some will say the audiobook boom revives it, though I suppose you can then worry about the decline of reading."
suppose,1,"{""2026"": 1}",1,"Some will say the audiobook boom revives it, though I suppose you can then worry about the decline of reading."
shape,1,"{""2026"": 1}",1,"But inventions shape all of us and it is worth noticing when techno-social habits do change, and asking whether to control them a bit or shield the youngest."
noticing,1,"{""2026"": 1}",1,"But inventions shape all of us and it is worth noticing when techno-social habits do change, and asking whether to control them a bit or shield the youngest."
techno-social,1,"{""2026"": 1}",1,"But inventions shape all of us and it is worth noticing when techno-social habits do change, and asking whether to control them a bit or shield the youngest."
asking,1,"{""2026"": 1}",1,"But inventions shape all of us and it is worth noticing when techno-social habits do change, and asking whether to control them a bit or shield the youngest."
shield,1,"{""2026"": 1}",1,"But inventions shape all of us and it is worth noticing when techno-social habits do change, and asking whether to control them a bit or shield the youngest."
youngest,1,"{""2026"": 1}",1,"But inventions shape all of us and it is worth noticing when techno-social habits do change, and asking whether to control them a bit or shield the youngest."
fret,1,"{""2026"": 1}",1,"Today we fret about the isolating culture of smartphone-staring and selfie-vanity, but already in 1939 there was that lady regretting how, when all her street got wirelesses, it lost the neighbourly habit of talking on the brush handle."
smartphone-staring,1,"{""2026"": 1}",1,"Today we fret about the isolating culture of smartphone-staring and selfie-vanity, but already in 1939 there was that lady regretting how, when all her street got wirelesses, it lost the neighbourly habit of talking on the brush handle."
selfie-vanity,1,"{""2026"": 1}",1,"Today we fret about the isolating culture of smartphone-staring and selfie-vanity, but already in 1939 there was that lady regretting how, when all her street got wirelesses, it lost the neighbourly habit of talking on the brush handle."
regretting,1,"{""2026"": 1}",1,"Today we fret about the isolating culture of smartphone-staring and selfie-vanity, but already in 1939 there was that lady regretting how, when all her street got wirelesses, it lost the neighbourly habit of talking on the brush handle."
wirelesses,1,"{""2026"": 1}",1,"Today we fret about the isolating culture of smartphone-staring and selfie-vanity, but already in 1939 there was that lady regretting how, when all her street got wirelesses, it lost the neighbourly habit of talking on the brush handle."
neighbourly,1,"{""2026"": 1}",1,"Today we fret about the isolating culture of smartphone-staring and selfie-vanity, but already in 1939 there was that lady regretting how, when all her street got wirelesses, it lost the neighbourly habit of talking on the brush handle."
habit,1,"{""2026"": 1}",1,"Today we fret about the isolating culture of smartphone-staring and selfie-vanity, but already in 1939 there was that lady regretting how, when all her street got wirelesses, it lost the neighbourly habit of talking on the brush handle."
yard,1,"{""2026"": 1}",0,
broom,1,"{""2026"": 1}",0,
theme,1,"{""2026"": 1}",0,
eminent,1,"{""2026"": 1}",0,
charm,1,"{""2026"": 1}",0,
listeners,1,"{""2026"": 1}",0,
unexpected,1,"{""2026"": 1}",0,
gains,1,"{""2026"": 1}",0,
tom,1,"{""2026"": 1}",0,
mandate,1,"{""2026"": 1}",0,
graduate,1,"{""2026"": 1}",0,
arizona's,1,"{""2026"": 1}",0,
repeated,1,"{""2026"": 1}",0,
dating,1,"{""2026"": 1}",0,
arrived,1,"{""2026"": 1}",0,
bore,1,"{""2026"": 1}",1,Some of the trees he analyzed bore more than 20 fire scars among their rings.
scars,1,"{""2026"": 1}",1,Some of the trees he analyzed bore more than 20 fire scars among their rings.
rings,1,"{""2026"": 1}",1,Some of the trees he analyzed bore more than 20 fire scars among their rings.
kill,1,"{""2026"": 1}",0,
frequent,1,"{""2026"": 1}",1,"Instead, a growing body of research showed that frequent, low-severity fires made many ecosystems healthier."
healthier,1,"{""2026"": 1}",1,"Instead, a growing body of research showed that frequent, low-severity fires made many ecosystems healthier."
rid,1,"{""2026"": 1}",1,"They rid the forest of dead and sick trees, reducing competition and curbing the spread of disease."
sick,1,"{""2026"": 1}",1,"They rid the forest of dead and sick trees, reducing competition and curbing the spread of disease."
curbing,1,"{""2026"": 1}",1,"They rid the forest of dead and sick trees, reducing competition and curbing the spread of disease."
disease,1,"{""2026"": 1}",1,"They rid the forest of dead and sick trees, reducing competition and curbing the spread of disease."
flammable,1,"{""2026"": 1}",0,
tended,1,"{""2026"": 1}",0,
peter,1,"{""2026"": 1}",0,
footprints,1,"{""2026"": 1}",0,
teamed,1,"{""2026"": 1}",1,"In 2022, Swetnam and other scientists teamed up to compile a database of fire-scarred trees from across the continent."
compile,1,"{""2026"": 1}",1,"In 2022, Swetnam and other scientists teamed up to compile a database of fire-scarred trees from across the continent."
fire-scarred,1,"{""2026"": 1}",1,"In 2022, Swetnam and other scientists teamed up to compile a database of fire-scarred trees from across the continent."
fire-scar,1,"{""2026"": 1}",1,Their North American tree-ring fire-scar network (NAFSN) provided the basis for a study published last month.
cadence,1,"{""2026"": 1}",1,"In the study, the researchers compared the historical fire cadence with the wildfires recorded over the past few decades, and uncovered a striking shortfall."
uncovered,1,"{""2026"": 1}",1,"In the study, the researchers compared the historical fire cadence with the wildfires recorded over the past few decades, and uncovered a striking shortfall."
shortfall,1,"{""2026"": 1}",1,"In the study, the researchers compared the historical fire cadence with the wildfires recorded over the past few decades, and uncovered a striking shortfall."
quarter,1,"{""2026"": 1}",1,The NAFSN sites experienced less than a quarter of the number of fires that would have been expected without fire suppression.
testament,1,"{""2026"": 1}",1,"This deficit is a testament to the effectiveness of modern firefighting, said Kelly Martin, a past president of the International Association of Wildland Fire."
kelly,1,"{""2026"": 1}",1,"This deficit is a testament to the effectiveness of modern firefighting, said Kelly Martin, a past president of the International Association of Wildland Fire."
wildland,1,"{""2026"": 1}",1,"This deficit is a testament to the effectiveness of modern firefighting, said Kelly Martin, a past president of the International Association of Wildland Fire."
ignite,1,"{""2026"": 1}",0,
smoke,1,"{""2026"": 1}",1,"To prevent entire ecosystems from going up in smoke, Martin said, people must bring healthy fire back to places that need it."
yosemite,1,"{""2026"": 1}",1,"At Yosemite National Park, Martin oversaw the use of what is known as prescribed burns to make the landscape more resilient."
oversaw,1,"{""2026"": 1}",1,"At Yosemite National Park, Martin oversaw the use of what is known as prescribed burns to make the landscape more resilient."
intentionally,1,"{""2026"": 1}",0,
ignited,1,"{""2026"": 1}",0,
fuel,1,"{""2026"": 1}",0,
park's,1,"{""2026"": 1}",0,
tactic,1,"{""2026"": 1}",1,"Yet even as scientists and public officials increasingly agree on the need for more fires in our forests, climate change is making this tactic more challenging, experts said."
double-edged,1,"{""2026"": 1}",0,
gets,1,"{""2026"": 1}",0,
susan,1,"{""2026"": 1}",0,
ecologist,1,"{""2026"": 1}",0,
loud,1,"{""2026"": 1}",0,
noise,1,"{""2026"": 1}",0,
trivial,1,"{""2026"": 1}",0,
quarrel,1,"{""2026"": 1}",0,
humming,1,"{""2026"": 1}",0,
song,1,"{""2026"": 1}",0,
taken,1,"{""2026"": 1}",0,
revive,1,"{""2026"": 1}",0,
adolescents,1,"{""2026"": 1}",0,
scarcity,1,"{""2026"": 1}",0,
precolonial,1,"{""2026"": 1}",0,
diseased,1,"{""2026"": 1}",0,
intensity,1,"{""2026"": 1}",1,Their intensity has vastly fluctuated.
vastly,1,"{""2026"": 1}",1,Their intensity has vastly fluctuated.
fluctuated,1,"{""2026"": 1}",1,Their intensity has vastly fluctuated.
markedly,1,"{""2026"": 1}",1,Their frequency has markedly decreased.
decreased,1,"{""2026"": 1}",1,Their frequency has markedly decreased.
threats,1,"{""2026"": 1}",1,Their threats have been underestimated.
misinterpreted,1,"{""2026"": 1}",1,Their records have been misinterpreted.
tactics,1,"{""2026"": 1}",1,It may render traditional tactics useless.
rewarding,1,"{""2026"": 1}",0,
lectures,1,"{""2026"": 1}",1,"In his Oxford lectures, Seamus Heaney argued that a poem draws a picture of reality, a glimpsed alternative that sets up a contradiction with your own, in ways little and large."
seamus,1,"{""2026"": 1}",1,"In his Oxford lectures, Seamus Heaney argued that a poem draws a picture of reality, a glimpsed alternative that sets up a contradiction with your own, in ways little and large."
heaney,1,"{""2026"": 1}",1,"In his Oxford lectures, Seamus Heaney argued that a poem draws a picture of reality, a glimpsed alternative that sets up a contradiction with your own, in ways little and large."
glimpsed,1,"{""2026"": 1}",1,"In his Oxford lectures, Seamus Heaney argued that a poem draws a picture of reality, a glimpsed alternative that sets up a contradiction with your own, in ways little and large."
contradiction,1,"{""2026"": 1}",1,"In his Oxford lectures, Seamus Heaney argued that a poem draws a picture of reality, a glimpsed alternative that sets up a contradiction with your own, in ways little and large."
negotiation,1,"{""2026"": 1}",1,"The negotiation, between you and it, is the heart of the matter."
conversations,1,"{""2026"": 1}",1,It could be one of the best conversations you ever have.
reads,1,"{""2026"": 1}",1,I have yet to meet a chief executive who reads regularly.
skip,1,"{""2026"": 1}",1,"Many skip newspapers, and magazines are a stretch."
newspapers,1,"{""2026"": 1}",1,"Many skip newspapers, and magazines are a stretch."
magazines,1,"{""2026"": 1}",1,"Many skip newspapers, and magazines are a stretch."
stretch,1,"{""2026"": 1}",1,"Many skip newspapers, and magazines are a stretch."
inefficient,1,"{""2026"": 1}",0,
pinch,1,"{""2026"": 1}",0,
base-level,1,"{""2026"": 1}",0,
nonscientists,1,"{""2026"": 1}",0,
curriculum,1,"{""2026"": 1}",1,"This concept has served as a central goal for curriculum developers, local school boards, business and community leaders, and policymakers ever since its introduction nearly 80 years ago."
leaders,1,"{""2026"": 1}",1,"This concept has served as a central goal for curriculum developers, local school boards, business and community leaders, and policymakers ever since its introduction nearly 80 years ago."
shame,1,"{""2026"": 1}",0,
articulated,1,"{""2026"": 1}",0,
cookbook,1,"{""2026"": 1}",0,
foolproof,1,"{""2026"": 1}",0,
recipe,1,"{""2026"": 1}",0,
crash,1,"{""2026"": 1}",1,"Some are drawn to what I think of as business car crash books — the stories of Theranos, Purdue, or WeWork."
theranos,1,"{""2026"": 1}",1,"Some are drawn to what I think of as business car crash books — the stories of Theranos, Purdue, or WeWork."
purdue,1,"{""2026"": 1}",1,"Some are drawn to what I think of as business car crash books — the stories of Theranos, Purdue, or WeWork."
wework,1,"{""2026"": 1}",1,"Some are drawn to what I think of as business car crash books — the stories of Theranos, Purdue, or WeWork."
pools,1,"{""2026"": 1}",1,"But outside those narrow pools of interest, a vast ocean awaits, bountiful with simmering ideas, mental adventure and imaginative refreshment."
bountiful,1,"{""2026"": 1}",1,"But outside those narrow pools of interest, a vast ocean awaits, bountiful with simmering ideas, mental adventure and imaginative refreshment."
simmering,1,"{""2026"": 1}",1,"But outside those narrow pools of interest, a vast ocean awaits, bountiful with simmering ideas, mental adventure and imaginative refreshment."
adventure,1,"{""2026"": 1}",1,"But outside those narrow pools of interest, a vast ocean awaits, bountiful with simmering ideas, mental adventure and imaginative refreshment."
refreshment,1,"{""2026"": 1}",1,"But outside those narrow pools of interest, a vast ocean awaits, bountiful with simmering ideas, mental adventure and imaginative refreshment."
neuroscientists,1,"{""2026"": 1}",0,
pains,1,"{""2026"": 1}",0,
indulgence,1,"{""2026"": 1}",0,
informed,1,"{""2026"": 1}",1,Reading will keep you better informed about the world but it can also improve our tech-shattered ability to concentrate.
tech-shattered,1,"{""2026"": 1}",1,Reading will keep you better informed about the world but it can also improve our tech-shattered ability to concentrate.
concentrate,1,"{""2026"": 1}",1,Reading will keep you better informed about the world but it can also improve our tech-shattered ability to concentrate.
friends,1,"{""2026"": 1}",1,"Standing in the shoes of others fine tunes our social understanding, useful as we struggle to understand friends, neighbours, customers and co-workers."
neighbours,1,"{""2026"": 1}",1,"Standing in the shoes of others fine tunes our social understanding, useful as we struggle to understand friends, neighbours, customers and co-workers."
co-workers,1,"{""2026"": 1}",1,"Standing in the shoes of others fine tunes our social understanding, useful as we struggle to understand friends, neighbours, customers and co-workers."
rekindled,1,"{""2026"": 1}",1,Our imagination — remember that? — is rekindled.
undoubtedly,1,"{""2026"": 1}",1,"It is undoubtedly true that all work and no play really does make Jack, or Jill, dull."
jack,1,"{""2026"": 1}",1,"It is undoubtedly true that all work and no play really does make Jack, or Jill, dull."
jill,1,"{""2026"": 1}",1,"It is undoubtedly true that all work and no play really does make Jack, or Jill, dull."
cure,1,"{""2026"": 1}",1,The cure is right at hand.
liberate,1,"{""2026"": 1}",1,Liberate your imagination this year.
lucid,1,"{""2026"": 1}",1,"We are living through a golden age of science writing, so lucid and accessible that even lay readers can relish the unpredictability of discovery."
relish,1,"{""2026"": 1}",1,"We are living through a golden age of science writing, so lucid and accessible that even lay readers can relish the unpredictability of discovery."
unpredictability,1,"{""2026"": 1}",1,"We are living through a golden age of science writing, so lucid and accessible that even lay readers can relish the unpredictability of discovery."
daunted,1,"{""2026"": 1}",0,
uncertainty,1,"{""2026"": 1}",0,
witness,1,"{""2026"": 1}",1,"Stand in the shoes of scientists and witness the degree to which breakthroughs emerge from accidents, conflict and sheer mental stamina."
breakthroughs,1,"{""2026"": 1}",1,"Stand in the shoes of scientists and witness the degree to which breakthroughs emerge from accidents, conflict and sheer mental stamina."
accidents,1,"{""2026"": 1}",1,"Stand in the shoes of scientists and witness the degree to which breakthroughs emerge from accidents, conflict and sheer mental stamina."
stamina,1,"{""2026"": 1}",1,"Stand in the shoes of scientists and witness the degree to which breakthroughs emerge from accidents, conflict and sheer mental stamina."
physicist,1,"{""2026"": 1}",1,"We are never sure of anything, says the physicist (and writer) Carlo Rovelli."
writer,1,"{""2026"": 1}",1,"We are never sure of anything, says the physicist (and writer) Carlo Rovelli."
carlo,1,"{""2026"": 1}",1,"We are never sure of anything, says the physicist (and writer) Carlo Rovelli."
rovelli,1,"{""2026"": 1}",1,"We are never sure of anything, says the physicist (and writer) Carlo Rovelli."
dashing,1,"{""2026"": 1}",1,"If, like most business people, you spend your life dashing from office to plane, train to home, boardroom to washroom, what you really need to do is stay in more, sit down — and read a book."
plane,1,"{""2026"": 1}",1,"If, like most business people, you spend your life dashing from office to plane, train to home, boardroom to washroom, what you really need to do is stay in more, sit down — and read a book."
boardroom,1,"{""2026"": 1}",1,"If, like most business people, you spend your life dashing from office to plane, train to home, boardroom to washroom, what you really need to do is stay in more, sit down — and read a book."
washroom,1,"{""2026"": 1}",1,"If, like most business people, you spend your life dashing from office to plane, train to home, boardroom to washroom, what you really need to do is stay in more, sit down — and read a book."
longevity,1,"{""2026"": 1}",1,"Reading has also been found to make us more helpful, to reduce bias, and even to increase longevity — something we will enjoy all the more if we have a good book in our hands. (And yes, all these benefits are more closely associated with physical books than digital ones.) Read fiction."
surrender,1,"{""2026"": 1}",0,
sebastian,1,"{""2026"": 1}",0,
barry,1,"{""2026"": 1}",0,
olga,1,"{""2026"": 1}",0,
tokarczuk,1,"{""2026"": 1}",0,
classic,1,"{""2026"": 1}",0,
woolf,1,"{""2026"": 1}",0,
baldwin,1,"{""2026"": 1}",0,
genre,1,"{""2026"": 1}",0,
stephen,1,"{""2026"": 1}",0,
king,1,"{""2026"": 1}",0,
margaret,1,"{""2026"": 1}",0,
atwood,1,"{""2026"": 1}",0,
georges,1,"{""2026"": 1}",0,
simenon,1,"{""2026"": 1}",0,
invites,1,"{""2026"": 1}",1,Fiction invites you to loiter unseen in the lives of others.
loiter,1,"{""2026"": 1}",1,Fiction invites you to loiter unseen in the lives of others.
muddying,1,"{""2026"": 1}",0,
determining,1,"{""2026"": 1}",0,
appeared,1,"{""2026"": 1}",0,
seemingly,1,"{""2026"": 1}",0,
fate,1,"{""2026"": 1}",0,
nontechnical,1,"{""2026"": 1}",0,
originated,1,"{""2026"": 1}",0,
nonscience,1,"{""2026"": 1}",1,"The development in 1915 of the popular new subject general science was another effort to train students to apply the principles of science to everyday, nonscience problems."
nonscience-bound,1,"{""2026"": 1}",1,"Although these efforts were aimed at the nonscience-bound student, they never really made their way into mainstream thought and public discourse as a means to rally widespread support for the importance of science teaching in schools."
mainstream,1,"{""2026"": 1}",1,"Although these efforts were aimed at the nonscience-bound student, they never really made their way into mainstream thought and public discourse as a means to rally widespread support for the importance of science teaching in schools."
discourse,1,"{""2026"": 1}",1,"Although these efforts were aimed at the nonscience-bound student, they never really made their way into mainstream thought and public discourse as a means to rally widespread support for the importance of science teaching in schools."
rally,1,"{""2026"": 1}",1,"Although these efforts were aimed at the nonscience-bound student, they never really made their way into mainstream thought and public discourse as a means to rally widespread support for the importance of science teaching in schools."
widespread,1,"{""2026"": 1}",1,"Although these efforts were aimed at the nonscience-bound student, they never really made their way into mainstream thought and public discourse as a means to rally widespread support for the importance of science teaching in schools."
unfolded,1,"{""2026"": 1}",1,"As the war unfolded, science rapidly assumed a central role."
assumed,1,"{""2026"": 1}",1,"As the war unfolded, science rapidly assumed a central role."
depended,1,"{""2026"": 1}",1,Battles increasingly depended on new military technologies such as radar and the proximity fuze.
military,1,"{""2026"": 1}",1,Battles increasingly depended on new military technologies such as radar and the proximity fuze.
radar,1,"{""2026"": 1}",1,Battles increasingly depended on new military technologies such as radar and the proximity fuze.
proximity,1,"{""2026"": 1}",1,Battles increasingly depended on new military technologies such as radar and the proximity fuze.
fuze,1,"{""2026"": 1}",1,Battles increasingly depended on new military technologies such as radar and the proximity fuze.
analytical,1,"{""2026"": 1}",1,Science-based analytical approaches proved remarkably successful in the hunt for German submarines in the Atlantic Ocean.
remarkably,1,"{""2026"": 1}",1,Science-based analytical approaches proved remarkably successful in the hunt for German submarines in the Atlantic Ocean.
submarines,1,"{""2026"": 1}",1,Science-based analytical approaches proved remarkably successful in the hunt for German submarines in the Atlantic Ocean.
atlantic,1,"{""2026"": 1}",1,Science-based analytical approaches proved remarkably successful in the hunt for German submarines in the Atlantic Ocean.
then-secret,1,"{""2026"": 1}",0,
atomic,1,"{""2026"": 1}",0,
physicists,1,"{""2026"": 1}",1,"As a result, scientists — physicists in particular — found themselves in high demand."
moved,1,"{""2026"": 1}",0,
handwritten,1,"{""2026"": 1}",0,
posted,1,"{""2026"": 1}",0,
yesterday,1,"{""2026"": 1}",0,
somewhere,1,"{""2026"": 1}",1,And are they currently on public display somewhere?
memorizing,1,"{""2026"": 1}",1,"A return to that version of scientific literacy, which focused more on teaching what science is and how it works and less on memorizing scientific facts, seems like something society today desperately needs."
desperately,1,"{""2026"": 1}",1,"A return to that version of scientific literacy, which focused more on teaching what science is and how it works and less on memorizing scientific facts, seems like something society today desperately needs."
detailed,1,"{""2026"": 1}",1,Educators advanced the idea of having students complete detailed laboratory exercises in high schools in the belief that such work was beneficial primarily as a way to enhance logical reasoning and observational skills.
exercises,1,"{""2026"": 1}",1,Educators advanced the idea of having students complete detailed laboratory exercises in high schools in the belief that such work was beneficial primarily as a way to enhance logical reasoning and observational skills.
observational,1,"{""2026"": 1}",1,Educators advanced the idea of having students complete detailed laboratory exercises in high schools in the belief that such work was beneficial primarily as a way to enhance logical reasoning and observational skills.
slogan,1,"{""2026"": 1}",0,
deficiencies,1,"{""2026"": 1}",0,
soldiers,1,"{""2026"": 1}",0,
